bridging-capital-weight,innovation-diffusion-rate,policy-effectiveness,cultural-diffusion-rate,Obj_Innov_Neg,Obj_Div_Neg,Obj_Gini,Generation
0.5699991476659645,0.12914020296097073,0.7233406440863501,0.34033537998978036,-88988.53126918199,-0.8779002772773069,0.15261988721495287,1
0.1809171394037925,0.023631696699292683,0.24273439553436815,0.004091708060715349,-258013.57351004545,-0.9844068904668145,0.17051623110077607,1
0.8583297869224262,0.10675706438192678,0.4344585909891222,0.09359628325212183,-161460.68053981801,-0.8713770909075412,0.1478895210550703,1
0.36671955042587934,0.1591139544644926,0.010907046727330783,0.24013851946592157,-345194.20138604176,-0.9009803207848023,0.17964905032582748,1
0.9658762082517207,0.13864015544418384,0.9754580945429197,0.25864836910720684,-123023.37900402118,-0.9390259435126009,0.15509286623600002,1
0.52487465588629,0.02358857475630867,0.3318013886465613,0.1362082167976782,-13859.504652525902,-0.9405921055017062,0.1567373441855591,1
0.712622939283032,0.017716711277764197,0.3818441536191586,0.011947413067721235,-148296.12328080836,-0.9705444024940393,0.1673373455294794,1
0.7180839738379233,0.09674049618212331,0.9802304834339034,0.3806573338635493,-80244.68879198623,-0.789681051108249,0.14191312111286702,1
0.62755658516776,0.17665676047577245,0.799860475035343,0.27697139430438655,-118412.51703090446,-0.7690505915323672,0.1477814863488674,1
0.8705216043587283,0.08184093639456091,0.06721708538654148,0.07057428505775432,-321404.54393512313,-0.8654208010028329,0.16745629819476046,1
0.02770939779749837,0.12742930670593094,0.876907942711342,0.0828195278819489,-221540.5501107004,-0.8578452418294512,0.15226867035520955,1
0.9203231060767371,0.004050956593007071,0.7619480690298753,0.1581871305504075,-140605.33452431494,-0.8721908549954017,0.1555438539166006,1
0.41920283036134887,0.11356321980912797,0.6986276702569919,0.01569818248780419,-167902.75168711253,-0.9648393494995631,0.157332229399658,1
0.9421326930059516,0.11822564947724389,0.13539991182696032,0.04408109497819174,-308949.0180063429,-0.9582176392988971,0.1594723481978436,1
0.7080075715980964,0.04270854820064625,0.28545202675969483,0.4238393312496029,-310932.7762887431,-0.7476673357623002,0.15641497435713714,1
0.2229805152974853,0.09216811542607833,0.6205783678434121,0.08000540537909823,-198135.2233292194,-0.9018099595956687,0.1562560157029431,1
0.2249283601181391,0.04602061925936718,0.9540995304725521,0.16799780511738693,-372783.63489501487,-0.8039201716722087,0.15727066151032057,1
0.6802750247797934,0.14684518002559746,0.3851524924890002,0.2649978488047274,-252076.48933505252,-0.8315964705925083,0.15882776410368502,1
0.8698608377043515,0.017379679374159695,0.4785215592800657,0.4188949175872848,-221269.39373516676,-0.710747152254621,0.15285291874372178,1
0.23385566353262288,0.0522251028943495,0.3226827548432427,0.37726048517953,-114911.93469686243,-0.7316506364748823,0.15268277165609365,1
0.46157858761444637,0.014878128268395253,0.8600214078203516,0.21014720161035055,-170359.49967801326,-0.742616781805879,0.15299668098290542,1
0.27732363524993464,0.13627564199617476,0.54521059132747,0.2635575199580866,-128043.78007476793,-0.8423274181803325,0.1555088398530452,1
0.17092751226360747,0.09877915068504346,0.7114025037967138,0.2584066116098617,-138112.61436118625,-0.8273147455852982,0.1538091674723675,1
0.738996064497873,0.18846807727963594,0.2695668491841957,0.026338543535518066,-94362.36307234866,-0.9419363699518141,0.15796809184061864,1
0.5097879964582102,0.009669196418359262,0.613257166625448,0.20416061240333522,-280671.8960275867,-0.8752955741687015,0.16526486471945537,1
0.997486261159769,0.03937905300224731,0.8878846240944,0.32392337770245533,-213724.57165156226,-0.8467743291143955,0.16168753886725568,1
0.007759622340355432,0.14942213622453515,0.9678785609421353,0.14504970724039634,-133301.9237265459,-0.859917603008864,0.16481967871642544,1
0.2254134060483154,0.05237764635505933,0.5624738822779903,0.1957475112882488,-108953.64085859038,-0.8966728338203428,0.16133667181344027,1
0.3853047099483248,0.028421772807995762,0.22257253997204407,0.39690646324701323,-297188.42993380973,-0.7416923998836519,0.15936051671435994,1
0.9127682921341204,0.09019433831345758,0.06670973655468815,0.4995247757953638,-236245.30211412782,-0.7471630591640329,0.15767541719853984,1
0.039268590594816466,0.02250776426029746,0.29084537983917336,0.45149650091806304,-246251.25308560408,-0.7788920204542317,0.16250167310693275,1
0.09081082270942054,0.10745938792103958,0.6779340356425098,0.3700902988130785,-95554.7651368967,-0.8122971207084081,0.15401361749871648,1
0.18110505614124406,0.030033863228567784,0.43567937114395827,0.19263627632504482,-166144.94704026732,-0.8532808664409727,0.1668617081549407,1
0.20021216458487412,0.02692669174024667,0.21359356064866952,0.48657782692148177,-266306.2253574406,-0.8129437367667028,0.16859175417258845,1
0.11475466922164179,0.08916451587262408,0.278452305000064,0.1052110649461887,-226927.50257299314,-0.873295288813244,0.1690465998982221,1
0.2487559093571018,0.032613356637271294,0.7836432556412277,0.4042616944207394,-67831.79691064415,-0.8228914259454797,0.16219500491065508,1
0.3651091074306515,0.1591569358312167,0.08977682631740114,0.3304664762589812,-92215.81283160503,-0.8422047598523665,0.16460327348077236,1
0.09681013063787913,0.025614588880073466,0.8192242079392031,0.301692892129778,-173811.44493926346,-0.7020668357771226,0.15863318645777394,1
0.9285056910725067,0.13004867681319557,0.5628513822256092,0.2680800003027716,-215405.9706426695,-0.7337473587623581,0.15960127388086376,1
0.6256284278232959,0.12082272665508478,0.8857019031149136,0.3795587339164916,-228555.17568040465,-0.7755715051706679,0.16852862583835992,1
0.36006849771133487,0.02920834906123322,0.5427230570313438,0.4285517188740121,-211790.25338409073,-0.7442373948077384,0.16660504911042415,1
0.6294863094338877,0.1009271071114109,0.5223094682547949,0.31421877567956047,-205083.2437419356,-0.7441903122469853,0.1663808140191281,1
0.5757098698077493,0.029218138891326653,0.6865930187051551,0.23440200253061438,-150545.86635783216,-0.8440557554167598,0.16902632330537024,1
0.28827597995581733,0.12543346621791873,0.35570587151583355,0.36472770718584085,-117549.59221173561,-0.7891276301486646,0.16845384153605014,1
0.08452374221941394,0.19816215524325287,0.14896651001342331,0.437676981074222,-207852.08513797694,-0.6937350284039668,0.16369623965088945,1
0.5249212660689055,0.13034044655227986,0.371040855949764,0.49306389794541133,-117078.20065491495,-0.7028644814012369,0.1607741127142758,1
0.007724887406071357,0.15151349289167337,0.20161453131462692,0.3701851251343514,-106568.82242581947,-0.7051642598405383,0.1665844270689509,1
0.11340585243389445,0.09066808875295432,0.05127701682742358,0.19937214968256417,-100478.95896571805,-0.8055766143653916,0.17344598418397042,1
0.17803467095724324,0.11885250357553719,0.04262962777106849,0.3266952736948691,-88119.6356208613,-0.7469019535748912,0.17309610059342465,1
0.5569882332680919,0.18847799062452966,0.15354563302164526,0.44811279644300306,-183663.70595629097,-0.6692963915060881,0.1657377474563857,1
0.5699991476659645,0.12914020296097073,0.7233406440863501,0.34033537998978036,-88988.53126918199,-0.8779002772773069,0.15261988721495287,2
0.1809171394037925,0.023631696699292683,0.24273439553436815,0.004091708060715349,-258013.57351004545,-0.9844068904668145,0.17051623110077607,2
0.8583297869224262,0.10675706438192678,0.4344585909891222,0.09359628325212183,-161460.68053981801,-0.8713770909075412,0.1478895210550703,2
0.36671955042587934,0.1591139544644926,0.010907046727330783,0.24013851946592157,-345194.20138604176,-0.9009803207848023,0.17964905032582748,2
0.9658762082517207,0.13864015544418384,0.9754580945429197,0.25864836910720684,-123023.37900402118,-0.9390259435126009,0.15509286623600002,2
0.52487465588629,0.02358857475630867,0.3318013886465613,0.1362082167976782,-13859.504652525902,-0.9405921055017062,0.1567373441855591,2
0.712622939283032,0.017716711277764197,0.3818441536191586,0.011947413067721235,-148296.12328080836,-0.9705444024940393,0.1673373455294794,2
0.7180839738379233,0.09674049618212331,0.9802304834339034,0.3806573338635493,-80244.68879198623,-0.789681051108249,0.14191312111286702,2
0.02770939779749837,0.12742930670593094,0.876907942711342,0.0828195278819489,-221540.5501107004,-0.8578452418294512,0.15226867035520955,2
0.41920283036134887,0.11356321980912797,0.6986276702569919,0.01569818248780419,-167902.75168711253,-0.9648393494995631,0.157332229399658,2
0.9421326930059516,0.11822564947724389,0.13539991182696032,0.04408109497819174,-308949.0180063429,-0.9582176392988971,0.1594723481978436,2
0.2229805152974853,0.09216811542607833,0.6205783678434121,0.08000540537909823,-198135.2233292194,-0.9018099595956687,0.1562560157029431,2
0.2249283601181391,0.04602061925936718,0.9540995304725521,0.16799780511738693,-372783.63489501487,-0.8039201716722087,0.15727066151032057,2
0.589252821455732,0.10046583645476008,0.7114025037967138,0.23005287193148155,-333321.31426555006,-0.8012183901267713,0.1475719441993513,2
0.46157858761444637,0.014469148764885394,0.8600214078203516,0.1539936621396037,-369946.9211931901,-0.8765643894652838,0.15968871777073743,2
0.5097879964582102,0.009669196418359262,0.9679997926346381,0.22401149041987933,-342482.0079154858,-0.8742385118894912,0.1524778275091647,2
0.52487465588629,0.02358857475630867,0.3420581671973376,0.1362082167976782,-64097.238612146466,-0.8490599617731043,0.147513025713317,2
0.738996064497873,0.18846807727963594,0.2695668491841957,0.026338543535518066,-94362.36307234866,-0.9419363699518141,0.15796809184061864,2
0.3859974517334557,0.1591139544644926,0.010907046727330783,0.017252390843737794,-88425.80232233934,-0.9583356812856522,0.16147518790025497,2
0.41920283036134887,0.11356321980912797,0.6986276702569919,0.23757940347385115,-286794.6352434454,-0.9240482382621974,0.16383168634528775,2
0.2254134060483154,0.05237764635505933,0.5624738822779903,0.1957475112882488,-108953.64085859038,-0.8966728338203428,0.16133667181344027,2
0.62755658516776,0.17665676047577245,0.799860475035343,0.27697139430438655,-118412.51703090446,-0.7690505915323672,0.1477814863488674,2
0.8705216043587283,0.08184093639456091,0.06721708538654148,0.07057428505775432,-321404.54393512313,-0.8654208010028329,0.16745629819476046,2
0.9203231060767371,0.004050956593007071,0.7619480690298753,0.1581871305504075,-140605.33452431494,-0.8721908549954017,0.1555438539166006,2
0.7080075715980964,0.04270854820064625,0.28545202675969483,0.4238393312496029,-310932.7762887431,-0.7476673357623002,0.15641497435713714,2
0.6802750247797934,0.14684518002559746,0.3851524924890002,0.2649978488047274,-252076.48933505252,-0.8315964705925083,0.15882776410368502,2
0.8698608377043515,0.017379679374159695,0.4785215592800657,0.4188949175872848,-221269.39373516676,-0.710747152254621,0.15285291874372178,2
0.46157858761444637,0.014878128268395253,0.8600214078203516,0.21014720161035055,-170359.49967801326,-0.742616781805879,0.15299668098290542,2
0.27732363524993464,0.13627564199617476,0.54521059132747,0.2635575199580866,-128043.78007476793,-0.8423274181803325,0.1555088398530452,2
0.17092751226360747,0.09877915068504346,0.7114025037967138,0.2584066116098617,-138112.61436118625,-0.8273147455852982,0.1538091674723675,2
0.997486261159769,0.03937905300224731,0.8878846240944,0.32392337770245533,-213724.57165156226,-0.8467743291143955,0.16168753886725568,2
0.2249283601181391,0.04602061925936718,0.530141367016683,0.16799780511738693,-184809.75368924774,-0.8190333055465401,0.15410254832820536,2
0.5097879964582102,0.009669196418359262,0.613257166625448,0.20416061240333522,-280671.8960275867,-0.8752955741687015,0.16526486471945537,2
0.23385566353262288,0.0522251028943495,0.3226827548432427,0.37726048517953,-114911.93469686243,-0.7316506364748823,0.15268277165609365,2
0.007759622340355432,0.14942213622453515,0.9678785609421353,0.14504970724039634,-133301.9237265459,-0.859917603008864,0.16481967871642544,2
0.3853047099483248,0.028421772807995762,0.22257253997204407,0.39690646324701323,-297188.42993380973,-0.7416923998836519,0.15936051671435994,2
0.9127682921341204,0.09019433831345758,0.06670973655468815,0.4995247757953638,-236245.30211412782,-0.7471630591640329,0.15767541719853984,2
0.039268590594816466,0.022503616297919977,0.29084537983917336,0.4541467486725288,-280475.50620509376,-0.7336336882902975,0.15855702700176352,2
0.039268590594816466,0.02250776426029746,0.29084537983917336,0.45149650091806304,-246251.25308560408,-0.7788920204542317,0.16250167310693275,2
0.09081082270942054,0.10745938792103958,0.6779340356425098,0.3700902988130785,-95554.7651368967,-0.8122971207084081,0.15401361749871648,2
0.2487559093571018,0.032613356637271294,0.7836432556412277,0.4042616944207394,-67831.79691064415,-0.8228914259454797,0.16219500491065508,2
0.3651091074306515,0.1591569358312167,0.08977682631740114,0.3304664762589812,-92215.81283160503,-0.8422047598523665,0.16460327348077236,2
0.18110505614124406,0.030033863228567784,0.43567937114395827,0.19263627632504482,-166144.94704026732,-0.8532808664409727,0.1668617081549407,2
0.20021216458487412,0.02692669174024667,0.21359356064866952,0.48657782692148177,-266306.2253574406,-0.8129437367667028,0.16859175417258845,2
0.11475466922164179,0.08916451587262408,0.278452305000064,0.1052110649461887,-226927.50257299314,-0.873295288813244,0.1690465998982221,2
0.9285056910725067,0.13004867681319557,0.5628513822256092,0.2680800003027716,-215405.9706426695,-0.7337473587623581,0.15960127388086376,2
0.09681013063787913,0.025614588880073466,0.8192242079392031,0.301692892129778,-173811.44493926346,-0.7020668357771226,0.15863318645777394,2
0.6256284278232959,0.12082272665508478,0.8857019031149136,0.3795587339164916,-228555.17568040465,-0.7755715051706679,0.16852862583835992,2
0.36006849771133487,0.02920834906123322,0.5427230570313438,0.4285517188740121,-211790.25338409073,-0.7442373948077384,0.16660504911042415,2
0.6294863094338877,0.1009271071114109,0.5223094682547949,0.31421877567956047,-205083.2437419356,-0.7441903122469853,0.1663808140191281,2
0.5699991476659645,0.12914020296097073,0.7233406440863501,0.34033537998978036,-88988.53126918199,-0.8779002772773069,0.15261988721495287,3
0.1809171394037925,0.023631696699292683,0.24273439553436815,0.004091708060715349,-258013.57351004545,-0.9844068904668145,0.17051623110077607,3
0.8583297869224262,0.10675706438192678,0.4344585909891222,0.09359628325212183,-161460.68053981801,-0.8713770909075412,0.1478895210550703,3
0.36671955042587934,0.1591139544644926,0.010907046727330783,0.24013851946592157,-345194.20138604176,-0.9009803207848023,0.17964905032582748,3
0.9658762082517207,0.13864015544418384,0.9754580945429197,0.25864836910720684,-123023.37900402118,-0.9390259435126009,0.15509286623600002,3
0.52487465588629,0.02358857475630867,0.3318013886465613,0.1362082167976782,-13859.504652525902,-0.9405921055017062,0.1567373441855591,3
0.712622939283032,0.017716711277764197,0.3818441536191586,0.011947413067721235,-148296.12328080836,-0.9705444024940393,0.1673373455294794,3
0.7180839738379233,0.09674049618212331,0.9802304834339034,0.3806573338635493,-80244.68879198623,-0.789681051108249,0.14191312111286702,3
0.02770939779749837,0.12742930670593094,0.876907942711342,0.0828195278819489,-221540.5501107004,-0.8578452418294512,0.15226867035520955,3
0.41920283036134887,0.11356321980912797,0.6986276702569919,0.01569818248780419,-167902.75168711253,-0.9648393494995631,0.157332229399658,3
0.9421326930059516,0.11822564947724389,0.13539991182696032,0.04408109497819174,-308949.0180063429,-0.9582176392988971,0.1594723481978436,3
0.2229805152974853,0.09216811542607833,0.6205783678434121,0.08000540537909823,-198135.2233292194,-0.9018099595956687,0.1562560157029431,3
0.2249283601181391,0.04602061925936718,0.9540995304725521,0.16799780511738693,-372783.63489501487,-0.8039201716722087,0.15727066151032057,3
0.589252821455732,0.10046583645476008,0.7114025037967138,0.23005287193148155,-333321.31426555006,-0.8012183901267713,0.1475719441993513,3
0.46157858761444637,0.014469148764885394,0.8600214078203516,0.1539936621396037,-369946.9211931901,-0.8765643894652838,0.15968871777073743,3
0.5097879964582102,0.009669196418359262,0.9679997926346381,0.22401149041987933,-342482.0079154858,-0.8742385118894912,0.1524778275091647,3
0.52487465588629,0.02358857475630867,0.3420581671973376,0.1362082167976782,-64097.238612146466,-0.8490599617731043,0.147513025713317,3
0.217770512798394,0.02463903061143976,0.8257010247346933,0.3072416203634864,-217946.33426238896,-0.8821583091665572,0.1593031532225146,3
0.3859974517334557,0.0145077321284172,0.322710733574597,0.017252390843737794,-182880.49332321968,-0.9621331020459248,0.16584504071133851,3
0.9861238163473314,0.0909323386502775,0.24273439553436815,0.004091708060715349,-263524.5293578538,-0.9836665803143089,0.17062392691261796,3
0.738996064497873,0.18846807727963594,0.2695668491841957,0.026338543535518066,-94362.36307234866,-0.9419363699518141,0.15796809184061864,3
0.3859974517334557,0.1591139544644926,0.010907046727330783,0.017252390843737794,-88425.80232233934,-0.9583356812856522,0.16147518790025497,3
0.006289807298979655,0.14942213622453515,0.4150300394864117,0.1355980766723711,-91513.83113984029,-0.9537176898597713,0.1589992820421515,3
0.41920283036134887,0.11356321980912797,0.6986276702569919,0.23757940347385115,-286794.6352434454,-0.9240482382621974,0.16383168634528775,3
0.1044530246216945,0.05335320470936049,0.4123993949923921,0.19019878305458424,-223994.66801658447,-0.9043806581599031,0.16062448363667514,3
0.62755658516776,0.17665676047577245,0.799860475035343,0.27697139430438655,-118412.51703090446,-0.7690505915323672,0.1477814863488674,3
0.8705216043587283,0.08184093639456091,0.06721708538654148,0.07057428505775432,-321404.54393512313,-0.8654208010028329,0.16745629819476046,3
0.9203231060767371,0.004050956593007071,0.7619480690298753,0.1581871305504075,-140605.33452431494,-0.8721908549954017,0.1555438539166006,3
0.7080075715980964,0.04270854820064625,0.28545202675969483,0.4238393312496029,-310932.7762887431,-0.7476673357623002,0.15641497435713714,3
0.6802750247797934,0.14684518002559746,0.3851524924890002,0.2649978488047274,-252076.48933505252,-0.8315964705925083,0.15882776410368502,3
0.8698608377043515,0.017379679374159695,0.4785215592800657,0.4188949175872848,-221269.39373516676,-0.710747152254621,0.15285291874372178,3
0.46157858761444637,0.014878128268395253,0.8600214078203516,0.21014720161035055,-170359.49967801326,-0.742616781805879,0.15299668098290542,3
0.27732363524993464,0.13627564199617476,0.54521059132747,0.2635575199580866,-128043.78007476793,-0.8423274181803325,0.1555088398530452,3
0.17092751226360747,0.09877915068504346,0.7114025037967138,0.2584066116098617,-138112.61436118625,-0.8273147455852982,0.1538091674723675,3
0.2249283601181391,0.04602061925936718,0.530141367016683,0.16799780511738693,-184809.75368924774,-0.8190333055465401,0.15410254832820536,3
0.5097879964582102,0.009669196418359262,0.613257166625448,0.20416061240333522,-280671.8960275867,-0.8752955741687015,0.16526486471945537,3
0.2254134060483154,0.05237764635505933,0.5624738822779903,0.1957475112882488,-108953.64085859038,-0.8966728338203428,0.16133667181344027,3
0.997486261159769,0.03937905300224731,0.8878846240944,0.32392337770245533,-213724.57165156226,-0.8467743291143955,0.16168753886725568,3
0.23385566353262288,0.0522251028943495,0.3226827548432427,0.37726048517953,-114911.93469686243,-0.7316506364748823,0.15268277165609365,3
0.6802750247797934,0.14684518002559746,0.9502738674034071,0.2620871061237351,-300682.08465527353,-0.859320826634952,0.17633552237682273,3
0.007759622340355432,0.14942213622453515,0.9678785609421353,0.14504970724039634,-133301.9237265459,-0.859917603008864,0.16481967871642544,3
0.3853047099483248,0.028421772807995762,0.22257253997204407,0.39690646324701323,-297188.42993380973,-0.7416923998836519,0.15936051671435994,3
0.9127682921341204,0.09019433831345758,0.06670973655468815,0.4995247757953638,-236245.30211412782,-0.7471630591640329,0.15767541719853984,3
0.039268590594816466,0.022503616297919977,0.29084537983917336,0.4541467486725288,-280475.50620509376,-0.7336336882902975,0.15855702700176352,3
0.039268590594816466,0.02250776426029746,0.29084537983917336,0.45149650091806304,-246251.25308560408,-0.7788920204542317,0.16250167310693275,3
0.09081082270942054,0.10745938792103958,0.6779340356425098,0.3700902988130785,-95554.7651368967,-0.8122971207084081,0.15401361749871648,3
0.52487465588629,0.15849701455129056,0.021801716061302462,0.1362082167976782,-290963.5112172867,-0.82995340086106,0.17889150557695752,3
0.2487559093571018,0.032613356637271294,0.7836432556412277,0.4042616944207394,-67831.79691064415,-0.8228914259454797,0.16219500491065508,3
0.35484724996897765,0.022265368588440977,0.22189206336765308,0.39690646324701323,-91390.90948873186,-0.7395324771732817,0.1544582531722428,3
0.11475466922164179,0.08916451587262408,0.278452305000064,0.1052110649461887,-226927.50257299314,-0.873295288813244,0.1690465998982221,3
0.5699991476659645,0.12914020296097073,0.7233406440863501,0.34033537998978036,-88988.53126918199,-0.8779002772773069,0.15261988721495287,4
0.1809171394037925,0.023631696699292683,0.24273439553436815,0.004091708060715349,-258013.57351004545,-0.9844068904668145,0.17051623110077607,4
0.8583297869224262,0.10675706438192678,0.4344585909891222,0.09359628325212183,-161460.68053981801,-0.8713770909075412,0.1478895210550703,4
0.36671955042587934,0.1591139544644926,0.010907046727330783,0.24013851946592157,-345194.20138604176,-0.9009803207848023,0.17964905032582748,4
0.9658762082517207,0.13864015544418384,0.9754580945429197,0.25864836910720684,-123023.37900402118,-0.9390259435126009,0.15509286623600002,4
0.52487465588629,0.02358857475630867,0.3318013886465613,0.1362082167976782,-13859.504652525902,-0.9405921055017062,0.1567373441855591,4
0.712622939283032,0.017716711277764197,0.3818441536191586,0.011947413067721235,-148296.12328080836,-0.9705444024940393,0.1673373455294794,4
0.7180839738379233,0.09674049618212331,0.9802304834339034,0.3806573338635493,-80244.68879198623,-0.789681051108249,0.14191312111286702,4
0.02770939779749837,0.12742930670593094,0.876907942711342,0.0828195278819489,-221540.5501107004,-0.8578452418294512,0.15226867035520955,4
0.41920283036134887,0.11356321980912797,0.6986276702569919,0.01569818248780419,-167902.75168711253,-0.9648393494995631,0.157332229399658,4
0.9421326930059516,0.11822564947724389,0.13539991182696032,0.04408109497819174,-308949.0180063429,-0.9582176392988971,0.1594723481978436,4
0.2229805152974853,0.09216811542607833,0.6205783678434121,0.08000540537909823,-198135.2233292194,-0.9018099595956687,0.1562560157029431,4
0.2249283601181391,0.04602061925936718,0.9540995304725521,0.16799780511738693,-372783.63489501487,-0.8039201716722087,0.15727066151032057,4
0.589252821455732,0.10046583645476008,0.7114025037967138,0.23005287193148155,-333321.31426555006,-0.8012183901267713,0.1475719441993513,4
0.46157858761444637,0.014469148764885394,0.8600214078203516,0.1539936621396037,-369946.9211931901,-0.8765643894652838,0.15968871777073743,4
0.5097879964582102,0.009669196418359262,0.9679997926346381,0.22401149041987933,-342482.0079154858,-0.8742385118894912,0.1524778275091647,4
0.3859974517334557,0.0145077321284172,0.322710733574597,0.017252390843737794,-182880.49332321968,-0.9621331020459248,0.16584504071133851,4
0.9861238163473314,0.0909323386502775,0.24273439553436815,0.004091708060715349,-263524.5293578538,-0.9836665803143089,0.17062392691261796,4
0.2229805152974853,0.09460171788399538,0.6205783678434121,0.08000540537909823,-322492.9109098098,-0.9340056197142115,0.15787941910729034,4
0.15662618851822518,0.05930644909574178,0.9915474959123731,0.16799780511738693,-212015.10914334012,-0.8553600603426753,0.14671666961613586,4
0.738996064497873,0.18846807727963594,0.2695668491841957,0.026338543535518066,-94362.36307234866,-0.9419363699518141,0.15796809184061864,4
0.3859974517334557,0.1591139544644926,0.010907046727330783,0.017252390843737794,-88425.80232233934,-0.9583356812856522,0.16147518790025497,4
0.006289807298979655,0.14942213622453515,0.4150300394864117,0.1355980766723711,-91513.83113984029,-0.9537176898597713,0.1589992820421515,4
0.5256671982347982,0.15406074061241842,0.04606166663467015,0.13387007166123716,-354368.5830385937,-0.809874542260603,0.17045147560531274,4
0.9203231060767371,0.004050956593007071,0.7619480690298753,0.1581871305504075,-140605.33452431494,-0.8721908549954017,0.1555438539166006,4
0.7080075715980964,0.04270854820064625,0.28545202675969483,0.4238393312496029,-310932.7762887431,-0.7476673357623002,0.15641497435713714,4
0.8698608377043515,0.017379679374159695,0.4785215592800657,0.4188949175872848,-221269.39373516676,-0.710747152254621,0.15285291874372178,4
0.217770512798394,0.02463903061143976,0.8257010247346933,0.3072416203634864,-217946.33426238896,-0.8821583091665572,0.1593031532225146,4
0.41920283036134887,0.11356321980912797,0.6986276702569919,0.23757940347385115,-286794.6352434454,-0.9240482382621974,0.16383168634528775,4
0.1044530246216945,0.05335320470936049,0.4123993949923921,0.19019878305458424,-223994.66801658447,-0.9043806581599031,0.16062448363667514,4
0.8705216043587283,0.08184093639456091,0.06721708538654148,0.07057428505775432,-321404.54393512313,-0.8654208010028329,0.16745629819476046,4
0.6802750247797934,0.14684518002559746,0.3851524924890002,0.2649978488047274,-252076.48933505252,-0.8315964705925083,0.15882776410368502,4
0.52487465588629,0.02358857475630867,0.3420581671973376,0.1362082167976782,-64097.238612146466,-0.8490599617731043,0.147513025713317,4
0.62755658516776,0.17665676047577245,0.799860475035343,0.27697139430438655,-118412.51703090446,-0.7690505915323672,0.1477814863488674,4
0.46157858761444637,0.014878128268395253,0.8600214078203516,0.21014720161035055,-170359.49967801326,-0.742616781805879,0.15299668098290542,4
0.27732363524993464,0.13627564199617476,0.54521059132747,0.2635575199580866,-128043.78007476793,-0.8423274181803325,0.1555088398530452,4
0.17092751226360747,0.09877915068504346,0.7114025037967138,0.2584066116098617,-138112.61436118625,-0.8273147455852982,0.1538091674723675,4
0.2249283601181391,0.04602061925936718,0.530141367016683,0.16799780511738693,-184809.75368924774,-0.8190333055465401,0.15410254832820536,4
0.6802750247797934,0.14684518002559746,0.9502738674034071,0.2620871061237351,-300682.08465527353,-0.859320826634952,0.17633552237682273,4
0.09081082270942054,0.10745938792103958,0.6779340356425098,0.3700902988130785,-95554.7651368967,-0.8122971207084081,0.15401361749871648,4
0.2254134060483154,0.05237764635505933,0.5624738822779903,0.1957475112882488,-108953.64085859038,-0.8966728338203428,0.16133667181344027,4
0.7083243083158136,0.05398623478177206,0.2928601028344532,0.42799094832768075,-189734.0629747134,-0.6657075745332489,0.15462697795455235,4
0.23385566353262288,0.0522251028943495,0.3226827548432427,0.37726048517953,-114911.93469686243,-0.7316506364748823,0.15268277165609365,4
0.11475466922164179,0.09070749222050553,0.2623850534143807,0.09600403807912078,-232621.36009123502,-0.8888183022148056,0.16581735337920234,4
0.039268590594816466,0.02250776426029746,0.29084537983917336,0.45149650091806304,-246251.25308560408,-0.7788920204542317,0.16250167310693275,4
0.997486261159769,0.03937905300224731,0.8878846240944,0.32392337770245533,-213724.57165156226,-0.8467743291143955,0.16168753886725568,4
0.7172914314884455,0.10117676912668362,0.955342854820588,0.3829953979963414,-148850.36363782143,-0.787041073574258,0.15805674749216728,4
0.9127682921341204,0.09019433831345758,0.06670973655468815,0.4995247757953638,-236245.30211412782,-0.7471630591640329,0.15767541719853984,4
0.007759622340355432,0.14942213622453515,0.9678785609421353,0.14504970724039634,-133301.9237265459,-0.859917603008864,0.16481967871642544,4
0.3853047099483248,0.028421772807995762,0.22257253997204407,0.39690646324701323,-297188.42993380973,-0.7416923998836519,0.15936051671435994,4
0.1809171394037925,0.023631696699292683,0.24273439553436815,0.004091708060715349,-258013.57351004545,-0.9844068904668145,0.17051623110077607,5
0.36671955042587934,0.1591139544644926,0.010907046727330783,0.24013851946592157,-345194.20138604176,-0.9009803207848023,0.17964905032582748,5
0.9658762082517207,0.13864015544418384,0.9754580945429197,0.25864836910720684,-123023.37900402118,-0.9390259435126009,0.15509286623600002,5
0.52487465588629,0.02358857475630867,0.3318013886465613,0.1362082167976782,-13859.504652525902,-0.9405921055017062,0.1567373441855591,5
0.712622939283032,0.017716711277764197,0.3818441536191586,0.011947413067721235,-148296.12328080836,-0.9705444024940393,0.1673373455294794,5
0.7180839738379233,0.09674049618212331,0.9802304834339034,0.3806573338635493,-80244.68879198623,-0.789681051108249,0.14191312111286702,5
0.41920283036134887,0.11356321980912797,0.6986276702569919,0.01569818248780419,-167902.75168711253,-0.9648393494995631,0.157332229399658,5
0.9421326930059516,0.11822564947724389,0.13539991182696032,0.04408109497819174,-308949.0180063429,-0.9582176392988971,0.1594723481978436,5
0.2229805152974853,0.09216811542607833,0.6205783678434121,0.08000540537909823,-198135.2233292194,-0.9018099595956687,0.1562560157029431,5
0.2249283601181391,0.04602061925936718,0.9540995304725521,0.16799780511738693,-372783.63489501487,-0.8039201716722087,0.15727066151032057,5
0.589252821455732,0.10046583645476008,0.7114025037967138,0.23005287193148155,-333321.31426555006,-0.8012183901267713,0.1475719441993513,5
0.46157858761444637,0.014469148764885394,0.8600214078203516,0.1539936621396037,-369946.9211931901,-0.8765643894652838,0.15968871777073743,5
0.5097879964582102,0.009669196418359262,0.9679997926346381,0.22401149041987933,-342482.0079154858,-0.8742385118894912,0.1524778275091647,5
0.3859974517334557,0.0145077321284172,0.322710733574597,0.017252390843737794,-182880.49332321968,-0.9621331020459248,0.16584504071133851,5
0.9861238163473314,0.0909323386502775,0.24273439553436815,0.004091708060715349,-263524.5293578538,-0.9836665803143089,0.17062392691261796,5
0.2229805152974853,0.09460171788399538,0.6205783678434121,0.08000540537909823,-322492.9109098098,-0.9340056197142115,0.15787941910729034,5
0.15662618851822518,0.05930644909574178,0.9915474959123731,0.16799780511738693,-212015.10914334012,-0.8553600603426753,0.14671666961613586,5
0.8490781597377566,0.014469148764885394,0.8600214078203516,0.15200655090641021,-275431.02071077726,-0.8876583437208808,0.14685960195688622,5
0.4553708652871694,0.10675706438192678,0.41153562447088965,0.09558339448545392,-304547.59647926636,-0.8952305775726282,0.15745480890622318,5
0.738996064497873,0.18846807727963594,0.2695668491841957,0.026338543535518066,-94362.36307234866,-0.9419363699518141,0.15796809184061864,5
0.3859974517334557,0.1591139544644926,0.010907046727330783,0.017252390843737794,-88425.80232233934,-0.9583356812856522,0.16147518790025497,5
0.006289807298979655,0.14942213622453515,0.4150300394864117,0.1355980766723711,-91513.83113984029,-0.9537176898597713,0.1589992820421515,5
0.5256671982347982,0.15406074061241842,0.04606166663467015,0.13387007166123716,-354368.5830385937,-0.809874542260603,0.17045147560531274,5
0.7080075715980964,0.04270854820064625,0.28545202675969483,0.4238393312496029,-310932.7762887431,-0.7476673357623002,0.15641497435713714,5
0.41920283036134887,0.11356321980912797,0.6986276702569919,0.23757940347385115,-286794.6352434454,-0.9240482382621974,0.16383168634528775,5
0.1044530246216945,0.05335320470936049,0.4123993949923921,0.19019878305458424,-223994.66801658447,-0.9043806581599031,0.16062448363667514,5
0.8705216043587283,0.08184093639456091,0.06721708538654148,0.07057428505775432,-321404.54393512313,-0.8654208010028329,0.16745629819476046,5
0.5699991476659645,0.12914020296097073,0.7233406440863501,0.34033537998978036,-88988.53126918199,-0.8779002772773069,0.15261988721495287,5
0.8583297869224262,0.10675706438192678,0.4344585909891222,0.09359628325212183,-161460.68053981801,-0.8713770909075412,0.1478895210550703,5
0.02770939779749837,0.12742930670593094,0.876907942711342,0.0828195278819489,-221540.5501107004,-0.8578452418294512,0.15226867035520955,5
0.9203231060767371,0.004050956593007071,0.7619480690298753,0.1581871305504075,-140605.33452431494,-0.8721908549954017,0.1555438539166006,5
0.52487465588629,0.02358857475630867,0.3420581671973376,0.1362082167976782,-64097.238612146466,-0.8490599617731043,0.147513025713317,5
0.62755658516776,0.17665676047577245,0.799860475035343,0.27697139430438655,-118412.51703090446,-0.7690505915323672,0.1477814863488674,5
0.46280969624050533,0.14684518002559746,0.8629656024403617,0.26791106058575975,-268846.15764476836,-0.8552166151729067,0.15571302938252599,5
0.217770512798394,0.02463903061143976,0.8257010247346933,0.3072416203634864,-217946.33426238896,-0.8821583091665572,0.1593031532225146,5
0.6790439161526759,0.014878128268395253,0.9473296637036736,0.2043232471483259,-158061.9714478744,-0.81643690208678,0.15065175202576261,5
0.2254134060483154,0.05237764635505933,0.5624738822779903,0.1957475112882488,-108953.64085859038,-0.8966728338203428,0.16133667181344027,5
0.8698608377043515,0.017379679374159695,0.4785215592800657,0.4188949175872848,-221269.39373516676,-0.710747152254621,0.15285291874372178,5
0.5675985603923008,0.05231689758378184,0.4054850663482731,0.1362082167976782,-86424.87743985932,-0.8524211732781802,0.1535899956347051,5
0.6802750247797934,0.14684518002559746,0.9502738674034071,0.2620871061237351,-300682.08465527353,-0.859320826634952,0.17633552237682273,5
0.11475466922164179,0.09070749222050553,0.2623850534143807,0.09600403807912078,-232621.36009123502,-0.8888183022148056,0.16581735337920234,5
0.7080075715980964,0.03765365090195336,0.7017482244561798,0.23101294926433658,-179073.794660631,-0.7848640604462146,0.15254985001540752,5
0.9127682921341204,0.09019433831345758,0.06670973655468815,0.4995247757953638,-236245.30211412782,-0.7471630591640329,0.15767541719853984,5
0.6802750247797934,0.14684518002559746,0.3851524924890002,0.2649978488047274,-252076.48933505252,-0.8315964705925083,0.15882776410368502,5
0.1790643840840378,0.008775786552259066,0.2928601028344532,0.42799094832768075,-286721.56694842473,-0.7423902342002657,0.16391124184863357,5
0.27732363524993464,0.13627564199617476,0.54521059132747,0.2635575199580866,-128043.78007476793,-0.8423274181803325,0.1555088398530452,5
0.3853047099483248,0.028421772807995762,0.22257253997204407,0.39690646324701323,-297188.42993380973,-0.7416923998836519,0.15936051671435994,5
0.997486261159769,0.03937905300224731,0.8878846240944,0.32392337770245533,-213724.57165156226,-0.8467743291143955,0.16168753886725568,5
0.2249283601181391,0.04602061925936718,0.530141367016683,0.16799780511738693,-184809.75368924774,-0.8190333055465401,0.15410254832820536,5
0.007759622340355432,0.14942213622453515,0.9678785609421353,0.14504970724039634,-133301.9237265459,-0.859917603008864,0.16481967871642544,5
0.1809171394037925,0.023631696699292683,0.24273439553436815,0.004091708060715349,-258013.57351004545,-0.9844068904668145,0.17051623110077607,6
0.36671955042587934,0.1591139544644926,0.010907046727330783,0.24013851946592157,-345194.20138604176,-0.9009803207848023,0.17964905032582748,6
0.9658762082517207,0.13864015544418384,0.9754580945429197,0.25864836910720684,-123023.37900402118,-0.9390259435126009,0.15509286623600002,6
0.52487465588629,0.02358857475630867,0.3318013886465613,0.1362082167976782,-13859.504652525902,-0.9405921055017062,0.1567373441855591,6
0.712622939283032,0.017716711277764197,0.3818441536191586,0.011947413067721235,-148296.12328080836,-0.9705444024940393,0.1673373455294794,6
0.7180839738379233,0.09674049618212331,0.9802304834339034,0.3806573338635493,-80244.68879198623,-0.789681051108249,0.14191312111286702,6
0.41920283036134887,0.11356321980912797,0.6986276702569919,0.01569818248780419,-167902.75168711253,-0.9648393494995631,0.157332229399658,6
0.9421326930059516,0.11822564947724389,0.13539991182696032,0.04408109497819174,-308949.0180063429,-0.9582176392988971,0.1594723481978436,6
0.2229805152974853,0.09216811542607833,0.6205783678434121,0.08000540537909823,-198135.2233292194,-0.9018099595956687,0.1562560157029431,6
0.2249283601181391,0.04602061925936718,0.9540995304725521,0.16799780511738693,-372783.63489501487,-0.8039201716722087,0.15727066151032057,6
0.589252821455732,0.10046583645476008,0.7114025037967138,0.23005287193148155,-333321.31426555006,-0.8012183901267713,0.1475719441993513,6
0.46157858761444637,0.014469148764885394,0.8600214078203516,0.1539936621396037,-369946.9211931901,-0.8765643894652838,0.15968871777073743,6
0.5097879964582102,0.009669196418359262,0.9679997926346381,0.22401149041987933,-342482.0079154858,-0.8742385118894912,0.1524778275091647,6
0.9861238163473314,0.0909323386502775,0.24273439553436815,0.004091708060715349,-263524.5293578538,-0.9836665803143089,0.17062392691261796,6
0.2229805152974853,0.09460171788399538,0.6205783678434121,0.08000540537909823,-322492.9109098098,-0.9340056197142115,0.15787941910729034,6
0.15662618851822518,0.05930644909574178,0.9915474959123731,0.16799780511738693,-212015.10914334012,-0.8553600603426753,0.14671666961613586,6
0.8490781597377566,0.014469148764885394,0.8600214078203516,0.15200655090641021,-275431.02071077726,-0.8876583437208808,0.14685960195688622,6
0.4553708652871694,0.10675706438192678,0.41153562447088965,0.09558339448545392,-304547.59647926636,-0.8952305775726282,0.15745480890622318,6
0.3859974517334557,0.01859051443765646,0.32486538020903266,0.014568322361492553,-245467.64556565662,-0.9668345067964629,0.15972551739905458,6
0.531940073119821,0.10494130390668772,0.04606166663467015,0.3915497120415228,-405491.5246208576,-0.7534719326538961,0.17049162495847017,6
0.4553708652871694,0.07921677883455142,0.409380977836454,0.098285728677787,-336295.0873828122,-0.9088853497152609,0.15750293292968134,6
0.738996064497873,0.18846807727963594,0.2695668491841957,0.026338543535518066,-94362.36307234866,-0.9419363699518141,0.15796809184061864,6
0.006289807298979655,0.14942213622453515,0.4150300394864117,0.1355980766723711,-91513.83113984029,-0.9537176898597713,0.1589992820421515,6
0.22837176303431916,0.04602061925936718,0.9344535414908435,0.16799780511738693,-92480.2791324338,-0.8927377642574553,0.15705727314646326,6
0.5256671982347982,0.15406074061241842,0.04606166663467015,0.13387007166123716,-354368.5830385937,-0.809874542260603,0.17045147560531274,6
0.7080075715980964,0.04270854820064625,0.28545202675969483,0.4238393312496029,-310932.7762887431,-0.7476673357623002,0.15641497435713714,6
0.41920283036134887,0.11356321980912797,0.6986276702569919,0.23757940347385115,-286794.6352434454,-0.9240482382621974,0.16383168634528775,6
0.5699991476659645,0.12914020296097073,0.7233406440863501,0.34033537998978036,-88988.53126918199,-0.8779002772773069,0.15261988721495287,6
0.8583297869224262,0.10675706438192678,0.4344585909891222,0.09359628325212183,-161460.68053981801,-0.8713770909075412,0.1478895210550703,6
0.02770939779749837,0.12742930670593094,0.876907942711342,0.0828195278819489,-221540.5501107004,-0.8578452418294512,0.15226867035520955,6
0.9203231060767371,0.004050956593007071,0.7619480690298753,0.1581871305504075,-140605.33452431494,-0.8721908549954017,0.1555438539166006,6
0.52487465588629,0.02358857475630867,0.3420581671973376,0.1362082167976782,-64097.238612146466,-0.8490599617731043,0.147513025713317,6
0.62755658516776,0.17665676047577245,0.799860475035343,0.27697139430438655,-118412.51703090446,-0.7690505915323672,0.1477814863488674,6
0.46280969624050533,0.14684518002559746,0.8629656024403617,0.26791106058575975,-268846.15764476836,-0.8552166151729067,0.15571302938252599,6
0.3859974517334557,0.0145077321284172,0.322710733574597,0.017252390843737794,-182880.49332321968,-0.9621331020459248,0.16584504071133851,6
0.3859974517334557,0.1591139544644926,0.010907046727330783,0.017252390843737794,-88425.80232233934,-0.9583356812856522,0.16147518790025497,6
0.7291050776917269,0.190311105359428,0.2695668491841957,0.023000622610215765,-148709.97309871868,-0.9377246632258022,0.15974265314695077,6
0.7355528939969491,0.18846807727963594,0.2878176296172549,0.026338543535518066,-245389.5452065007,-0.9564899936135438,0.16318473584556528,6
0.1044530246216945,0.05335320470936049,0.4123993949923921,0.19019878305458424,-223994.66801658447,-0.9043806581599031,0.16062448363667514,6
0.8705216043587283,0.08184093639456091,0.06721708538654148,0.07057428505775432,-321404.54393512313,-0.8654208010028329,0.16745629819476046,6
0.217770512798394,0.02463903061143976,0.8257010247346933,0.3072416203634864,-217946.33426238896,-0.8821583091665572,0.1593031532225146,6
0.5675985603923008,0.05231689758378184,0.4054850663482731,0.1362082167976782,-86424.87743985932,-0.8524211732781802,0.1535899956347051,6
0.8698608377043515,0.017379679374159695,0.4785215592800657,0.4188949175872848,-221269.39373516676,-0.710747152254621,0.15285291874372178,6
0.6790439161526759,0.014878128268395253,0.9473296637036736,0.2043232471483259,-158061.9714478744,-0.81643690208678,0.15065175202576261,6
0.2254134060483154,0.05237764635505933,0.5624738822779903,0.1957475112882488,-108953.64085859038,-0.8966728338203428,0.16133667181344027,6
0.6802750247797934,0.14684518002559746,0.9502738674034071,0.2620871061237351,-300682.08465527353,-0.859320826634952,0.17633552237682273,6
0.11475466922164179,0.09070749222050553,0.2623850534143807,0.09600403807912078,-232621.36009123502,-0.8888183022148056,0.16581735337920234,6
0.7080075715980964,0.03765365090195336,0.7017482244561798,0.23101294926433658,-179073.794660631,-0.7848640604462146,0.15254985001540752,6
0.9127682921341204,0.09019433831345758,0.06670973655468815,0.4995247757953638,-236245.30211412782,-0.7471630591640329,0.15767541719853984,6
0.6802750247797934,0.14684518002559746,0.3851524924890002,0.2649978488047274,-252076.48933505252,-0.8315964705925083,0.15882776410368502,6
0.1809171394037925,0.023631696699292683,0.24273439553436815,0.004091708060715349,-258013.57351004545,-0.9844068904668145,0.17051623110077607,7
0.9658762082517207,0.13864015544418384,0.9754580945429197,0.25864836910720684,-123023.37900402118,-0.9390259435126009,0.15509286623600002,7
0.52487465588629,0.02358857475630867,0.3318013886465613,0.1362082167976782,-13859.504652525902,-0.9405921055017062,0.1567373441855591,7
0.7180839738379233,0.09674049618212331,0.9802304834339034,0.3806573338635493,-80244.68879198623,-0.789681051108249,0.14191312111286702,7
0.41920283036134887,0.11356321980912797,0.6986276702569919,0.01569818248780419,-167902.75168711253,-0.9648393494995631,0.157332229399658,7
0.9421326930059516,0.11822564947724389,0.13539991182696032,0.04408109497819174,-308949.0180063429,-0.9582176392988971,0.1594723481978436,7
0.2229805152974853,0.09216811542607833,0.6205783678434121,0.08000540537909823,-198135.2233292194,-0.9018099595956687,0.1562560157029431,7
0.2249283601181391,0.04602061925936718,0.9540995304725521,0.16799780511738693,-372783.63489501487,-0.8039201716722087,0.15727066151032057,7
0.589252821455732,0.10046583645476008,0.7114025037967138,0.23005287193148155,-333321.31426555006,-0.8012183901267713,0.1475719441993513,7
0.46157858761444637,0.014469148764885394,0.8600214078203516,0.1539936621396037,-369946.9211931901,-0.8765643894652838,0.15968871777073743,7
0.5097879964582102,0.009669196418359262,0.9679997926346381,0.22401149041987933,-342482.0079154858,-0.8742385118894912,0.1524778275091647,7
0.9861238163473314,0.0909323386502775,0.24273439553436815,0.004091708060715349,-263524.5293578538,-0.9836665803143089,0.17062392691261796,7
0.2229805152974853,0.09460171788399538,0.6205783678434121,0.08000540537909823,-322492.9109098098,-0.9340056197142115,0.15787941910729034,7
0.15662618851822518,0.05930644909574178,0.9915474959123731,0.16799780511738693,-212015.10914334012,-0.8553600603426753,0.14671666961613586,7
0.8490781597377566,0.014469148764885394,0.8600214078203516,0.15200655090641021,-275431.02071077726,-0.8876583437208808,0.14685960195688622,7
0.4553708652871694,0.10675706438192678,0.41153562447088965,0.09558339448545392,-304547.59647926636,-0.8952305775726282,0.15745480890622318,7
0.3859974517334557,0.01859051443765646,0.32486538020903266,0.014568322361492553,-245467.64556565662,-0.9668345067964629,0.15972551739905458,7
0.531940073119821,0.10494130390668772,0.04606166663467015,0.3915497120415228,-405491.5246208576,-0.7534719326538961,0.17049162495847017,7
0.4553708652871694,0.07921677883455142,0.409380977836454,0.098285728677787,-336295.0873828122,-0.9088853497152609,0.15750293292968134,7
0.9878808422621312,0.0909323386502775,0.2238398004052578,0.0408211697439847,-366670.1534897481,-0.9509357009562068,0.16825312368463244,7
0.7291050776917269,0.19917892502603107,0.3202011353763224,0.004425758384983991,-187193.3338895205,-0.9797949862135678,0.16564942043363207,7
0.5248722636942387,0.02358857475630867,0.3318013886465613,0.1362082167976782,-114032.04601234857,-0.907529941099883,0.15689041852056698,7
0.738996064497873,0.18846807727963594,0.2695668491841957,0.026338543535518066,-94362.36307234866,-0.9419363699518141,0.15796809184061864,7
0.006289807298979655,0.14942213622453515,0.4150300394864117,0.1355980766723711,-91513.83113984029,-0.9537176898597713,0.1589992820421515,7
0.45985555988757076,0.19336311140862517,0.2878176296172549,0.014071555619198692,-301076.7143163097,-0.9518146055313511,0.17086698124127966,7
0.7080075715980964,0.04270854820064625,0.28545202675969483,0.4238393312496029,-310932.7762887431,-0.7476673357623002,0.15641497435713714,7
0.41920283036134887,0.11356321980912797,0.6986276702569919,0.23757940347385115,-286794.6352434454,-0.9240482382621974,0.16383168634528775,7
0.5699991476659645,0.12914020296097073,0.7233406440863501,0.34033537998978036,-88988.53126918199,-0.8779002772773069,0.15261988721495287,7
0.8583297869224262,0.10675706438192678,0.4344585909891222,0.09359628325212183,-161460.68053981801,-0.8713770909075412,0.1478895210550703,7
0.02770939779749837,0.12742930670593094,0.876907942711342,0.0828195278819489,-221540.5501107004,-0.8578452418294512,0.15226867035520955,7
0.9203231060767371,0.004050956593007071,0.7619480690298753,0.1581871305504075,-140605.33452431494,-0.8721908549954017,0.1555438539166006,7
0.52487465588629,0.02358857475630867,0.3420581671973376,0.1362082167976782,-64097.238612146466,-0.8490599617731043,0.147513025713317,7
0.62755658516776,0.17665676047577245,0.799860475035343,0.27697139430438655,-118412.51703090446,-0.7690505915323672,0.1477814863488674,7
0.46280969624050533,0.14684518002559746,0.8629656024403617,0.26791106058575975,-268846.15764476836,-0.8552166151729067,0.15571302938252599,7
0.7310681992156438,0.0736482264437715,0.4201038244712392,0.10817706304001966,-140199.71928765022,-0.8769787381005605,0.1546680954296133,7
0.3859974517334557,0.1591139544644926,0.010907046727330783,0.017252390843737794,-88425.80232233934,-0.9583356812856522,0.16147518790025497,7
0.7291050776917269,0.190311105359428,0.2695668491841957,0.023000622610215765,-148709.97309871868,-0.9377246632258022,0.15974265314695077,7
0.7355528939969491,0.18846807727963594,0.2878176296172549,0.026338543535518066,-245389.5452065007,-0.9564899936135438,0.16318473584556528,7
0.1044530246216945,0.05335320470936049,0.4123993949923921,0.19019878305458424,-223994.66801658447,-0.9043806581599031,0.16062448363667514,7
0.8705216043587283,0.08184093639456091,0.06721708538654148,0.07057428505775432,-321404.54393512313,-0.8654208010028329,0.16745629819476046,7
0.217770512798394,0.02463903061143976,0.8257010247346933,0.3072416203634864,-217946.33426238896,-0.8821583091665572,0.1593031532225146,7
0.36671955042587934,0.1591139544644926,0.010907046727330783,0.24013851946592157,-345194.20138604176,-0.9009803207848023,0.17964905032582748,7
0.5256671982347982,0.15406074061241842,0.04606166663467015,0.13387007166123716,-354368.5830385937,-0.809874542260603,0.17045147560531274,7
0.712622939283032,0.017716711277764197,0.3818441536191586,0.011947413067721235,-148296.12328080836,-0.9705444024940393,0.1673373455294794,7
0.3859974517334557,0.0145077321284172,0.322710733574597,0.017252390843737794,-182880.49332321968,-0.9621331020459248,0.16584504071133851,7
0.3859974517334557,0.0145077321284172,0.3105079124235962,0.017252390843737794,-171446.36312610647,-0.967402048283755,0.16750571670274209,7
0.5675985603923008,0.05231689758378184,0.4054850663482731,0.1362082167976782,-86424.87743985932,-0.8524211732781802,0.1535899956347051,7
0.6790439161526759,0.014878128268395253,0.9473296637036736,0.2043232471483259,-158061.9714478744,-0.81643690208678,0.15065175202576261,7
0.5256695904268496,0.15406074061241842,0.04606166663467015,0.1277362164204715,-102326.14279702387,-0.9180446401885017,0.1629743808687104,7
0.8698608377043515,0.017379679374159695,0.4785215592800657,0.4188949175872848,-221269.39373516676,-0.710747152254621,0.15285291874372178,7
0.1809171394037925,0.023631696699292683,0.24273439553436815,0.004091708060715349,-258013.57351004545,-0.9844068904668145,0.17051623110077607,8
0.7180839738379233,0.09674049618212331,0.9802304834339034,0.3806573338635493,-80244.68879198623,-0.789681051108249,0.14191312111286702,8
0.9421326930059516,0.11822564947724389,0.13539991182696032,0.04408109497819174,-308949.0180063429,-0.9582176392988971,0.1594723481978436,8
0.2249283601181391,0.04602061925936718,0.9540995304725521,0.16799780511738693,-372783.63489501487,-0.8039201716722087,0.15727066151032057,8
0.589252821455732,0.10046583645476008,0.7114025037967138,0.23005287193148155,-333321.31426555006,-0.8012183901267713,0.1475719441993513,8
0.46157858761444637,0.014469148764885394,0.8600214078203516,0.1539936621396037,-369946.9211931901,-0.8765643894652838,0.15968871777073743,8
0.5097879964582102,0.009669196418359262,0.9679997926346381,0.22401149041987933,-342482.0079154858,-0.8742385118894912,0.1524778275091647,8
0.9861238163473314,0.0909323386502775,0.24273439553436815,0.004091708060715349,-263524.5293578538,-0.9836665803143089,0.17062392691261796,8
0.2229805152974853,0.09460171788399538,0.6205783678434121,0.08000540537909823,-322492.9109098098,-0.9340056197142115,0.15787941910729034,8
0.15662618851822518,0.05930644909574178,0.9915474959123731,0.16799780511738693,-212015.10914334012,-0.8553600603426753,0.14671666961613586,8
0.8490781597377566,0.014469148764885394,0.8600214078203516,0.15200655090641021,-275431.02071077726,-0.8876583437208808,0.14685960195688622,8
0.4553708652871694,0.10675706438192678,0.41153562447088965,0.09558339448545392,-304547.59647926636,-0.8952305775726282,0.15745480890622318,8
0.531940073119821,0.10494130390668772,0.04606166663467015,0.3915497120415228,-405491.5246208576,-0.7534719326538961,0.17049162495847017,8
0.4553708652871694,0.07921677883455142,0.409380977836454,0.098285728677787,-336295.0873828122,-0.9088853497152609,0.15750293292968134,8
0.9878808422621312,0.0909323386502775,0.2238398004052578,0.0408211697439847,-366670.1534897481,-0.9509357009562068,0.16825312368463244,8
0.3697125926687572,0.008096580833050801,0.322710733574597,0.02519734771569375,-317447.2505100746,-0.9416775457801588,0.16154340988069593,8
0.7287231296769847,0.190311105359428,0.988642412195957,0.01998706882987876,-267446.8830191906,-0.9541692105661079,0.15304805154714576,8
0.40412059873128525,0.01972463459936499,0.32486538020903266,0.014568322361492553,-246485.79023950276,-0.983741222316524,0.15455601668783667,8
0.45985555988757076,0.19336311140862517,0.2878176296172549,0.014071555619198692,-301076.7143163097,-0.9518146055313511,0.17086698124127966,8
0.7080075715980964,0.04270854820064625,0.28545202675969483,0.4238393312496029,-310932.7762887431,-0.7476673357623002,0.15641497435713714,8
0.8583297869224262,0.10675706438192678,0.4344585909891222,0.09359628325212183,-161460.68053981801,-0.8713770909075412,0.1478895210550703,8
0.52487465588629,0.02358857475630867,0.3420581671973376,0.1362082167976782,-64097.238612146466,-0.8490599617731043,0.147513025713317,8
0.62755658516776,0.17665676047577245,0.799860475035343,0.27697139430438655,-118412.51703090446,-0.7690505915323672,0.1477814863488674,8
0.46280969624050533,0.14684518002559746,0.8629656024403617,0.26791106058575975,-268846.15764476836,-0.8552166151729067,0.15571302938252599,8
0.2249283601181391,0.05044234082208232,0.9231471626420384,0.16799780511738693,-250499.71160905669,-0.8815905530495991,0.15094139652030744,8
0.8705216043587283,0.08184093639456091,0.06721708538654148,0.07057428505775432,-321404.54393512313,-0.8654208010028329,0.16745629819476046,8
0.36671955042587934,0.1591139544644926,0.010907046727330783,0.24013851946592157,-345194.20138604176,-0.9009803207848023,0.17964905032582748,8
0.5256671982347982,0.15406074061241842,0.04606166663467015,0.13387007166123716,-354368.5830385937,-0.809874542260603,0.17045147560531274,8
0.41920283036134887,0.11356321980912797,0.6986276702569919,0.23757940347385115,-286794.6352434454,-0.9240482382621974,0.16383168634528775,8
0.9658762082517207,0.13864015544418384,0.9754580945429197,0.25864836910720684,-123023.37900402118,-0.9390259435126009,0.15509286623600002,8
0.52487465588629,0.02358857475630867,0.3318013886465613,0.1362082167976782,-13859.504652525902,-0.9405921055017062,0.1567373441855591,8
0.41920283036134887,0.11356321980912797,0.6986276702569919,0.01569818248780419,-167902.75168711253,-0.9648393494995631,0.157332229399658,8
0.2229805152974853,0.09216811542607833,0.6205783678434121,0.08000540537909823,-198135.2233292194,-0.9018099595956687,0.1562560157029431,8
0.3859974517334557,0.01859051443765646,0.32486538020903266,0.014568322361492553,-245467.64556565662,-0.9668345067964629,0.15972551739905458,8
0.7291050776917269,0.19917892502603107,0.3202011353763224,0.004425758384983991,-187193.3338895205,-0.9797949862135678,0.16564942043363207,8
0.217770512798394,0.02463903061143976,0.8257010247346933,0.3072416203634864,-217946.33426238896,-0.8821583091665572,0.1593031532225146,8
0.9421326930059516,0.11822564947724389,0.1429628809375253,0.04408109497819174,-131699.65087489111,-0.969947096708502,0.1641932702108274,8
0.7610763879142659,0.01088671548837703,0.3818441536191586,0.011947413067721235,-54940.83351714464,-0.9785001369439691,0.1592396885113142,8
0.712622939283032,0.017716711277764197,0.3818441536191586,0.011947413067721235,-148296.12328080836,-0.9705444024940393,0.1673373455294794,8
0.3859974517334557,0.1591139544644926,0.010907046727330783,0.017252390843737794,-88425.80232233934,-0.9583356812856522,0.16147518790025497,8
0.3859974517334557,0.0145077321284172,0.3105079124235962,0.017252390843737794,-171446.36312610647,-0.967402048283755,0.16750571670274209,8
0.6790439161526759,0.014878128268395253,0.9473296637036736,0.2043232471483259,-158061.9714478744,-0.81643690208678,0.15065175202576261,8
0.7355528939969491,0.18846807727963594,0.2878176296172549,0.026338543535518066,-245389.5452065007,-0.9564899936135438,0.16318473584556528,8
0.02770939779749837,0.12742930670593094,0.876907942711342,0.0828195278819489,-221540.5501107004,-0.8578452418294512,0.15226867035520955,8
0.5248722636942387,0.02358857475630867,0.3318013886465613,0.1362082167976782,-114032.04601234857,-0.907529941099883,0.15689041852056698,8
0.3859974517334557,0.0145077321284172,0.322710733574597,0.017252390843737794,-182880.49332321968,-0.9621331020459248,0.16584504071133851,8
0.1044530246216945,0.05335320470936049,0.4123993949923921,0.19019878305458424,-223994.66801658447,-0.9043806581599031,0.16062448363667514,8
0.7291050776917269,0.190311105359428,0.2695668491841957,0.023000622610215765,-148709.97309871868,-0.9377246632258022,0.15974265314695077,8
0.7310681992156438,0.0736482264437715,0.4201038244712392,0.10817706304001966,-140199.71928765022,-0.8769787381005605,0.1546680954296133,8
0.738996064497873,0.18846807727963594,0.2695668491841957,0.026338543535518066,-94362.36307234866,-0.9419363699518141,0.15796809184061864,8
0.7180839738379233,0.09674049618212331,0.9802304834339034,0.3806573338635493,-80244.68879198623,-0.789681051108249,0.14191312111286702,9
0.9421326930059516,0.11822564947724389,0.13539991182696032,0.04408109497819174,-308949.0180063429,-0.9582176392988971,0.1594723481978436,9
0.2249283601181391,0.04602061925936718,0.9540995304725521,0.16799780511738693,-372783.63489501487,-0.8039201716722087,0.15727066151032057,9
0.589252821455732,0.10046583645476008,0.7114025037967138,0.23005287193148155,-333321.31426555006,-0.8012183901267713,0.1475719441993513,9
0.5097879964582102,0.009669196418359262,0.9679997926346381,0.22401149041987933,-342482.0079154858,-0.8742385118894912,0.1524778275091647,9
0.9861238163473314,0.0909323386502775,0.24273439553436815,0.004091708060715349,-263524.5293578538,-0.9836665803143089,0.17062392691261796,9
0.2229805152974853,0.09460171788399538,0.6205783678434121,0.08000540537909823,-322492.9109098098,-0.9340056197142115,0.15787941910729034,9
0.15662618851822518,0.05930644909574178,0.9915474959123731,0.16799780511738693,-212015.10914334012,-0.8553600603426753,0.14671666961613586,9
0.8490781597377566,0.014469148764885394,0.8600214078203516,0.15200655090641021,-275431.02071077726,-0.8876583437208808,0.14685960195688622,9
0.4553708652871694,0.10675706438192678,0.41153562447088965,0.09558339448545392,-304547.59647926636,-0.8952305775726282,0.15745480890622318,9
0.4553708652871694,0.07921677883455142,0.409380977836454,0.098285728677787,-336295.0873828122,-0.9088853497152609,0.15750293292968134,9
0.9878808422621312,0.0909323386502775,0.2238398004052578,0.0408211697439847,-366670.1534897481,-0.9509357009562068,0.16825312368463244,9
0.3697125926687572,0.008096580833050801,0.322710733574597,0.02519734771569375,-317447.2505100746,-0.9416775457801588,0.16154340988069593,9
0.7287231296769847,0.190311105359428,0.988642412195957,0.01998706882987876,-267446.8830191906,-0.9541692105661079,0.15304805154714576,9
0.40412059873128525,0.01972463459936499,0.32486538020903266,0.014568322361492553,-246485.79023950276,-0.983741222316524,0.15455601668783667,9
0.8256174678482833,0.031058792562655698,0.30417328153498363,0.16114374713333451,-428995.19871814497,-0.9088829710664031,0.1594152273350834,9
0.3893224682119467,0.1591139544644926,0.010907046727330783,0.01298088145785771,-329075.28528814233,-0.9799436166118617,0.1628884840632635,9
0.3859974517334557,0.014504451339271182,0.8663334092594706,0.0007209123895638159,-259326.23479968708,-0.9921850537037936,0.1572200634873515,9
0.7080075715980964,0.04270854820064625,0.28545202675969483,0.4238393312496029,-310932.7762887431,-0.7476673357623002,0.15641497435713714,9
0.8583297869224262,0.10675706438192678,0.4344585909891222,0.09359628325212183,-161460.68053981801,-0.8713770909075412,0.1478895210550703,9
0.52487465588629,0.02358857475630867,0.3420581671973376,0.1362082167976782,-64097.238612146466,-0.8490599617731043,0.147513025713317,9
0.62755658516776,0.17665676047577245,0.799860475035343,0.27697139430438655,-118412.51703090446,-0.7690505915323672,0.1477814863488674,9
0.46280969624050533,0.14684518002559746,0.8629656024403617,0.26791106058575975,-268846.15764476836,-0.8552166151729067,0.15571302938252599,9
0.2249283601181391,0.05044234082208232,0.9231471626420384,0.16799780511738693,-250499.71160905669,-0.8815905530495991,0.15094139652030744,9
0.7274563233466571,0.015219194966088104,0.9851959179807941,0.01998706882987876,-219452.05591060754,-0.9661046338741457,0.15497425203372275,9
0.46157858761444637,0.014469148764885394,0.8600214078203516,0.1539936621396037,-369946.9211931901,-0.8765643894652838,0.15968871777073743,9
0.531940073119821,0.10494130390668772,0.04606166663467015,0.3915497120415228,-405491.5246208576,-0.7534719326538961,0.17049162495847017,9
0.36671955042587934,0.1591139544644926,0.010907046727330783,0.24013851946592157,-345194.20138604176,-0.9009803207848023,0.17964905032582748,9
0.45985555988757076,0.19336311140862517,0.2878176296172549,0.014071555619198692,-301076.7143163097,-0.9518146055313511,0.17086698124127966,9
0.41920283036134887,0.11356321980912797,0.6986276702569919,0.23757940347385115,-286794.6352434454,-0.9240482382621974,0.16383168634528775,9
0.1809171394037925,0.023631696699292683,0.24273439553436815,0.004091708060715349,-258013.57351004545,-0.9844068904668145,0.17051623110077607,9
0.3859974517334557,0.01859051443765646,0.32486538020903266,0.014568322361492553,-245467.64556565662,-0.9668345067964629,0.15972551739905458,9
0.7291050776917269,0.19917892502603107,0.3202011353763224,0.004425758384983991,-187193.3338895205,-0.9797949862135678,0.16564942043363207,9
0.9421326930059516,0.11822564947724389,0.1429628809375253,0.04408109497819174,-131699.65087489111,-0.969947096708502,0.1641932702108274,9
0.7610763879142659,0.01088671548837703,0.3818441536191586,0.011947413067721235,-54940.83351714464,-0.9785001369439691,0.1592396885113142,9
0.7080075715980964,0.04316442973783034,0.28545202675969483,0.27603139470680627,-269353.5447271006,-0.7461871518155357,0.1579047178302008,9
0.712622939283032,0.017716711277764197,0.3818441536191586,0.011947413067721235,-148296.12328080836,-0.9705444024940393,0.1673373455294794,9
0.52487465588629,0.02358857475630867,0.3318013886465613,0.1362082167976782,-13859.504652525902,-0.9405921055017062,0.1567373441855591,9
0.6790439161526759,0.014878128268395253,0.9473296637036736,0.2043232471483259,-158061.9714478744,-0.81643690208678,0.15065175202576261,9
0.5256671982347982,0.15406074061241842,0.04606166663467015,0.13387007166123716,-354368.5830385937,-0.809874542260603,0.17045147560531274,9
0.9658762082517207,0.13864015544418384,0.9754580945429197,0.25864836910720684,-123023.37900402118,-0.9390259435126009,0.15509286623600002,9
0.7355528939969491,0.18846807727963594,0.2878176296172549,0.026338543535518066,-245389.5452065007,-0.9564899936135438,0.16318473584556528,9
0.02770939779749837,0.12742930670593094,0.876907942711342,0.0828195278819489,-221540.5501107004,-0.8578452418294512,0.15226867035520955,9
0.1044530246216945,0.05335320470936049,0.4123993949923921,0.19019878305458424,-223994.66801658447,-0.9043806581599031,0.16062448363667514,9
0.8705216043587283,0.08184093639456091,0.06721708538654148,0.07057428505775432,-321404.54393512313,-0.8654208010028329,0.16745629819476046,9
0.3859974517334557,0.0145077321284172,0.322710733574597,0.017252390843737794,-182880.49332321968,-0.9621331020459248,0.16584504071133851,9
0.217770512798394,0.02463903061143976,0.8257010247346933,0.3072416203634864,-217946.33426238896,-0.8821583091665572,0.1593031532225146,9
0.2229805152974853,0.09216811542607833,0.6205783678434121,0.08000540537909823,-198135.2233292194,-0.9018099595956687,0.1562560157029431,9
0.7310681992156438,0.0736482264437715,0.4201038244712392,0.10817706304001966,-140199.71928765022,-0.8769787381005605,0.1546680954296133,9
0.3859974517334557,0.0145077321284172,0.3105079124235962,0.017252390843737794,-171446.36312610647,-0.967402048283755,0.16750571670274209,9
0.7180839738379233,0.09674049618212331,0.9802304834339034,0.3806573338635493,-80244.68879198623,-0.789681051108249,0.14191312111286702,10
0.9421326930059516,0.11822564947724389,0.13539991182696032,0.04408109497819174,-308949.0180063429,-0.9582176392988971,0.1594723481978436,10
0.2249283601181391,0.04602061925936718,0.9540995304725521,0.16799780511738693,-372783.63489501487,-0.8039201716722087,0.15727066151032057,10
0.589252821455732,0.10046583645476008,0.7114025037967138,0.23005287193148155,-333321.31426555006,-0.8012183901267713,0.1475719441993513,10
0.5097879964582102,0.009669196418359262,0.9679997926346381,0.22401149041987933,-342482.0079154858,-0.8742385118894912,0.1524778275091647,10
0.9861238163473314,0.0909323386502775,0.24273439553436815,0.004091708060715349,-263524.5293578538,-0.9836665803143089,0.17062392691261796,10
0.2229805152974853,0.09460171788399538,0.6205783678434121,0.08000540537909823,-322492.9109098098,-0.9340056197142115,0.15787941910729034,10
0.15662618851822518,0.05930644909574178,0.9915474959123731,0.16799780511738693,-212015.10914334012,-0.8553600603426753,0.14671666961613586,10
0.8490781597377566,0.014469148764885394,0.8600214078203516,0.15200655090641021,-275431.02071077726,-0.8876583437208808,0.14685960195688622,10
0.4553708652871694,0.10675706438192678,0.41153562447088965,0.09558339448545392,-304547.59647926636,-0.8952305775726282,0.15745480890622318,10
0.4553708652871694,0.07921677883455142,0.409380977836454,0.098285728677787,-336295.0873828122,-0.9088853497152609,0.15750293292968134,10
0.9878808422621312,0.0909323386502775,0.2238398004052578,0.0408211697439847,-366670.1534897481,-0.9509357009562068,0.16825312368463244,10
0.3697125926687572,0.008096580833050801,0.322710733574597,0.02519734771569375,-317447.2505100746,-0.9416775457801588,0.16154340988069593,10
0.7287231296769847,0.190311105359428,0.988642412195957,0.01998706882987876,-267446.8830191906,-0.9541692105661079,0.15304805154714576,10
0.40412059873128525,0.01972463459936499,0.32486538020903266,0.014568322361492553,-246485.79023950276,-0.983741222316524,0.15455601668783667,10
0.8256174678482833,0.031058792562655698,0.30417328153498363,0.16114374713333451,-428995.19871814497,-0.9088829710664031,0.1594152273350834,10
0.3893224682119467,0.1591139544644926,0.010907046727330783,0.01298088145785771,-329075.28528814233,-0.9799436166118617,0.1628884840632635,10
0.3859974517334557,0.014504451339271182,0.8663334092594706,0.0007209123895638159,-259326.23479968708,-0.9921850537037936,0.1572200634873515,10
0.7080075715980964,0.04270854820064625,0.28545202675969483,0.4238393312496029,-310932.7762887431,-0.7476673357623002,0.15641497435713714,10
0.8583297869224262,0.10675706438192678,0.4344585909891222,0.09359628325212183,-161460.68053981801,-0.8713770909075412,0.1478895210550703,10
0.52487465588629,0.02358857475630867,0.3420581671973376,0.1362082167976782,-64097.238612146466,-0.8490599617731043,0.147513025713317,10
0.62755658516776,0.17665676047577245,0.799860475035343,0.27697139430438655,-118412.51703090446,-0.7690505915323672,0.1477814863488674,10
0.46280969624050533,0.14684518002559746,0.8629656024403617,0.26791106058575975,-268846.15764476836,-0.8552166151729067,0.15571302938252599,10
0.2249283601181391,0.05044234082208232,0.9231471626420384,0.16799780511738693,-250499.71160905669,-0.8815905530495991,0.15094139652030744,10
0.5151387175512491,0.031058792562655698,0.30417328153498363,0.16413201675701433,-210608.33856092652,-0.885362008878977,0.15432925380519683,10
0.7274563233466571,0.015219194966088104,0.9851959179807941,0.01998706882987876,-219452.05591060754,-0.9661046338741457,0.15497425203372275,10
0.46157858761444637,0.014469148764885394,0.8600214078203516,0.1539936621396037,-369946.9211931901,-0.8765643894652838,0.15968871777073743,10
0.531940073119821,0.10494130390668772,0.04606166663467015,0.3915497120415228,-405491.5246208576,-0.7534719326538961,0.17049162495847017,10
0.36671955042587934,0.1591139544644926,0.010907046727330783,0.24013851946592157,-345194.20138604176,-0.9009803207848023,0.17964905032582748,10
0.45985555988757076,0.19336311140862517,0.2878176296172549,0.014071555619198692,-301076.7143163097,-0.9518146055313511,0.17086698124127966,10
0.41920283036134887,0.11356321980912797,0.6986276702569919,0.23757940347385115,-286794.6352434454,-0.9240482382621974,0.16383168634528775,10
0.1809171394037925,0.023631696699292683,0.24273439553436815,0.004091708060715349,-258013.57351004545,-0.9844068904668145,0.17051623110077607,10
0.3859974517334557,0.01859051443765646,0.32486538020903266,0.014568322361492553,-245467.64556565662,-0.9668345067964629,0.15972551739905458,10
0.7291050776917269,0.19917892502603107,0.3202011353763224,0.004425758384983991,-187193.3338895205,-0.9797949862135678,0.16564942043363207,10
0.9421326930059516,0.11822564947724389,0.1429628809375253,0.04408109497819174,-131699.65087489111,-0.969947096708502,0.1641932702108274,10
0.7610763879142659,0.01088671548837703,0.3818441536191586,0.011947413067721235,-54940.83351714464,-0.9785001369439691,0.1592396885113142,10
0.9877772406933321,0.09460171788399538,0.6205783678434121,0.080324089461637,-225249.6042038512,-0.8942143642539059,0.15786466372209926,10
0.712622939283032,0.017716711277764197,0.3818441536191586,0.011947413067721235,-148296.12328080836,-0.9705444024940393,0.1673373455294794,10
0.52487465588629,0.02358857475630867,0.3318013886465613,0.1362082167976782,-13859.504652525902,-0.9405921055017062,0.1567373441855591,10
0.7180839738379233,0.09674049618212331,0.98175503735528,0.3835441059799305,-141518.42606989425,-0.7331913848150364,0.14895751496718504,10
0.5256671982347982,0.15406074061241842,0.04606166663467015,0.13387007166123716,-354368.5830385937,-0.809874542260603,0.17045147560531274,10
0.7080075715980964,0.04316442973783034,0.28545202675969483,0.27603139470680627,-269353.5447271006,-0.7461871518155357,0.1579047178302008,10
0.712622939283032,0.010198327444459209,0.9588374713647487,0.011947413067721235,-83635.7061314425,-0.9655370164640793,0.1649038546048657,10
0.6790439161526759,0.014878128268395253,0.9473296637036736,0.2043232471483259,-158061.9714478744,-0.81643690208678,0.15065175202576261,10
0.02770939779749837,0.12742930670593094,0.876907942711342,0.0828195278819489,-221540.5501107004,-0.8578452418294512,0.15226867035520955,10
0.7355528939969491,0.18846807727963594,0.2878176296172549,0.026338543535518066,-245389.5452065007,-0.9564899936135438,0.16318473584556528,10
0.9658762082517207,0.13864015544418384,0.9754580945429197,0.25864836910720684,-123023.37900402118,-0.9390259435126009,0.15509286623600002,10
0.8705216043587283,0.08184093639456091,0.06721708538654148,0.07057428505775432,-321404.54393512313,-0.8654208010028329,0.16745629819476046,10
0.7358312516566594,0.03031620467875312,0.30417328153498363,0.10955464874898968,-127363.59389006824,-0.9045139825180866,0.1611401022344304,10
0.217770512798394,0.02463903061143976,0.8257010247346933,0.3072416203634864,-217946.33426238896,-0.8821583091665572,0.1593031532225146,10
0.7180839738379233,0.09674049618212331,0.9802304834339034,0.3806573338635493,-80244.68879198623,-0.789681051108249,0.14191312111286702,11
0.9421326930059516,0.11822564947724389,0.13539991182696032,0.04408109497819174,-308949.0180063429,-0.9582176392988971,0.1594723481978436,11
0.2249283601181391,0.04602061925936718,0.9540995304725521,0.16799780511738693,-372783.63489501487,-0.8039201716722087,0.15727066151032057,11
0.589252821455732,0.10046583645476008,0.7114025037967138,0.23005287193148155,-333321.31426555006,-0.8012183901267713,0.1475719441993513,11
0.5097879964582102,0.009669196418359262,0.9679997926346381,0.22401149041987933,-342482.0079154858,-0.8742385118894912,0.1524778275091647,11
0.9861238163473314,0.0909323386502775,0.24273439553436815,0.004091708060715349,-263524.5293578538,-0.9836665803143089,0.17062392691261796,11
0.2229805152974853,0.09460171788399538,0.6205783678434121,0.08000540537909823,-322492.9109098098,-0.9340056197142115,0.15787941910729034,11
0.15662618851822518,0.05930644909574178,0.9915474959123731,0.16799780511738693,-212015.10914334012,-0.8553600603426753,0.14671666961613586,11
0.8490781597377566,0.014469148764885394,0.8600214078203516,0.15200655090641021,-275431.02071077726,-0.8876583437208808,0.14685960195688622,11
0.4553708652871694,0.10675706438192678,0.41153562447088965,0.09558339448545392,-304547.59647926636,-0.8952305775726282,0.15745480890622318,11
0.4553708652871694,0.07921677883455142,0.409380977836454,0.098285728677787,-336295.0873828122,-0.9088853497152609,0.15750293292968134,11
0.9878808422621312,0.0909323386502775,0.2238398004052578,0.0408211697439847,-366670.1534897481,-0.9509357009562068,0.16825312368463244,11
0.3697125926687572,0.008096580833050801,0.322710733574597,0.02519734771569375,-317447.2505100746,-0.9416775457801588,0.16154340988069593,11
0.7287231296769847,0.190311105359428,0.988642412195957,0.01998706882987876,-267446.8830191906,-0.9541692105661079,0.15304805154714576,11
0.40412059873128525,0.01972463459936499,0.32486538020903266,0.014568322361492553,-246485.79023950276,-0.983741222316524,0.15455601668783667,11
0.8256174678482833,0.031058792562655698,0.30417328153498363,0.16114374713333451,-428995.19871814497,-0.9088829710664031,0.1594152273350834,11
0.3893224682119467,0.1591139544644926,0.010907046727330783,0.01298088145785771,-329075.28528814233,-0.9799436166118617,0.1628884840632635,11
0.3859974517334557,0.014504451339271182,0.8663334092594706,0.0007209123895638159,-259326.23479968708,-0.9921850537037936,0.1572200634873515,11
0.7080075715980964,0.04270854820064625,0.28545202675969483,0.4238393312496029,-310932.7762887431,-0.7476673357623002,0.15641497435713714,11
0.8583297869224262,0.10675706438192678,0.4344585909891222,0.09359628325212183,-161460.68053981801,-0.8713770909075412,0.1478895210550703,11
0.52487465588629,0.02358857475630867,0.3420581671973376,0.1362082167976782,-64097.238612146466,-0.8490599617731043,0.147513025713317,11
0.62755658516776,0.17665676047577245,0.799860475035343,0.27697139430438655,-118412.51703090446,-0.7690505915323672,0.1477814863488674,11
0.46280969624050533,0.14684518002559746,0.8629656024403617,0.26791106058575975,-268846.15764476836,-0.8552166151729067,0.15571302938252599,11
0.2249283601181391,0.05044234082208232,0.9231471626420384,0.16799780511738693,-250499.71160905669,-0.8815905530495991,0.15094139652030744,11
0.2155845011553395,0.01088671548837703,0.9415521774763216,0.015607514078825699,-308855.2014962459,-0.9331073572159633,0.1622426692828839,11
0.5151387175512491,0.031058792562655698,0.30417328153498363,0.16413201675701433,-210608.33856092652,-0.885362008878977,0.15432925380519683,11
0.7274563233466571,0.015219194966088104,0.9851959179807941,0.01998706882987876,-219452.05591060754,-0.9661046338741457,0.15497425203372275,11
0.46157858761444637,0.014469148764885394,0.8600214078203516,0.1539936621396037,-369946.9211931901,-0.8765643894652838,0.15968871777073743,11
0.531940073119821,0.10494130390668772,0.04606166663467015,0.3915497120415228,-405491.5246208576,-0.7534719326538961,0.17049162495847017,11
0.36671955042587934,0.1591139544644926,0.010907046727330783,0.24013851946592157,-345194.20138604176,-0.9009803207848023,0.17964905032582748,11
0.45985555988757076,0.19336311140862517,0.2878176296172549,0.014071555619198692,-301076.7143163097,-0.9518146055313511,0.17086698124127966,11
0.1809171394037925,0.023631696699292683,0.24273439553436815,0.004091708060715349,-258013.57351004545,-0.9844068904668145,0.17051623110077607,11
0.3859974517334557,0.01859051443765646,0.32486538020903266,0.014568322361492553,-245467.64556565662,-0.9668345067964629,0.15972551739905458,11
0.7291050776917269,0.19917892502603107,0.3202011353763224,0.004425758384983991,-187193.3338895205,-0.9797949862135678,0.16564942043363207,11
0.9421326930059516,0.11822564947724389,0.1429628809375253,0.04408109497819174,-131699.65087489111,-0.969947096708502,0.1641932702108274,11
0.7610763879142659,0.01088671548837703,0.3818441536191586,0.011947413067721235,-54940.83351714464,-0.9785001369439691,0.1592396885113142,11
0.9877772406933321,0.09460171788399538,0.6205783678434121,0.080324089461637,-225249.6042038512,-0.8942143642539059,0.15786466372209926,11
0.9946412624884851,0.0909323386502775,0.22020995294490753,0.004091708060715349,-121442.04477855172,-0.9811707668321059,0.1652616137576185,11
0.7180839738379233,0.09674049618212331,0.98175503735528,0.3835441059799305,-141518.42606989425,-0.7331913848150364,0.14895751496718504,11
0.712622939283032,0.017716711277764197,0.3818441536191586,0.011947413067721235,-148296.12328080836,-0.9705444024940393,0.1673373455294794,11
0.5256671982347982,0.15406074061241842,0.04606166663467015,0.13387007166123716,-354368.5830385937,-0.809874542260603,0.17045147560531274,11
0.6790439161526759,0.014878128268395253,0.9757981336337553,0.20368992465581542,-77698.87025087605,-0.8523826227779775,0.14988156410011685,11
0.7080075715980964,0.04316442973783034,0.28545202675969483,0.27603139470680627,-269353.5447271006,-0.7461871518155357,0.1579047178302008,11
0.217770512798394,0.02463903061143976,0.8257010247346933,0.3072416203634864,-217946.33426238896,-0.8821583091665572,0.1593031532225146,11
0.6790439161526759,0.014878128268395253,0.9473296637036736,0.2043232471483259,-158061.9714478744,-0.81643690208678,0.15065175202576261,11
0.8705216043587283,0.08184093639456091,0.06721708538654148,0.07057428505775432,-321404.54393512313,-0.8654208010028329,0.16745629819476046,11
0.7358312516566594,0.03031620467875312,0.30417328153498363,0.10955464874898968,-127363.59389006824,-0.9045139825180866,0.1611401022344304,11
0.41920283036134887,0.11356321980912797,0.6986276702569919,0.23757940347385115,-286794.6352434454,-0.9240482382621974,0.16383168634528775,11
0.712622939283032,0.010198327444459209,0.9588374713647487,0.011947413067721235,-83635.7061314425,-0.9655370164640793,0.1649038546048657,11
0.02770939779749837,0.12742930670593094,0.876907942711342,0.0828195278819489,-221540.5501107004,-0.8578452418294512,0.15226867035520955,11
0.7180839738379233,0.09674049618212331,0.9802304834339034,0.3806573338635493,-80244.68879198623,-0.789681051108249,0.14191312111286702,12
0.9421326930059516,0.11822564947724389,0.13539991182696032,0.04408109497819174,-308949.0180063429,-0.9582176392988971,0.1594723481978436,12
0.2249283601181391,0.04602061925936718,0.9540995304725521,0.16799780511738693,-372783.63489501487,-0.8039201716722087,0.15727066151032057,12
0.589252821455732,0.10046583645476008,0.7114025037967138,0.23005287193148155,-333321.31426555006,-0.8012183901267713,0.1475719441993513,12
0.5097879964582102,0.009669196418359262,0.9679997926346381,0.22401149041987933,-342482.0079154858,-0.8742385118894912,0.1524778275091647,12
0.2229805152974853,0.09460171788399538,0.6205783678434121,0.08000540537909823,-322492.9109098098,-0.9340056197142115,0.15787941910729034,12
0.15662618851822518,0.05930644909574178,0.9915474959123731,0.16799780511738693,-212015.10914334012,-0.8553600603426753,0.14671666961613586,12
0.8490781597377566,0.014469148764885394,0.8600214078203516,0.15200655090641021,-275431.02071077726,-0.8876583437208808,0.14685960195688622,12
0.4553708652871694,0.10675706438192678,0.41153562447088965,0.09558339448545392,-304547.59647926636,-0.8952305775726282,0.15745480890622318,12
0.4553708652871694,0.07921677883455142,0.409380977836454,0.098285728677787,-336295.0873828122,-0.9088853497152609,0.15750293292968134,12
0.9878808422621312,0.0909323386502775,0.2238398004052578,0.0408211697439847,-366670.1534897481,-0.9509357009562068,0.16825312368463244,12
0.3697125926687572,0.008096580833050801,0.322710733574597,0.02519734771569375,-317447.2505100746,-0.9416775457801588,0.16154340988069593,12
0.7287231296769847,0.190311105359428,0.988642412195957,0.01998706882987876,-267446.8830191906,-0.9541692105661079,0.15304805154714576,12
0.40412059873128525,0.01972463459936499,0.32486538020903266,0.014568322361492553,-246485.79023950276,-0.983741222316524,0.15455601668783667,12
0.8256174678482833,0.031058792562655698,0.30417328153498363,0.16114374713333451,-428995.19871814497,-0.9088829710664031,0.1594152273350834,12
0.3893224682119467,0.1591139544644926,0.010907046727330783,0.01298088145785771,-329075.28528814233,-0.9799436166118617,0.1628884840632635,12
0.3859974517334557,0.014504451339271182,0.8663334092594706,0.0007209123895638159,-259326.23479968708,-0.9921850537037936,0.1572200634873515,12
0.15661810190484526,0.061568757893939716,0.24273439553436815,0.004091708060715349,-287674.18366212136,-0.9893438321589293,0.159726721203822,12
0.3661555906055586,0.00906319654578817,0.28545202675969483,0.27531848703130957,-327396.59234998055,-0.8021862643645546,0.15532041141507633,12
0.8583297869224262,0.10675706438192678,0.4344585909891222,0.09359628325212183,-161460.68053981801,-0.8713770909075412,0.1478895210550703,12
0.52487465588629,0.02358857475630867,0.3420581671973376,0.1362082167976782,-64097.238612146466,-0.8490599617731043,0.147513025713317,12
0.62755658516776,0.17665676047577245,0.799860475035343,0.27697139430438655,-118412.51703090446,-0.7690505915323672,0.1477814863488674,12
0.46280969624050533,0.14684518002559746,0.8629656024403617,0.26791106058575975,-268846.15764476836,-0.8552166151729067,0.15571302938252599,12
0.2249283601181391,0.05044234082208232,0.9231471626420384,0.16799780511738693,-250499.71160905669,-0.8815905530495991,0.15094139652030744,12
0.2155845011553395,0.01088671548837703,0.9415521774763216,0.015607514078825699,-308855.2014962459,-0.9331073572159633,0.1622426692828839,12
0.5151387175512491,0.031058792562655698,0.30417328153498363,0.16413201675701433,-210608.33856092652,-0.885362008878977,0.15432925380519683,12
0.7274563233466571,0.015219194966088104,0.9851959179807941,0.01998706882987876,-219452.05591060754,-0.9661046338741457,0.15497425203372275,12
0.46157858761444637,0.014469148764885394,0.8600214078203516,0.1539936621396037,-369946.9211931901,-0.8765643894652838,0.15968871777073743,12
0.531940073119821,0.10494130390668772,0.04606166663467015,0.3915497120415228,-405491.5246208576,-0.7534719326538961,0.17049162495847017,12
0.36671955042587934,0.1591139544644926,0.010907046727330783,0.24013851946592157,-345194.20138604176,-0.9009803207848023,0.17964905032582748,12
0.45985555988757076,0.19336311140862517,0.2878176296172549,0.014071555619198692,-301076.7143163097,-0.9518146055313511,0.17086698124127966,12
0.7115645727096394,0.042199006142383005,0.2832492897795471,0.02612115288122735,-296506.06276253314,-0.9380463337762984,0.16841913091740712,12
0.3859974517334557,0.01859051443765646,0.32486538020903266,0.014568322361492553,-245467.64556565662,-0.9668345067964629,0.15972551739905458,12
0.7610763879142659,0.01088671548837703,0.3818441536191586,0.011947413067721235,-54940.83351714464,-0.9785001369439691,0.1592396885113142,12
0.9877772406933321,0.09460171788399538,0.6205783678434121,0.080324089461637,-225249.6042038512,-0.8942143642539059,0.15786466372209926,12
0.9861238163473314,0.0909323386502775,0.24273439553436815,0.004091708060715349,-263524.5293578538,-0.9836665803143089,0.17062392691261796,12
0.1809171394037925,0.023631696699292683,0.24273439553436815,0.004091708060715349,-258013.57351004545,-0.9844068904668145,0.17051623110077607,12
0.7291050776917269,0.19917892502603107,0.3202011353763224,0.004425758384983991,-187193.3338895205,-0.9797949862135678,0.16564942043363207,12
0.9421326930059516,0.11822564947724389,0.1429628809375253,0.04408109497819174,-131699.65087489111,-0.969947096708502,0.1641932702108274,12
0.9946412624884851,0.0909323386502775,0.22020995294490753,0.004091708060715349,-121442.04477855172,-0.9811707668321059,0.1652616137576185,12
0.36671955042587934,0.1591139544644926,0.00412324908174766,0.24013851946592157,-365504.34661903296,-0.8685510345897143,0.17121092686473235,12
0.7180839738379233,0.09674049618212331,0.98175503735528,0.3835441059799305,-141518.42606989425,-0.7331913848150364,0.14895751496718504,12
0.712622939283032,0.017716711277764197,0.3818441536191586,0.011947413067721235,-148296.12328080836,-0.9705444024940393,0.1673373455294794,12
0.6790439161526759,0.014878128268395253,0.9757981336337553,0.20368992465581542,-77698.87025087605,-0.8523826227779775,0.14988156410011685,12
0.7080075715980964,0.04270854820064625,0.28545202675969483,0.4238393312496029,-310932.7762887431,-0.7476673357623002,0.15641497435713714,12
0.5256671982347982,0.15406074061241842,0.04606166663467015,0.13387007166123716,-354368.5830385937,-0.809874542260603,0.17045147560531274,12
0.02770939779749837,0.12742930670593094,0.876907942711342,0.0828195278819489,-221540.5501107004,-0.8578452418294512,0.15226867035520955,12
0.7358312516566594,0.03031620467875312,0.30417328153498363,0.10955464874898968,-127363.59389006824,-0.9045139825180866,0.1611401022344304,12
0.6790439161526759,0.014878128268395253,0.9473296637036736,0.2043232471483259,-158061.9714478744,-0.81643690208678,0.15065175202576261,12
0.7886471273600142,0.07252614124357187,0.381735377153187,0.0750767249221542,-283073.1033874432,-0.8974919764778363,0.16326449532603604,12
0.7180839738379233,0.09674049618212331,0.9802304834339034,0.3806573338635493,-80244.68879198623,-0.789681051108249,0.14191312111286702,13
0.9421326930059516,0.11822564947724389,0.13539991182696032,0.04408109497819174,-308949.0180063429,-0.9582176392988971,0.1594723481978436,13
0.2249283601181391,0.04602061925936718,0.9540995304725521,0.16799780511738693,-372783.63489501487,-0.8039201716722087,0.15727066151032057,13
0.589252821455732,0.10046583645476008,0.7114025037967138,0.23005287193148155,-333321.31426555006,-0.8012183901267713,0.1475719441993513,13
0.5097879964582102,0.009669196418359262,0.9679997926346381,0.22401149041987933,-342482.0079154858,-0.8742385118894912,0.1524778275091647,13
0.2229805152974853,0.09460171788399538,0.6205783678434121,0.08000540537909823,-322492.9109098098,-0.9340056197142115,0.15787941910729034,13
0.15662618851822518,0.05930644909574178,0.9915474959123731,0.16799780511738693,-212015.10914334012,-0.8553600603426753,0.14671666961613586,13
0.8490781597377566,0.014469148764885394,0.8600214078203516,0.15200655090641021,-275431.02071077726,-0.8876583437208808,0.14685960195688622,13
0.4553708652871694,0.10675706438192678,0.41153562447088965,0.09558339448545392,-304547.59647926636,-0.8952305775726282,0.15745480890622318,13
0.4553708652871694,0.07921677883455142,0.409380977836454,0.098285728677787,-336295.0873828122,-0.9088853497152609,0.15750293292968134,13
0.9878808422621312,0.0909323386502775,0.2238398004052578,0.0408211697439847,-366670.1534897481,-0.9509357009562068,0.16825312368463244,13
0.3697125926687572,0.008096580833050801,0.322710733574597,0.02519734771569375,-317447.2505100746,-0.9416775457801588,0.16154340988069593,13
0.7287231296769847,0.190311105359428,0.988642412195957,0.01998706882987876,-267446.8830191906,-0.9541692105661079,0.15304805154714576,13
0.40412059873128525,0.01972463459936499,0.32486538020903266,0.014568322361492553,-246485.79023950276,-0.983741222316524,0.15455601668783667,13
0.8256174678482833,0.031058792562655698,0.30417328153498363,0.16114374713333451,-428995.19871814497,-0.9088829710664031,0.1594152273350834,13
0.3893224682119467,0.1591139544644926,0.010907046727330783,0.01298088145785771,-329075.28528814233,-0.9799436166118617,0.1628884840632635,13
0.3859974517334557,0.014504451339271182,0.8663334092594706,0.0007209123895638159,-259326.23479968708,-0.9921850537037936,0.1572200634873515,13
0.15661810190484526,0.061568757893939716,0.24273439553436815,0.004091708060715349,-287674.18366212136,-0.9893438321589293,0.159726721203822,13
0.02770939779749837,0.15771895400386243,0.876907942711342,0.0828195278819489,-212789.74051628183,-0.9033397480304354,0.14865656725122992,13
0.3661555906055586,0.00906319654578817,0.28545202675969483,0.27531848703130957,-327396.59234998055,-0.8021862643645546,0.15532041141507633,13
0.8583297869224262,0.10675706438192678,0.4344585909891222,0.09359628325212183,-161460.68053981801,-0.8713770909075412,0.1478895210550703,13
0.52487465588629,0.02358857475630867,0.3420581671973376,0.1362082167976782,-64097.238612146466,-0.8490599617731043,0.147513025713317,13
0.62755658516776,0.17665676047577245,0.799860475035343,0.27697139430438655,-118412.51703090446,-0.7690505915323672,0.1477814863488674,13
0.46280969624050533,0.14684518002559746,0.8629656024403617,0.26791106058575975,-268846.15764476836,-0.8552166151729067,0.15571302938252599,13
0.2249283601181391,0.05044234082208232,0.9231471626420384,0.16799780511738693,-250499.71160905669,-0.8815905530495991,0.15094139652030744,13
0.2155845011553395,0.01088671548837703,0.9415521774763216,0.015607514078825699,-308855.2014962459,-0.9331073572159633,0.1622426692828839,13
0.7274563233466571,0.015219194966088104,0.9851959179807941,0.01998706882987876,-219452.05591060754,-0.9661046338741457,0.15497425203372275,13
0.46157858761444637,0.014469148764885394,0.8600214078203516,0.1539936621396037,-369946.9211931901,-0.8765643894652838,0.15968871777073743,13
0.531940073119821,0.10494130390668772,0.04606166663467015,0.3915497120415228,-405491.5246208576,-0.7534719326538961,0.17049162495847017,13
0.36671955042587934,0.1591139544644926,0.010907046727330783,0.24013851946592157,-345194.20138604176,-0.9009803207848023,0.17964905032582748,13
0.45985555988757076,0.19336311140862517,0.2878176296172549,0.014071555619198692,-301076.7143163097,-0.9518146055313511,0.17086698124127966,13
0.7115645727096394,0.042199006142383005,0.2832492897795471,0.02612115288122735,-296506.06276253314,-0.9380463337762984,0.16841913091740712,13
0.3859974517334557,0.01859051443765646,0.32486538020903266,0.014568322361492553,-245467.64556565662,-0.9668345067964629,0.15972551739905458,13
0.7610763879142659,0.01088671548837703,0.3818441536191586,0.011947413067721235,-54940.83351714464,-0.9785001369439691,0.1592396885113142,13
0.9877772406933321,0.09460171788399538,0.6205783678434121,0.080324089461637,-225249.6042038512,-0.8942143642539059,0.15786466372209926,13
0.2155845011553395,0.03593448934613808,0.9392996179041418,0.015607514078825699,-150789.53575118908,-0.9740978684782111,0.15792382572578,13
0.9861238163473314,0.0909323386502775,0.24273439553436815,0.004091708060715349,-263524.5293578538,-0.9836665803143089,0.17062392691261796,13
0.1809171394037925,0.023631696699292683,0.24273439553436815,0.004091708060715349,-258013.57351004545,-0.9844068904668145,0.17051623110077607,13
0.7291050776917269,0.19917892502603107,0.3202011353763224,0.004425758384983991,-187193.3338895205,-0.9797949862135678,0.16564942043363207,13
0.9946412624884851,0.0909323386502775,0.22020995294490753,0.004091708060715349,-121442.04477855172,-0.9811707668321059,0.1652616137576185,13
0.3859974517334557,0.0109593240076493,0.8723496193900131,0.0007209123895638159,-164396.0368153953,-0.9875713874482847,0.1672124212226931,13
0.5151387175512491,0.031058792562655698,0.30417328153498363,0.16413201675701433,-210608.33856092652,-0.885362008878977,0.15432925380519683,13
0.7180839738379233,0.09674049618212331,0.98175503735528,0.3835441059799305,-141518.42606989425,-0.7331913848150364,0.14895751496718504,13
0.3893224682119467,0.1288243071659432,0.010907046727330783,0.01298088145785771,-77635.61782016694,-0.9736310824513605,0.17798243834514682,13
0.36671955042587934,0.1591139544644926,0.00412324908174766,0.24013851946592157,-365504.34661903296,-0.8685510345897143,0.17121092686473235,13
0.5798607502645841,0.08928363887379462,0.22272962838065719,0.015124465871797332,-47812.10873120052,-0.9826370125069084,0.1704145438480098,13
0.8252268988245893,0.031058792562655698,0.30417328153498363,0.16272276104735123,-193745.30463118307,-0.9051933183239567,0.159201594449149,13
0.7080075715980964,0.04270854820064625,0.28545202675969483,0.4238393312496029,-310932.7762887431,-0.7476673357623002,0.15641497435713714,13
0.02770939779749837,0.12742930670593094,0.876907942711342,0.0828195278819489,-221540.5501107004,-0.8578452418294512,0.15226867035520955,13
0.7886471273600142,0.07252614124357187,0.381735377153187,0.0750767249221542,-283073.1033874432,-0.8974919764778363,0.16326449532603604,13
0.7180839738379233,0.09674049618212331,0.9802304834339034,0.3806573338635493,-80244.68879198623,-0.789681051108249,0.14191312111286702,14
0.589252821455732,0.10046583645476008,0.7114025037967138,0.23005287193148155,-333321.31426555006,-0.8012183901267713,0.1475719441993513,14
0.15662618851822518,0.05930644909574178,0.9915474959123731,0.16799780511738693,-212015.10914334012,-0.8553600603426753,0.14671666961613586,14
0.8490781597377566,0.014469148764885394,0.8600214078203516,0.15200655090641021,-275431.02071077726,-0.8876583437208808,0.14685960195688622,14
0.8256174678482833,0.031058792562655698,0.30417328153498363,0.16114374713333451,-428995.19871814497,-0.9088829710664031,0.1594152273350834,14
0.3859974517334557,0.014504451339271182,0.8663334092594706,0.0007209123895638159,-259326.23479968708,-0.9921850537037936,0.1572200634873515,14
0.15661810190484526,0.061568757893939716,0.24273439553436815,0.004091708060715349,-287674.18366212136,-0.9893438321589293,0.159726721203822,14
0.02770939779749837,0.15771895400386243,0.876907942711342,0.0828195278819489,-212789.74051628183,-0.9033397480304354,0.14865656725122992,14
0.7291050776917269,0.19917892502603107,0.3202011353763224,0.019176512841675666,-378263.83381348994,-0.9843028581532075,0.15083422648379485,14
0.45349055464137056,0.010269599736416477,0.8663334092594706,0.0007209123895638159,-243554.33638383518,-0.9953330434480806,0.1525934590932602,14
0.8583297869224262,0.10675706438192678,0.4344585909891222,0.09359628325212183,-161460.68053981801,-0.8713770909075412,0.1478895210550703,14
0.52487465588629,0.02358857475630867,0.3420581671973376,0.1362082167976782,-64097.238612146466,-0.8490599617731043,0.147513025713317,14
0.62755658516776,0.17665676047577245,0.799860475035343,0.27697139430438655,-118412.51703090446,-0.7690505915323672,0.1477814863488674,14
0.531940073119821,0.10494130390668772,0.04606166663467015,0.3915497120415228,-405491.5246208576,-0.7534719326538961,0.17049162495847017,14
0.1809171394037925,0.023631696699292683,0.24273439553436815,0.004091708060715349,-258013.57351004545,-0.9844068904668145,0.17051623110077607,14
0.9421326930059516,0.11822564947724389,0.13539991182696032,0.04408109497819174,-308949.0180063429,-0.9582176392988971,0.1594723481978436,14
0.2249283601181391,0.04602061925936718,0.9540995304725521,0.16799780511738693,-372783.63489501487,-0.8039201716722087,0.15727066151032057,14
0.5097879964582102,0.009669196418359262,0.9679997926346381,0.22401149041987933,-342482.0079154858,-0.8742385118894912,0.1524778275091647,14
0.2229805152974853,0.09460171788399538,0.6205783678434121,0.08000540537909823,-322492.9109098098,-0.9340056197142115,0.15787941910729034,14
0.4553708652871694,0.10675706438192678,0.41153562447088965,0.09558339448545392,-304547.59647926636,-0.8952305775726282,0.15745480890622318,14
0.4553708652871694,0.07921677883455142,0.409380977836454,0.098285728677787,-336295.0873828122,-0.9088853497152609,0.15750293292968134,14
0.9878808422621312,0.0909323386502775,0.2238398004052578,0.0408211697439847,-366670.1534897481,-0.9509357009562068,0.16825312368463244,14
0.3697125926687572,0.008096580833050801,0.322710733574597,0.02519734771569375,-317447.2505100746,-0.9416775457801588,0.16154340988069593,14
0.7287231296769847,0.190311105359428,0.988642412195957,0.01998706882987876,-267446.8830191906,-0.9541692105661079,0.15304805154714576,14
0.40412059873128525,0.01972463459936499,0.32486538020903266,0.014568322361492553,-246485.79023950276,-0.983741222316524,0.15455601668783667,14
0.3893224682119467,0.1591139544644926,0.010907046727330783,0.01298088145785771,-329075.28528814233,-0.9799436166118617,0.1628884840632635,14
0.2249283601181391,0.05044234082208232,0.9231471626420384,0.16799780511738693,-250499.71160905669,-0.8815905530495991,0.15094139652030744,14
0.46157858761444637,0.014469148764885394,0.8600214078203516,0.1539936621396037,-369946.9211931901,-0.8765643894652838,0.15968871777073743,14
0.9861238163473314,0.0909323386502775,0.24273439553436815,0.004091708060715349,-263524.5293578538,-0.9836665803143089,0.17062392691261796,14
0.3859974517334557,0.0109593240076493,0.8723496193900131,0.0007209123895638159,-164396.0368153953,-0.9875713874482847,0.1672124212226931,14
0.7180839738379233,0.09674049618212331,0.98175503735528,0.3835441059799305,-141518.42606989425,-0.7331913848150364,0.14895751496718504,14
0.3661555906055586,0.00906319654578817,0.28545202675969483,0.27531848703130957,-327396.59234998055,-0.8021862643645546,0.15532041141507633,14
0.46280969624050533,0.14684518002559746,0.8629656024403617,0.26791106058575975,-268846.15764476836,-0.8552166151729067,0.15571302938252599,14
0.36671955042587934,0.1591139544644926,0.010907046727330783,0.24013851946592157,-345194.20138604176,-0.9009803207848023,0.17964905032582748,14
0.2155845011553395,0.01088671548837703,0.9415521774763216,0.015607514078825699,-308855.2014962459,-0.9331073572159633,0.1622426692828839,14
0.5151387175512491,0.031058792562655698,0.30417328153498363,0.16413201675701433,-210608.33856092652,-0.885362008878977,0.15432925380519683,14
0.7274563233466571,0.015219194966088104,0.9851959179807941,0.01998706882987876,-219452.05591060754,-0.9661046338741457,0.15497425203372275,14
0.3859974517334557,0.01859051443765646,0.32486538020903266,0.014568322361492553,-245467.64556565662,-0.9668345067964629,0.15972551739905458,14
0.7610763879142659,0.01088671548837703,0.3818441536191586,0.011947413067721235,-54940.83351714464,-0.9785001369439691,0.1592396885113142,14
0.9877772406933321,0.09460171788399538,0.6205783678434121,0.080324089461637,-225249.6042038512,-0.8942143642539059,0.15786466372209926,14
0.2155845011553395,0.03593448934613808,0.9392996179041418,0.015607514078825699,-150789.53575118908,-0.9740978684782111,0.15792382572578,14
0.9946412624884851,0.0909323386502775,0.22020995294490753,0.004091708060715349,-121442.04477855172,-0.9811707668321059,0.1652616137576185,14
0.45985555988757076,0.19336311140862517,0.2878176296172549,0.014071555619198692,-301076.7143163097,-0.9518146055313511,0.17086698124127966,14
0.7115645727096394,0.042199006142383005,0.2832492897795471,0.02612115288122735,-296506.06276253314,-0.9380463337762984,0.16841913091740712,14
0.7291050776917269,0.19917892502603107,0.3202011353763224,0.004425758384983991,-187193.3338895205,-0.9797949862135678,0.16564942043363207,14
0.02770939779749837,0.12742930670593094,0.876907942711342,0.0828195278819489,-221540.5501107004,-0.8578452418294512,0.15226867035520955,14
0.36671955042587934,0.1591139544644926,0.00412324908174766,0.24013851946592157,-365504.34661903296,-0.8685510345897143,0.17121092686473235,14
0.3893224682119467,0.1591139544644926,0.010907046727330783,0.012996269656832888,-211160.07429316718,-0.9738127735052343,0.17497037129845516,14
0.5798607502645841,0.08928363887379462,0.22272962838065719,0.015124465871797332,-47812.10873120052,-0.9826370125069084,0.1704145438480098,14
0.3893224682119467,0.1288243071659432,0.010907046727330783,0.01298088145785771,-77635.61782016694,-0.9736310824513605,0.17798243834514682,14
0.7180839738379233,0.09674049618212331,0.9802304834339034,0.3806573338635493,-80244.68879198623,-0.789681051108249,0.14191312111286702,15
0.589252821455732,0.10046583645476008,0.7114025037967138,0.23005287193148155,-333321.31426555006,-0.8012183901267713,0.1475719441993513,15
0.15662618851822518,0.05930644909574178,0.9915474959123731,0.16799780511738693,-212015.10914334012,-0.8553600603426753,0.14671666961613586,15
0.8490781597377566,0.014469148764885394,0.8600214078203516,0.15200655090641021,-275431.02071077726,-0.8876583437208808,0.14685960195688622,15
0.8256174678482833,0.031058792562655698,0.30417328153498363,0.16114374713333451,-428995.19871814497,-0.9088829710664031,0.1594152273350834,15
0.3859974517334557,0.014504451339271182,0.8663334092594706,0.0007209123895638159,-259326.23479968708,-0.9921850537037936,0.1572200634873515,15
0.15661810190484526,0.061568757893939716,0.24273439553436815,0.004091708060715349,-287674.18366212136,-0.9893438321589293,0.159726721203822,15
0.02770939779749837,0.15771895400386243,0.876907942711342,0.0828195278819489,-212789.74051628183,-0.9033397480304354,0.14865656725122992,15
0.7291050776917269,0.19917892502603107,0.3202011353763224,0.019176512841675666,-378263.83381348994,-0.9843028581532075,0.15083422648379485,15
0.45349055464137056,0.010269599736416477,0.8663334092594706,0.0007209123895638159,-243554.33638383518,-0.9953330434480806,0.1525934590932602,15
0.9964194070149692,0.0909323386502775,0.22020995294490753,0.006236999929156918,-255196.50002151247,-0.987221744878911,0.15686721950447183,15
0.8583297869224262,0.10675706438192678,0.4344585909891222,0.09359628325212183,-161460.68053981801,-0.8713770909075412,0.1478895210550703,15
0.52487465588629,0.02358857475630867,0.3420581671973376,0.1362082167976782,-64097.238612146466,-0.8490599617731043,0.147513025713317,15
0.62755658516776,0.17665676047577245,0.799860475035343,0.27697139430438655,-118412.51703090446,-0.7690505915323672,0.1477814863488674,15
0.531940073119821,0.10494130390668772,0.04606166663467015,0.3915497120415228,-405491.5246208576,-0.7534719326538961,0.17049162495847017,15
0.1809171394037925,0.023631696699292683,0.24273439553436815,0.004091708060715349,-258013.57351004545,-0.9844068904668145,0.17051623110077607,15
0.9421326930059516,0.11822564947724389,0.13539991182696032,0.04408109497819174,-308949.0180063429,-0.9582176392988971,0.1594723481978436,15
0.2249283601181391,0.04602061925936718,0.9540995304725521,0.16799780511738693,-372783.63489501487,-0.8039201716722087,0.15727066151032057,15
0.5097879964582102,0.009669196418359262,0.9679997926346381,0.22401149041987933,-342482.0079154858,-0.8742385118894912,0.1524778275091647,15
0.2229805152974853,0.09460171788399538,0.6205783678434121,0.08000540537909823,-322492.9109098098,-0.9340056197142115,0.15787941910729034,15
0.4553708652871694,0.10675706438192678,0.41153562447088965,0.09558339448545392,-304547.59647926636,-0.8952305775726282,0.15745480890622318,15
0.4553708652871694,0.07921677883455142,0.409380977836454,0.098285728677787,-336295.0873828122,-0.9088853497152609,0.15750293292968134,15
0.9878808422621312,0.0909323386502775,0.2238398004052578,0.0408211697439847,-366670.1534897481,-0.9509357009562068,0.16825312368463244,15
0.3697125926687572,0.008096580833050801,0.322710733574597,0.02519734771569375,-317447.2505100746,-0.9416775457801588,0.16154340988069593,15
0.7287231296769847,0.190311105359428,0.988642412195957,0.01998706882987876,-267446.8830191906,-0.9541692105661079,0.15304805154714576,15
0.40412059873128525,0.01972463459936499,0.32486538020903266,0.014568322361492553,-246485.79023950276,-0.983741222316524,0.15455601668783667,15
0.3893224682119467,0.1591139544644926,0.010907046727330783,0.01298088145785771,-329075.28528814233,-0.9799436166118617,0.1628884840632635,15
0.2249283601181391,0.05044234082208232,0.9231471626420384,0.16799780511738693,-250499.71160905669,-0.8815905530495991,0.15094139652030744,15
0.46157858761444637,0.014469148764885394,0.8600214078203516,0.1539936621396037,-369946.9211931901,-0.8765643894652838,0.15968871777073743,15
0.9861238163473314,0.0909323386502775,0.24273439553436815,0.004091708060715349,-263524.5293578538,-0.9836665803143089,0.17062392691261796,15
0.02770939779749837,0.005675147578765943,0.8662695307973274,0.0828195278819489,-339210.452921512,-0.9138362155930735,0.16686617079076357,15
0.4370068602837178,0.16623743812312589,0.8769718211734852,0.0007209123895638159,-164919.1881845567,-0.9894626791871642,0.16718954614106593,15
0.7610763879142659,0.01088671548837703,0.3818441536191586,0.011947413067721235,-54940.83351714464,-0.9785001369439691,0.1592396885113142,15
0.3859974517334557,0.0109593240076493,0.8723496193900131,0.0007209123895638159,-164396.0368153953,-0.9875713874482847,0.1672124212226931,15
0.36671955042587934,0.1591139544644926,0.00412324908174766,0.24013851946592157,-365504.34661903296,-0.8685510345897143,0.17121092686473235,15
0.7180839738379233,0.09674049618212331,0.98175503735528,0.3835441059799305,-141518.42606989425,-0.7331913848150364,0.14895751496718504,15
0.36671955042587934,0.1591139544644926,0.010907046727330783,0.24013851946592157,-345194.20138604176,-0.9009803207848023,0.17964905032582748,15
0.3661555906055586,0.00906319654578817,0.28545202675969483,0.27531848703130957,-327396.59234998055,-0.8021862643645546,0.15532041141507633,15
0.9946412624884851,0.0909323386502775,0.22020995294490753,0.004091708060715349,-121442.04477855172,-0.9811707668321059,0.1652616137576185,15
0.2155845011553395,0.01088671548837703,0.9415521774763216,0.015607514078825699,-308855.2014962459,-0.9331073572159633,0.1622426692828839,15
0.46280969624050533,0.14684518002559746,0.8629656024403617,0.26791106058575975,-268846.15764476836,-0.8552166151729067,0.15571302938252599,15
0.3893224682119467,0.1591139544644926,0.010907046727330783,0.012996269656832888,-211160.07429316718,-0.9738127735052343,0.17497037129845516,15
0.7115645727096394,0.042199006142383005,0.2832492897795471,0.02612115288122735,-296506.06276253314,-0.9380463337762984,0.16841913091740712,15
0.5151387175512491,0.031058792562655698,0.30417328153498363,0.16413201675701433,-210608.33856092652,-0.885362008878977,0.15432925380519683,15
0.02770939779749837,0.12742930670593094,0.876907942711342,0.0828195278819489,-221540.5501107004,-0.8578452418294512,0.15226867035520955,15
0.45985555988757076,0.19336311140862517,0.2878176296172549,0.014071555619198692,-301076.7143163097,-0.9518146055313511,0.17086698124127966,15
0.3859974517334557,0.01859051443765646,0.32486538020903266,0.014568322361492553,-245467.64556565662,-0.9668345067964629,0.15972551739905458,15
0.4748522333779396,0.12481802293800304,0.010907046727330783,0.0129016784949113,-265417.55033504317,-0.9679387856316771,0.1721270144569432,15
0.7291050776917269,0.19917892502603107,0.3202011353763224,0.004425758384983991,-187193.3338895205,-0.9797949862135678,0.16564942043363207,15
0.9877772406933321,0.09460171788399538,0.6205783678434121,0.080324089461637,-225249.6042038512,-0.8942143642539059,0.15786466372209926,15
0.7180839738379233,0.09674049618212331,0.9802304834339034,0.3806573338635493,-80244.68879198623,-0.789681051108249,0.14191312111286702,16
0.589252821455732,0.10046583645476008,0.7114025037967138,0.23005287193148155,-333321.31426555006,-0.8012183901267713,0.1475719441993513,16
0.15662618851822518,0.05930644909574178,0.9915474959123731,0.16799780511738693,-212015.10914334012,-0.8553600603426753,0.14671666961613586,16
0.8490781597377566,0.014469148764885394,0.8600214078203516,0.15200655090641021,-275431.02071077726,-0.8876583437208808,0.14685960195688622,16
0.8256174678482833,0.031058792562655698,0.30417328153498363,0.16114374713333451,-428995.19871814497,-0.9088829710664031,0.1594152273350834,16
0.3859974517334557,0.014504451339271182,0.8663334092594706,0.0007209123895638159,-259326.23479968708,-0.9921850537037936,0.1572200634873515,16
0.15661810190484526,0.061568757893939716,0.24273439553436815,0.004091708060715349,-287674.18366212136,-0.9893438321589293,0.159726721203822,16
0.02770939779749837,0.15771895400386243,0.876907942711342,0.0828195278819489,-212789.74051628183,-0.9033397480304354,0.14865656725122992,16
0.7291050776917269,0.19917892502603107,0.3202011353763224,0.019176512841675666,-378263.83381348994,-0.9843028581532075,0.15083422648379485,16
0.45349055464137056,0.010269599736416477,0.8663334092594706,0.0007209123895638159,-243554.33638383518,-0.9953330434480806,0.1525934590932602,16
0.9964194070149692,0.0909323386502775,0.22020995294490753,0.006236999929156918,-255196.50002151247,-0.987221744878911,0.15686721950447183,16
0.3733950795205919,0.05867463072387512,0.9889211449370843,0.17205963078694061,-121301.27854545055,-0.9289567016016976,0.14660346414473463,16
0.8583297869224262,0.10675706438192678,0.4344585909891222,0.09359628325212183,-161460.68053981801,-0.8713770909075412,0.1478895210550703,16
0.531940073119821,0.10494130390668772,0.04606166663467015,0.3915497120415228,-405491.5246208576,-0.7534719326538961,0.17049162495847017,16
0.1809171394037925,0.023631696699292683,0.24273439553436815,0.004091708060715349,-258013.57351004545,-0.9844068904668145,0.17051623110077607,16
0.9421326930059516,0.11822564947724389,0.13539991182696032,0.04408109497819174,-308949.0180063429,-0.9582176392988971,0.1594723481978436,16
0.2249283601181391,0.04602061925936718,0.9540995304725521,0.16799780511738693,-372783.63489501487,-0.8039201716722087,0.15727066151032057,16
0.5097879964582102,0.009669196418359262,0.9679997926346381,0.22401149041987933,-342482.0079154858,-0.8742385118894912,0.1524778275091647,16
0.2229805152974853,0.09460171788399538,0.6205783678434121,0.08000540537909823,-322492.9109098098,-0.9340056197142115,0.15787941910729034,16
0.4553708652871694,0.10675706438192678,0.41153562447088965,0.09558339448545392,-304547.59647926636,-0.8952305775726282,0.15745480890622318,16
0.4553708652871694,0.07921677883455142,0.409380977836454,0.098285728677787,-336295.0873828122,-0.9088853497152609,0.15750293292968134,16
0.9878808422621312,0.0909323386502775,0.2238398004052578,0.0408211697439847,-366670.1534897481,-0.9509357009562068,0.16825312368463244,16
0.3697125926687572,0.008096580833050801,0.322710733574597,0.02519734771569375,-317447.2505100746,-0.9416775457801588,0.16154340988069593,16
0.7287231296769847,0.190311105359428,0.988642412195957,0.01998706882987876,-267446.8830191906,-0.9541692105661079,0.15304805154714576,16
0.40412059873128525,0.01972463459936499,0.32486538020903266,0.014568322361492553,-246485.79023950276,-0.983741222316524,0.15455601668783667,16
0.3893224682119467,0.1591139544644926,0.010907046727330783,0.01298088145785771,-329075.28528814233,-0.9799436166118617,0.1628884840632635,16
0.2249283601181391,0.05044234082208232,0.9231471626420384,0.16799780511738693,-250499.71160905669,-0.8815905530495991,0.15094139652030744,16
0.46157858761444637,0.014469148764885394,0.8600214078203516,0.1539936621396037,-369946.9211931901,-0.8765643894652838,0.15968871777073743,16
0.9861238163473314,0.0909323386502775,0.24273439553436815,0.004091708060715349,-263524.5293578538,-0.9836665803143089,0.17062392691261796,16
0.02770939779749837,0.005675147578765943,0.8662695307973274,0.0828195278819489,-339210.452921512,-0.9138362155930735,0.16686617079076357,16
0.4370068602837178,0.16623743812312589,0.8769718211734852,0.0007209123895638159,-164919.1881845567,-0.9894626791871642,0.16718954614106593,16
0.3859974517334557,0.013193309014343305,0.8723496193900131,0.0005445646680149541,-162895.97242818025,-0.988703513088539,0.15372683684455962,16
0.52487465588629,0.02358857475630867,0.3420581671973376,0.1362082167976782,-64097.238612146466,-0.8490599617731043,0.147513025713317,16
0.62755658516776,0.17665676047577245,0.799860475035343,0.27697139430438655,-118412.51703090446,-0.7690505915323672,0.1477814863488674,16
0.3859974517334557,0.0109593240076493,0.8723496193900131,0.0007209123895638159,-164396.0368153953,-0.9875713874482847,0.1672124212226931,16
0.36671955042587934,0.1591139544644926,0.010907046727330783,0.24013851946592157,-345194.20138604176,-0.9009803207848023,0.17964905032582748,16
0.039321551524232334,0.031058792562655698,0.4124351797182542,0.15385465123297853,-35249.55241959952,-0.8898183440293108,0.15532149697949324,16
0.36671955042587934,0.1591139544644926,0.00412324908174766,0.24013851946592157,-365504.34661903296,-0.8685510345897143,0.17121092686473235,16
0.7180839738379233,0.09674049618212331,0.98175503735528,0.3835441059799305,-141518.42606989425,-0.7331913848150364,0.14895751496718504,16
0.3661555906055586,0.00906319654578817,0.28545202675969483,0.27531848703130957,-327396.59234998055,-0.8021862643645546,0.15532041141507633,16
0.46280969624050533,0.14684518002559746,0.8629656024403617,0.26791106058575975,-268846.15764476836,-0.8552166151729067,0.15571302938252599,16
0.2155845011553395,0.01088671548837703,0.9415521774763216,0.015607514078825699,-308855.2014962459,-0.9331073572159633,0.1622426692828839,16
0.9946412624884851,0.0909323386502775,0.22020995294490753,0.004091708060715349,-121442.04477855172,-0.9811707668321059,0.1652616137576185,16
0.3893224682119467,0.05244097768016961,0.01870059041784433,0.18538096346602806,-312209.7487289857,-0.8944744085123636,0.1736122859966035,16
0.7115645727096394,0.042199006142383005,0.2832492897795471,0.02612115288122735,-296506.06276253314,-0.9380463337762984,0.16841913091740712,16
0.5151387175512491,0.031058792562655698,0.30417328153498363,0.16413201675701433,-210608.33856092652,-0.885362008878977,0.15432925380519683,16
0.9878808422621312,0.09187209776119046,0.2238398004052578,0.0408211697439847,-65894.83883021049,-0.966037983457762,0.15966744660655077,16
0.02770939779749837,0.12742930670593094,0.876907942711342,0.0828195278819489,-221540.5501107004,-0.8578452418294512,0.15226867035520955,16
0.45985555988757076,0.19336311140862517,0.2878176296172549,0.014071555619198692,-301076.7143163097,-0.9518146055313511,0.17086698124127966,16
0.7291050776917269,0.19917892502603107,0.3202011353763224,0.004425758384983991,-187193.3338895205,-0.9797949862135678,0.16564942043363207,16
0.7180839738379233,0.09674049618212331,0.9802304834339034,0.3806573338635493,-80244.68879198623,-0.789681051108249,0.14191312111286702,17
0.589252821455732,0.10046583645476008,0.7114025037967138,0.23005287193148155,-333321.31426555006,-0.8012183901267713,0.1475719441993513,17
0.15662618851822518,0.05930644909574178,0.9915474959123731,0.16799780511738693,-212015.10914334012,-0.8553600603426753,0.14671666961613586,17
0.8490781597377566,0.014469148764885394,0.8600214078203516,0.15200655090641021,-275431.02071077726,-0.8876583437208808,0.14685960195688622,17
0.8256174678482833,0.031058792562655698,0.30417328153498363,0.16114374713333451,-428995.19871814497,-0.9088829710664031,0.1594152273350834,17
0.3859974517334557,0.014504451339271182,0.8663334092594706,0.0007209123895638159,-259326.23479968708,-0.9921850537037936,0.1572200634873515,17
0.15661810190484526,0.061568757893939716,0.24273439553436815,0.004091708060715349,-287674.18366212136,-0.9893438321589293,0.159726721203822,17
0.02770939779749837,0.15771895400386243,0.876907942711342,0.0828195278819489,-212789.74051628183,-0.9033397480304354,0.14865656725122992,17
0.7291050776917269,0.19917892502603107,0.3202011353763224,0.019176512841675666,-378263.83381348994,-0.9843028581532075,0.15083422648379485,17
0.45349055464137056,0.010269599736416477,0.8663334092594706,0.0007209123895638159,-243554.33638383518,-0.9953330434480806,0.1525934590932602,17
0.9964194070149692,0.0909323386502775,0.22020995294490753,0.006236999929156918,-255196.50002151247,-0.987221744878911,0.15686721950447183,17
0.3733950795205919,0.05867463072387512,0.9889211449370843,0.17205963078694061,-121301.27854545055,-0.9289567016016976,0.14660346414473463,17
0.7211219902784607,0.014469148764885394,0.8550374903074687,0.14579387152642528,-107134.65773229739,-0.847742814117446,0.14277177198175361,17
0.5881291001473542,0.15125527511924436,0.873961414265048,0.006916321575143977,-407354.2580548011,-0.9804188551913596,0.16389621565696452,17
0.8583297869224262,0.10675706438192678,0.4344585909891222,0.09359628325212183,-161460.68053981801,-0.8713770909075412,0.1478895210550703,17
0.1809171394037925,0.023631696699292683,0.24273439553436815,0.004091708060715349,-258013.57351004545,-0.9844068904668145,0.17051623110077607,17
0.43813058159209545,0.10692435497478892,0.731090036583581,0.26794573028309165,-203966.70610688848,-0.8640796357310524,0.15081061274419558,17
0.9421326930059516,0.11822564947724389,0.13539991182696032,0.04408109497819174,-308949.0180063429,-0.9582176392988971,0.1594723481978436,17
0.2249283601181391,0.04602061925936718,0.9540995304725521,0.16799780511738693,-372783.63489501487,-0.8039201716722087,0.15727066151032057,17
0.5097879964582102,0.009669196418359262,0.9679997926346381,0.22401149041987933,-342482.0079154858,-0.8742385118894912,0.1524778275091647,17
0.2229805152974853,0.09460171788399538,0.6205783678434121,0.08000540537909823,-322492.9109098098,-0.9340056197142115,0.15787941910729034,17
0.4553708652871694,0.10675706438192678,0.41153562447088965,0.09558339448545392,-304547.59647926636,-0.8952305775726282,0.15745480890622318,17
0.4553708652871694,0.07921677883455142,0.409380977836454,0.098285728677787,-336295.0873828122,-0.9088853497152609,0.15750293292968134,17
0.3697125926687572,0.008096580833050801,0.322710733574597,0.02519734771569375,-317447.2505100746,-0.9416775457801588,0.16154340988069593,17
0.7287231296769847,0.190311105359428,0.988642412195957,0.01998706882987876,-267446.8830191906,-0.9541692105661079,0.15304805154714576,17
0.40412059873128525,0.01972463459936499,0.32486538020903266,0.014568322361492553,-246485.79023950276,-0.983741222316524,0.15455601668783667,17
0.3893224682119467,0.1591139544644926,0.010907046727330783,0.01298088145785771,-329075.28528814233,-0.9799436166118617,0.1628884840632635,17
0.2249283601181391,0.05044234082208232,0.9231471626420384,0.16799780511738693,-250499.71160905669,-0.8815905530495991,0.15094139652030744,17
0.46157858761444637,0.014469148764885394,0.8600214078203516,0.1539936621396037,-369946.9211931901,-0.8765643894652838,0.15968871777073743,17
0.9861238163473314,0.0909323386502775,0.24273439553436815,0.004091708060715349,-263524.5293578538,-0.9836665803143089,0.17062392691261796,17
0.4370068602837178,0.16623743812312589,0.8769718211734852,0.0007209123895638159,-164919.1881845567,-0.9894626791871642,0.16718954614106593,17
0.3859974517334557,0.013193309014343305,0.8723496193900131,0.0005445646680149541,-162895.97242818025,-0.988703513088539,0.15372683684455962,17
0.52487465588629,0.02358857475630867,0.3420581671973376,0.1362082167976782,-64097.238612146466,-0.8490599617731043,0.147513025713317,17
0.62755658516776,0.17665676047577245,0.799860475035343,0.27697139430438655,-118412.51703090446,-0.7690505915323672,0.1477814863488674,17
0.531940073119821,0.10494130390668772,0.04606166663467015,0.3915497120415228,-405491.5246208576,-0.7534719326538961,0.17049162495847017,17
0.9878808422621312,0.0909323386502775,0.2238398004052578,0.0408211697439847,-366670.1534897481,-0.9509357009562068,0.16825312368463244,17
0.02770939779749837,0.005675147578765943,0.8662695307973274,0.0828195278819489,-339210.452921512,-0.9138362155930735,0.16686617079076357,17
0.36671955042587934,0.1591139544644926,0.016223489798542157,0.23557449337521758,-393862.05324179376,-0.8419322275669462,0.17310565701382555,17
0.36671955042587934,0.1591139544644926,0.010907046727330783,0.24013851946592157,-345194.20138604176,-0.9009803207848023,0.17964905032582748,17
0.3859974517334557,0.0109593240076493,0.8723496193900131,0.0007209123895638159,-164396.0368153953,-0.9875713874482847,0.1672124212226931,17
0.039321551524232334,0.031058792562655698,0.4124351797182542,0.15385465123297853,-35249.55241959952,-0.8898183440293108,0.15532149697949324,17
0.36671955042587934,0.1591139544644926,0.00412324908174766,0.24013851946592157,-365504.34661903296,-0.8685510345897143,0.17121092686473235,17
0.7180839738379233,0.09674049618212331,0.98175503735528,0.3835441059799305,-141518.42606989425,-0.7331913848150364,0.14895751496718504,17
0.3661555906055586,0.00906319654578817,0.28545202675969483,0.27531848703130957,-327396.59234998055,-0.8021862643645546,0.15532041141507633,17
0.9878808422621312,0.09187209776119046,0.2238398004052578,0.0408211697439847,-65894.83883021049,-0.966037983457762,0.15966744660655077,17
0.9946412624884851,0.0909323386502775,0.22020995294490753,0.004091708060715349,-121442.04477855172,-0.9811707668321059,0.1652616137576185,17
0.46280969624050533,0.14684518002559746,0.8629656024403617,0.26791106058575975,-268846.15764476836,-0.8552166151729067,0.15571302938252599,17
0.3893224682119467,0.05244097768016961,0.01870059041784433,0.18538096346602806,-312209.7487289857,-0.8944744085123636,0.1736122859966035,17
0.2155845011553395,0.01088671548837703,0.9415521774763216,0.015607514078825699,-308855.2014962459,-0.9331073572159633,0.1622426692828839,17
0.03562452796604548,0.12668651965424335,0.917562208062829,0.0828195278819489,-240637.89785840875,-0.8972815465582836,0.15667718392193677,17
0.7180839738379233,0.09674049618212331,0.9802304834339034,0.3806573338635493,-80244.68879198623,-0.789681051108249,0.14191312111286702,18
0.589252821455732,0.10046583645476008,0.7114025037967138,0.23005287193148155,-333321.31426555006,-0.8012183901267713,0.1475719441993513,18
0.8490781597377566,0.014469148764885394,0.8600214078203516,0.15200655090641021,-275431.02071077726,-0.8876583437208808,0.14685960195688622,18
0.8256174678482833,0.031058792562655698,0.30417328153498363,0.16114374713333451,-428995.19871814497,-0.9088829710664031,0.1594152273350834,18
0.3859974517334557,0.014504451339271182,0.8663334092594706,0.0007209123895638159,-259326.23479968708,-0.9921850537037936,0.1572200634873515,18
0.15661810190484526,0.061568757893939716,0.24273439553436815,0.004091708060715349,-287674.18366212136,-0.9893438321589293,0.159726721203822,18
0.02770939779749837,0.15771895400386243,0.876907942711342,0.0828195278819489,-212789.74051628183,-0.9033397480304354,0.14865656725122992,18
0.7291050776917269,0.19917892502603107,0.3202011353763224,0.019176512841675666,-378263.83381348994,-0.9843028581532075,0.15083422648379485,18
0.45349055464137056,0.010269599736416477,0.8663334092594706,0.0007209123895638159,-243554.33638383518,-0.9953330434480806,0.1525934590932602,18
0.9964194070149692,0.0909323386502775,0.22020995294490753,0.006236999929156918,-255196.50002151247,-0.987221744878911,0.15686721950447183,18
0.3733950795205919,0.05867463072387512,0.9889211449370843,0.17205963078694061,-121301.27854545055,-0.9289567016016976,0.14660346414473463,18
0.7211219902784607,0.014469148764885394,0.8550374903074687,0.14579387152642528,-107134.65773229739,-0.847742814117446,0.14277177198175361,18
0.9946412624884851,0.1537659921282482,0.22020995294490753,0.004228221965882413,-431874.75525316224,-0.9861590369742154,0.16329595031722646,18
0.3733950795205919,0.05867463072387512,0.9538928970961588,0.17205963078694061,-217003.06673098364,-0.8684984365992202,0.14398587513653566,18
0.5028310347633032,0.02358857475630867,0.3420581671973376,0.1362082167976782,-486442.0535813304,-0.8186306855487725,0.15474457527950172,18
0.8583297869224262,0.10675706438192678,0.4344585909891222,0.09359628325212183,-161460.68053981801,-0.8713770909075412,0.1478895210550703,18
0.5097879964582102,0.009669196418359262,0.9679997926346381,0.22401149041987933,-342482.0079154858,-0.8742385118894912,0.1524778275091647,18
0.4553708652871694,0.07921677883455142,0.409380977836454,0.098285728677787,-336295.0873828122,-0.9088853497152609,0.15750293292968134,18
0.7287231296769847,0.190311105359428,0.988642412195957,0.01998706882987876,-267446.8830191906,-0.9541692105661079,0.15304805154714576,18
0.40412059873128525,0.01972463459936499,0.32486538020903266,0.014568322361492553,-246485.79023950276,-0.983741222316524,0.15455601668783667,18
0.2249283601181391,0.05044234082208232,0.9231471626420384,0.16799780511738693,-250499.71160905669,-0.8815905530495991,0.15094139652030744,18
0.46157858761444637,0.014469148764885394,0.8600214078203516,0.1539936621396037,-369946.9211931901,-0.8765643894652838,0.15968871777073743,18
0.39414496056355075,0.014504451339271182,0.8663334600919584,0.08196736837723076,-148665.7110708883,-0.9381877046314097,0.15187074067589004,18
0.3859974517334557,0.0109593240076493,0.8730306521065154,0.005884626029871692,-332448.7002803443,-0.9810276937527082,0.15454401865243464,18
0.3859974517334557,0.013193309014343305,0.8723496193900131,0.0005445646680149541,-162895.97242818025,-0.988703513088539,0.15372683684455962,18
0.45349055464137056,0.010269599736416477,0.8969439511096856,0.0003808717453224475,-206481.73880586788,-0.9910211015428901,0.16144528483965367,18
0.023434559447946257,0.005675147578765943,0.8662694799648395,0.002750153644939482,-131822.18945546472,-0.9887375249584514,0.1538832789487901,18
0.5881291001473542,0.15125527511924436,0.873961414265048,0.006916321575143977,-407354.2580548011,-0.9804188551913596,0.16389621565696452,18
0.1809171394037925,0.023631696699292683,0.24273439553436815,0.004091708060715349,-258013.57351004545,-0.9844068904668145,0.17051623110077607,18
0.9861238163473314,0.0909323386502775,0.24273439553436815,0.004091708060715349,-263524.5293578538,-0.9836665803143089,0.17062392691261796,18
0.15662618851822518,0.05930644909574178,0.9915474959123731,0.16799780511738693,-212015.10914334012,-0.8553600603426753,0.14671666961613586,18
0.43813058159209545,0.10692435497478892,0.731090036583581,0.26794573028309165,-203966.70610688848,-0.8640796357310524,0.15081061274419558,18
0.2249283601181391,0.04602061925936718,0.9540995304725521,0.16799780511738693,-372783.63489501487,-0.8039201716722087,0.15727066151032057,18
0.531940073119821,0.10494130390668772,0.04606166663467015,0.3915497120415228,-405491.5246208576,-0.7534719326538961,0.17049162495847017,18
0.7180839738379233,0.09674049618212331,0.98175503735528,0.3835441059799305,-141518.42606989425,-0.7331913848150364,0.14895751496718504,18
0.4370068602837178,0.16623743812312589,0.8769718211734852,0.0007209123895638159,-164919.1881845567,-0.9894626791871642,0.16718954614106593,18
0.52487465588629,0.02358857475630867,0.3420581671973376,0.1362082167976782,-64097.238612146466,-0.8490599617731043,0.147513025713317,18
0.039321551524232334,0.031058792562655698,0.4124351797182542,0.15385465123297853,-35249.55241959952,-0.8898183440293108,0.15532149697949324,18
0.36671955042587934,0.1591139544644926,0.016223489798542157,0.23557449337521758,-393862.05324179376,-0.8419322275669462,0.17310565701382555,18
0.3661555906055586,0.00906319654578817,0.28545202675969483,0.27531848703130957,-327396.59234998055,-0.8021862643645546,0.15532041141507633,18
0.62755658516776,0.17665676047577245,0.799860475035343,0.27697139430438655,-118412.51703090446,-0.7690505915323672,0.1477814863488674,18
0.5881291001473542,0.08842162033022008,0.873961414265048,0.006779807669990994,-205900.0060739474,-0.9843990140520669,0.16522890917573071,18
0.46280969624050533,0.14684518002559746,0.8629656024403617,0.26791106058575975,-268846.15764476836,-0.8552166151729067,0.15571302938252599,18
0.9878808422621312,0.0909323386502775,0.2238398004052578,0.0408211697439847,-366670.1534897481,-0.9509357009562068,0.16825312368463244,18
0.02770939779749837,0.005675147578765943,0.8662695307973274,0.0828195278819489,-339210.452921512,-0.9138362155930735,0.16686617079076357,18
0.9878808422621312,0.09187209776119046,0.2238398004052578,0.0408211697439847,-65894.83883021049,-0.966037983457762,0.15966744660655077,18
0.03562452796604548,0.12668651965424335,0.917562208062829,0.0828195278819489,-240637.89785840875,-0.8972815465582836,0.15667718392193677,18
0.3893224682119467,0.1591139544644926,0.010907046727330783,0.01298088145785771,-329075.28528814233,-0.9799436166118617,0.1628884840632635,18
0.3697125926687572,0.008096580833050801,0.322710733574597,0.02519734771569375,-317447.2505100746,-0.9416775457801588,0.16154340988069593,18
0.2229805152974853,0.09460171788399538,0.6205783678434121,0.08000540537909823,-322492.9109098098,-0.9340056197142115,0.15787941910729034,18
0.7180839738379233,0.09674049618212331,0.9802304834339034,0.3806573338635493,-80244.68879198623,-0.789681051108249,0.14191312111286702,19
0.589252821455732,0.10046583645476008,0.7114025037967138,0.23005287193148155,-333321.31426555006,-0.8012183901267713,0.1475719441993513,19
0.8490781597377566,0.014469148764885394,0.8600214078203516,0.15200655090641021,-275431.02071077726,-0.8876583437208808,0.14685960195688622,19
0.8256174678482833,0.031058792562655698,0.30417328153498363,0.16114374713333451,-428995.19871814497,-0.9088829710664031,0.1594152273350834,19
0.3859974517334557,0.014504451339271182,0.8663334092594706,0.0007209123895638159,-259326.23479968708,-0.9921850537037936,0.1572200634873515,19
0.15661810190484526,0.061568757893939716,0.24273439553436815,0.004091708060715349,-287674.18366212136,-0.9893438321589293,0.159726721203822,19
0.02770939779749837,0.15771895400386243,0.876907942711342,0.0828195278819489,-212789.74051628183,-0.9033397480304354,0.14865656725122992,19
0.7291050776917269,0.19917892502603107,0.3202011353763224,0.019176512841675666,-378263.83381348994,-0.9843028581532075,0.15083422648379485,19
0.45349055464137056,0.010269599736416477,0.8663334092594706,0.0007209123895638159,-243554.33638383518,-0.9953330434480806,0.1525934590932602,19
0.9964194070149692,0.0909323386502775,0.22020995294490753,0.006236999929156918,-255196.50002151247,-0.987221744878911,0.15686721950447183,19
0.3733950795205919,0.05867463072387512,0.9889211449370843,0.17205963078694061,-121301.27854545055,-0.9289567016016976,0.14660346414473463,19
0.7211219902784607,0.014469148764885394,0.8550374903074687,0.14579387152642528,-107134.65773229739,-0.847742814117446,0.14277177198175361,19
0.9946412624884851,0.1537659921282482,0.22020995294490753,0.004228221965882413,-431874.75525316224,-0.9861590369742154,0.16329595031722646,19
0.3733950795205919,0.05867463072387512,0.9538928970961588,0.17205963078694061,-217003.06673098364,-0.8684984365992202,0.14398587513653566,19
0.5028310347633032,0.02358857475630867,0.3420581671973376,0.1362082167976782,-486442.0535813304,-0.8186306855487725,0.15474457527950172,19
0.2249283601181391,0.04602061925936718,0.9540995304725521,0.16800021398077064,-294941.0776701518,-0.8895448130567264,0.15050078499488367,19
0.8583297869224262,0.10675706438192678,0.4344585909891222,0.09359628325212183,-161460.68053981801,-0.8713770909075412,0.1478895210550703,19
0.5097879964582102,0.009669196418359262,0.9679997926346381,0.22401149041987933,-342482.0079154858,-0.8742385118894912,0.1524778275091647,19
0.7287231296769847,0.190311105359428,0.988642412195957,0.01998706882987876,-267446.8830191906,-0.9541692105661079,0.15304805154714576,19
0.40412059873128525,0.01972463459936499,0.32486538020903266,0.014568322361492553,-246485.79023950276,-0.983741222316524,0.15455601668783667,19
0.46157858761444637,0.014469148764885394,0.8600214078203516,0.1539936621396037,-369946.9211931901,-0.8765643894652838,0.15968871777073743,19
0.39414496056355075,0.014504451339271182,0.8663334600919584,0.08196736837723076,-148665.7110708883,-0.9381877046314097,0.15187074067589004,19
0.3859974517334557,0.0109593240076493,0.8730306521065154,0.005884626029871692,-332448.7002803443,-0.9810276937527082,0.15454401865243464,19
0.7246520701389991,0.15519459651462628,0.9454607842988336,0.021034112097709223,-341740.6347999543,-0.9605444736703808,0.15615658496859916,19
0.3859974517334557,0.013193309014343305,0.8723496193900131,0.0005445646680149541,-162895.97242818025,-0.988703513088539,0.15372683684455962,19
0.45349055464137056,0.010269599736416477,0.8969439511096856,0.0003808717453224475,-206481.73880586788,-0.9910211015428901,0.16144528483965367,19
0.023434559447946257,0.005675147578765943,0.8662694799648395,0.002750153644939482,-131822.18945546472,-0.9887375249584514,0.1538832789487901,19
0.5881291001473542,0.15125527511924436,0.873961414265048,0.006916321575143977,-407354.2580548011,-0.9804188551913596,0.16389621565696452,19
0.1809171394037925,0.023631696699292683,0.24273439553436815,0.004091708060715349,-258013.57351004545,-0.9844068904668145,0.17051623110077607,19
0.9861238163473314,0.0909323386502775,0.24273439553436815,0.004091708060715349,-263524.5293578538,-0.9836665803143089,0.17062392691261796,19
0.15662618851822518,0.05930644909574178,0.9915474959123731,0.16799780511738693,-212015.10914334012,-0.8553600603426753,0.14671666961613586,19
0.2249283601181391,0.04602061925936718,0.9540995304725521,0.16799780511738693,-372783.63489501487,-0.8039201716722087,0.15727066151032057,19
0.2249283601181391,0.05044234082208232,0.9231471626420384,0.16799780511738693,-250499.71160905669,-0.8815905530495991,0.15094139652030744,19
0.43813058159209545,0.10692435497478892,0.731090036583581,0.26794573028309165,-203966.70610688848,-0.8640796357310524,0.15081061274419558,19
0.7180839738379233,0.09674049618212331,0.98175503735528,0.3835441059799305,-141518.42606989425,-0.7331913848150364,0.14895751496718504,19
0.4370068602837178,0.16623743812312589,0.8769718211734852,0.0007209123895638159,-164919.1881845567,-0.9894626791871642,0.16718954614106593,19
0.36671955042587934,0.1591139544644926,0.016223489798542157,0.23557449337521758,-393862.05324179376,-0.8419322275669462,0.17310565701382555,19
0.531940073119821,0.10494130390668772,0.04606166663467015,0.3915497120415228,-405491.5246208576,-0.7534719326538961,0.17049162495847017,19
0.039321551524232334,0.031058792562655698,0.4124351797182542,0.15385465123297853,-35249.55241959952,-0.8898183440293108,0.15532149697949324,19
0.52487465588629,0.02358857475630867,0.3420581671973376,0.1362082167976782,-64097.238612146466,-0.8490599617731043,0.147513025713317,19
0.3661555906055586,0.00906319654578817,0.28545202675969483,0.27531848703130957,-327396.59234998055,-0.8021862643645546,0.15532041141507633,19
0.62755658516776,0.17665676047577245,0.799860475035343,0.27697139430438655,-118412.51703090446,-0.7690505915323672,0.1477814863488674,19
0.46280969624050533,0.14684518002559746,0.8629656024403617,0.26791106058575975,-268846.15764476836,-0.8552166151729067,0.15571302938252599,19
0.5881291001473542,0.08842162033022008,0.873961414265048,0.006779807669990994,-205900.0060739474,-0.9843990140520669,0.16522890917573071,19
0.9878808422621312,0.09187209776119046,0.2238398004052578,0.0408211697439847,-65894.83883021049,-0.966037983457762,0.15966744660655077,19
0.03562452796604548,0.12668651965424335,0.917562208062829,0.0828195278819489,-240637.89785840875,-0.8972815465582836,0.15667718392193677,19
0.9878808422621312,0.0909323386502775,0.2238398004052578,0.0408211697439847,-366670.1534897481,-0.9509357009562068,0.16825312368463244,19
0.3697125926687572,0.008096580833050801,0.322710733574597,0.02519734771569375,-317447.2505100746,-0.9416775457801588,0.16154340988069593,19
0.3893224682119467,0.1591139544644926,0.010907046727330783,0.01298088145785771,-329075.28528814233,-0.9799436166118617,0.1628884840632635,19
0.2229805152974853,0.09460171788399538,0.6205783678434121,0.08000540537909823,-322492.9109098098,-0.9340056197142115,0.15787941910729034,19
0.7180839738379233,0.09674049618212331,0.9802304834339034,0.3806573338635493,-80244.68879198623,-0.789681051108249,0.14191312111286702,20
0.589252821455732,0.10046583645476008,0.7114025037967138,0.23005287193148155,-333321.31426555006,-0.8012183901267713,0.1475719441993513,20
0.8490781597377566,0.014469148764885394,0.8600214078203516,0.15200655090641021,-275431.02071077726,-0.8876583437208808,0.14685960195688622,20
0.8256174678482833,0.031058792562655698,0.30417328153498363,0.16114374713333451,-428995.19871814497,-0.9088829710664031,0.1594152273350834,20
0.3859974517334557,0.014504451339271182,0.8663334092594706,0.0007209123895638159,-259326.23479968708,-0.9921850537037936,0.1572200634873515,20
0.15661810190484526,0.061568757893939716,0.24273439553436815,0.004091708060715349,-287674.18366212136,-0.9893438321589293,0.159726721203822,20
0.02770939779749837,0.15771895400386243,0.876907942711342,0.0828195278819489,-212789.74051628183,-0.9033397480304354,0.14865656725122992,20
0.7291050776917269,0.19917892502603107,0.3202011353763224,0.019176512841675666,-378263.83381348994,-0.9843028581532075,0.15083422648379485,20
0.45349055464137056,0.010269599736416477,0.8663334092594706,0.0007209123895638159,-243554.33638383518,-0.9953330434480806,0.1525934590932602,20
0.3733950795205919,0.05867463072387512,0.9889211449370843,0.17205963078694061,-121301.27854545055,-0.9289567016016976,0.14660346414473463,20
0.7211219902784607,0.014469148764885394,0.8550374903074687,0.14579387152642528,-107134.65773229739,-0.847742814117446,0.14277177198175361,20
0.9946412624884851,0.1537659921282482,0.22020995294490753,0.004228221965882413,-431874.75525316224,-0.9861590369742154,0.16329595031722646,20
0.3733950795205919,0.05867463072387512,0.9538928970961588,0.17205963078694061,-217003.06673098364,-0.8684984365992202,0.14398587513653566,20
0.5028310347633032,0.02358857475630867,0.3420581671973376,0.1362082167976782,-486442.0535813304,-0.8186306855487725,0.15474457527950172,20
0.2249283601181391,0.04602061925936718,0.9540995304725521,0.16800021398077064,-294941.0776701518,-0.8895448130567264,0.15050078499488367,20
0.45349055464137056,0.010661041420354768,0.8663334092594706,0.001380651984032949,-282430.829419731,-0.9889028223452261,0.1558820297199257,20
0.8583297869224262,0.10675706438192678,0.4344585909891222,0.09359628325212183,-161460.68053981801,-0.8713770909075412,0.1478895210550703,20
0.5097879964582102,0.009669196418359262,0.9679997926346381,0.22401149041987933,-342482.0079154858,-0.8742385118894912,0.1524778275091647,20
0.7287231296769847,0.190311105359428,0.988642412195957,0.01998706882987876,-267446.8830191906,-0.9541692105661079,0.15304805154714576,20
0.40412059873128525,0.01972463459936499,0.32486538020903266,0.014568322361492553,-246485.79023950276,-0.983741222316524,0.15455601668783667,20
0.46157858761444637,0.014469148764885394,0.8600214078203516,0.1539936621396037,-369946.9211931901,-0.8765643894652838,0.15968871777073743,20
0.39414496056355075,0.014504451339271182,0.8663334600919584,0.08196736837723076,-148665.7110708883,-0.9381877046314097,0.15187074067589004,20
0.3859974517334557,0.0109593240076493,0.8730306521065154,0.005884626029871692,-332448.7002803443,-0.9810276937527082,0.15454401865243464,20
0.7246520701389991,0.15519459651462628,0.9454607842988336,0.021034112097709223,-341740.6347999543,-0.9605444736703808,0.15615658496859916,20
0.3859974517334557,0.013193309014343305,0.8723496193900131,0.0005445646680149541,-162895.97242818025,-0.988703513088539,0.15372683684455962,20
0.45349055464137056,0.010269599736416477,0.8969439511096856,0.0003808717453224475,-206481.73880586788,-0.9910211015428901,0.16144528483965367,20
0.023434559447946257,0.005675147578765943,0.8662694799648395,0.002750153644939482,-131822.18945546472,-0.9887375249584514,0.1538832789487901,20
0.5881291001473542,0.15125527511924436,0.873961414265048,0.006916321575143977,-407354.2580548011,-0.9804188551913596,0.16389621565696452,20
0.15662618851822518,0.05930644909574178,0.9915474959123731,0.16799780511738693,-212015.10914334012,-0.8553600603426753,0.14671666961613586,20
0.2249283601181391,0.04602061925936718,0.9540995304725521,0.16799780511738693,-372783.63489501487,-0.8039201716722087,0.15727066151032057,20
0.2249283601181391,0.05044234082208232,0.9231471626420384,0.16799780511738693,-250499.71160905669,-0.8815905530495991,0.15094139652030744,20
0.43813058159209545,0.10692435497478892,0.731090036583581,0.26794573028309165,-203966.70610688848,-0.8640796357310524,0.15081061274419558,20
0.9964194070149692,0.0909323386502775,0.22020995294490753,0.006236999929156918,-255196.50002151247,-0.987221744878911,0.15686721950447183,20
0.1809171394037925,0.023631696699292683,0.24273439553436815,0.004091708060715349,-258013.57351004545,-0.9844068904668145,0.17051623110077607,20
0.9861238163473314,0.0909323386502775,0.24273439553436815,0.004091708060715349,-263524.5293578538,-0.9836665803143089,0.17062392691261796,20
0.52487465588629,0.02358857475630867,0.3420581671973376,0.1362082167976782,-64097.238612146466,-0.8490599617731043,0.147513025713317,20
0.7180839738379233,0.09674049618212331,0.98175503735528,0.3835441059799305,-141518.42606989425,-0.7331913848150364,0.14895751496718504,20
0.4370068602837178,0.16623743812312589,0.8769718211734852,0.0007209123895638159,-164919.1881845567,-0.9894626791871642,0.16718954614106593,20
0.531940073119821,0.10494130390668772,0.04606166663467015,0.3915497120415228,-405491.5246208576,-0.7534719326538961,0.17049162495847017,20
0.36671955042587934,0.1591139544644926,0.016223489798542157,0.23557449337521758,-393862.05324179376,-0.8419322275669462,0.17310565701382555,20
0.039321551524232334,0.031058792562655698,0.4124351797182542,0.15385465123297853,-35249.55241959952,-0.8898183440293108,0.15532149697949324,20
0.3661555906055586,0.00906319654578817,0.28545202675969483,0.27531848703130957,-327396.59234998055,-0.8021862643645546,0.15532041141507633,20
0.46280969624050533,0.14684518002559746,0.8629656024403617,0.26791106058575975,-268846.15764476836,-0.8552166151729067,0.15571302938252599,20
0.9878808422621312,0.0909323386502775,0.2238398004052578,0.0408211697439847,-366670.1534897481,-0.9509357009562068,0.16825312368463244,20
0.963156301955966,0.14741104504267447,0.8283999657109905,0.31585352026968416,-227332.43674773807,-0.8461766648119563,0.15228915209678495,20
0.03562452796604548,0.12668651965424335,0.917562208062829,0.0828195278819489,-240637.89785840875,-0.8972815465582836,0.15667718392193677,20
0.5881291001473542,0.08842162033022008,0.873961414265048,0.006779807669990994,-205900.0060739474,-0.9843990140520669,0.16522890917573071,20
0.9878808422621312,0.09187209776119046,0.2238398004052578,0.0408211697439847,-65894.83883021049,-0.966037983457762,0.15966744660655077,20
0.3893224682119467,0.1591139544644926,0.010907046727330783,0.01298088145785771,-329075.28528814233,-0.9799436166118617,0.1628884840632635,20
0.2229805152974853,0.09460171788399538,0.6205783678434121,0.08000540537909823,-322492.9109098098,-0.9340056197142115,0.15787941910729034,20
0.7180839738379233,0.09674049618212331,0.9802304834339034,0.3806573338635493,-80244.68879198623,-0.789681051108249,0.14191312111286702,21
0.8256174678482833,0.031058792562655698,0.30417328153498363,0.16114374713333451,-428995.19871814497,-0.9088829710664031,0.1594152273350834,21
0.3859974517334557,0.014504451339271182,0.8663334092594706,0.0007209123895638159,-259326.23479968708,-0.9921850537037936,0.1572200634873515,21
0.15661810190484526,0.061568757893939716,0.24273439553436815,0.004091708060715349,-287674.18366212136,-0.9893438321589293,0.159726721203822,21
0.7291050776917269,0.19917892502603107,0.3202011353763224,0.019176512841675666,-378263.83381348994,-0.9843028581532075,0.15083422648379485,21
0.45349055464137056,0.010269599736416477,0.8663334092594706,0.0007209123895638159,-243554.33638383518,-0.9953330434480806,0.1525934590932602,21
0.7211219902784607,0.014469148764885394,0.8550374903074687,0.14579387152642528,-107134.65773229739,-0.847742814117446,0.14277177198175361,21
0.9946412624884851,0.1537659921282482,0.22020995294490753,0.004228221965882413,-431874.75525316224,-0.9861590369742154,0.16329595031722646,21
0.3733950795205919,0.05867463072387512,0.9538928970961588,0.17205963078694061,-217003.06673098364,-0.8684984365992202,0.14398587513653566,21
0.5028310347633032,0.02358857475630867,0.3420581671973376,0.1362082167976782,-486442.0535813304,-0.8186306855487725,0.15474457527950172,21
0.45349055464137056,0.010661041420354768,0.8663334092594706,0.001380651984032949,-282430.829419731,-0.9889028223452261,0.1558820297199257,21
0.023434559447946257,0.005226092527269749,0.8662694799648395,0.01309144673864833,-345209.95630788215,-0.9842679076564197,0.14546654879745416,21
0.46157858761444637,0.014469148764885394,0.8600214078203516,0.1539936621396037,-369946.9211931901,-0.8765643894652838,0.15968871777073743,21
0.3859974517334557,0.013193309014343305,0.8723496193900131,0.0005445646680149541,-162895.97242818025,-0.988703513088539,0.15372683684455962,21
0.45349055464137056,0.010269599736416477,0.8969439511096856,0.0003808717453224475,-206481.73880586788,-0.9910211015428901,0.16144528483965367,21
0.023434559447946257,0.005675147578765943,0.8662694799648395,0.002750153644939482,-131822.18945546472,-0.9887375249584514,0.1538832789487901,21
0.5881291001473542,0.15125527511924436,0.873961414265048,0.006916321575143977,-407354.2580548011,-0.9804188551913596,0.16389621565696452,21
0.2249283601181391,0.04602061925936718,0.9540995304725521,0.16799780511738693,-372783.63489501487,-0.8039201716722087,0.15727066151032057,21
0.9964194070149692,0.0909323386502775,0.22020995294490753,0.006236999929156918,-255196.50002151247,-0.987221744878911,0.15686721950447183,21
0.1809171394037925,0.023631696699292683,0.24273439553436815,0.004091708060715349,-258013.57351004545,-0.9844068904668145,0.17051623110077607,21
0.589252821455732,0.10046583645476008,0.7114025037967138,0.23005287193148155,-333321.31426555006,-0.8012183901267713,0.1475719441993513,21
0.8490781597377566,0.014469148764885394,0.8600214078203516,0.15200655090641021,-275431.02071077726,-0.8876583437208808,0.14685960195688622,21
0.02770939779749837,0.15771895400386243,0.876907942711342,0.0828195278819489,-212789.74051628183,-0.9033397480304354,0.14865656725122992,21
0.3733950795205919,0.05867463072387512,0.9889211449370843,0.17205963078694061,-121301.27854545055,-0.9289567016016976,0.14660346414473463,21
0.2249283601181391,0.04602061925936718,0.9540995304725521,0.16800021398077064,-294941.0776701518,-0.8895448130567264,0.15050078499488367,21
0.5097879964582102,0.009669196418359262,0.9679997926346381,0.22401149041987933,-342482.0079154858,-0.8742385118894912,0.1524778275091647,21
0.7287231296769847,0.190311105359428,0.988642412195957,0.01998706882987876,-267446.8830191906,-0.9541692105661079,0.15304805154714576,21
0.40412059873128525,0.01972463459936499,0.32486538020903266,0.014568322361492553,-246485.79023950276,-0.983741222316524,0.15455601668783667,21
0.39414496056355075,0.014504451339271182,0.8663334600919584,0.08196736837723076,-148665.7110708883,-0.9381877046314097,0.15187074067589004,21
0.3859974517334557,0.0109593240076493,0.8730306521065154,0.005884626029871692,-332448.7002803443,-0.9810276937527082,0.15454401865243464,21
0.7246520701389991,0.15519459651462628,0.9454607842988336,0.021034112097709223,-341740.6347999543,-0.9605444736703808,0.15615658496859916,21
0.15662618851822518,0.05930644909574178,0.9915474959123731,0.16799780511738693,-212015.10914334012,-0.8553600603426753,0.14671666961613586,21
0.9861238163473314,0.0909323386502775,0.24273439553436815,0.004091708060715349,-263524.5293578538,-0.9836665803143089,0.17062392691261796,21
0.4370068602837178,0.16623743812312589,0.8769718211734852,0.0007209123895638159,-164919.1881845567,-0.9894626791871642,0.16718954614106593,21
0.531940073119821,0.10494130390668772,0.04606166663467015,0.3915497120415228,-405491.5246208576,-0.7534719326538961,0.17049162495847017,21
0.36671955042587934,0.1591139544644926,0.016223489798542157,0.23557449337521758,-393862.05324179376,-0.8419322275669462,0.17310565701382555,21
0.9878808422621312,0.0909323386502775,0.2238398004052578,0.0408211697439847,-366670.1534897481,-0.9509357009562068,0.16825312368463244,21
0.5881291001473542,0.08842162033022008,0.873961414265048,0.006779807669990994,-205900.0060739474,-0.9843990140520669,0.16522890917573071,21
0.8583297869224262,0.10675706438192678,0.4344585909891222,0.09359628325212183,-161460.68053981801,-0.8713770909075412,0.1478895210550703,21
0.7211219902784607,0.014469148764885394,0.8881166230583243,0.14579387152642528,-128764.28420549417,-0.8817224071657123,0.1498114432315848,21
0.2249283601181391,0.05044234082208232,0.9231471626420384,0.16799780511738693,-250499.71160905669,-0.8815905530495991,0.15094139652030744,21
0.43813058159209545,0.10692435497478892,0.731090036583581,0.26794573028309165,-203966.70610688848,-0.8640796357310524,0.15081061274419558,21
0.7115454689961612,0.09674049618212331,0.9914065808516549,0.11044204563417848,-195950.97052426985,-0.8934490076025723,0.15395973293968276,21
0.3661555906055586,0.00906319654578817,0.28545202675969483,0.27531848703130957,-327396.59234998055,-0.8021862643645546,0.15532041141507633,21
0.46280969624050533,0.14684518002559746,0.8629656024403617,0.26791106058575975,-268846.15764476836,-0.8552166151729067,0.15571302938252599,21
0.3893224682119467,0.1591139544644926,0.010907046727330783,0.01298088145785771,-329075.28528814233,-0.9799436166118617,0.1628884840632635,21
0.4965408504430761,0.014199036978626678,0.8507294205857868,0.0067345053423037565,-237702.22782547344,-0.9801174440496223,0.1584806628162815,21
0.03562452796604548,0.12668651965424335,0.917562208062829,0.0828195278819489,-240637.89785840875,-0.8972815465582836,0.15667718392193677,21
0.2229805152974853,0.09460171788399538,0.6205783678434121,0.08000540537909823,-322492.9109098098,-0.9340056197142115,0.15787941910729034,21
0.52487465588629,0.02358857475630867,0.3420581671973376,0.1362082167976782,-64097.238612146466,-0.8490599617731043,0.147513025713317,21
0.7180839738379233,0.09674049618212331,0.9802304834339034,0.3806573338635493,-80244.68879198623,-0.789681051108249,0.14191312111286702,22
0.8256174678482833,0.031058792562655698,0.30417328153498363,0.16114374713333451,-428995.19871814497,-0.9088829710664031,0.1594152273350834,22
0.3859974517334557,0.014504451339271182,0.8663334092594706,0.0007209123895638159,-259326.23479968708,-0.9921850537037936,0.1572200634873515,22
0.15661810190484526,0.061568757893939716,0.24273439553436815,0.004091708060715349,-287674.18366212136,-0.9893438321589293,0.159726721203822,22
0.7291050776917269,0.19917892502603107,0.3202011353763224,0.019176512841675666,-378263.83381348994,-0.9843028581532075,0.15083422648379485,22
0.45349055464137056,0.010269599736416477,0.8663334092594706,0.0007209123895638159,-243554.33638383518,-0.9953330434480806,0.1525934590932602,22
0.7211219902784607,0.014469148764885394,0.8550374903074687,0.14579387152642528,-107134.65773229739,-0.847742814117446,0.14277177198175361,22
0.9946412624884851,0.1537659921282482,0.22020995294490753,0.004228221965882413,-431874.75525316224,-0.9861590369742154,0.16329595031722646,22
0.3733950795205919,0.05867463072387512,0.9538928970961588,0.17205963078694061,-217003.06673098364,-0.8684984365992202,0.14398587513653566,22
0.5028310347633032,0.02358857475630867,0.3420581671973376,0.1362082167976782,-486442.0535813304,-0.8186306855487725,0.15474457527950172,22
0.45349055464137056,0.010661041420354768,0.8663334092594706,0.001380651984032949,-282430.829419731,-0.9889028223452261,0.1558820297199257,22
0.023434559447946257,0.005226092527269749,0.8662694799648395,0.01309144673864833,-345209.95630788215,-0.9842679076564197,0.14546654879745416,22
0.46157858761444637,0.014469148764885394,0.8600214078203516,0.1539936621396037,-369946.9211931901,-0.8765643894652838,0.15968871777073743,22
0.3859974517334557,0.013193309014343305,0.8723496193900131,0.0005445646680149541,-162895.97242818025,-0.988703513088539,0.15372683684455962,22
0.45349055464137056,0.010269599736416477,0.8969439511096856,0.0003808717453224475,-206481.73880586788,-0.9910211015428901,0.16144528483965367,22
0.023434559447946257,0.005675147578765943,0.8662694799648395,0.002750153644939482,-131822.18945546472,-0.9887375249584514,0.1538832789487901,22
0.5881291001473542,0.15125527511924436,0.873961414265048,0.006916321575143977,-407354.2580548011,-0.9804188551913596,0.16389621565696452,22
0.2249283601181391,0.04602061925936718,0.9540995304725521,0.16799780511738693,-372783.63489501487,-0.8039201716722087,0.15727066151032057,22
0.9964194070149692,0.0909323386502775,0.22020995294490753,0.006236999929156918,-255196.50002151247,-0.987221744878911,0.15686721950447183,22
0.1809171394037925,0.023631696699292683,0.24273439553436815,0.004091708060715349,-258013.57351004545,-0.9844068904668145,0.17051623110077607,22
0.589252821455732,0.10046583645476008,0.7114025037967138,0.23005287193148155,-333321.31426555006,-0.8012183901267713,0.1475719441993513,22
0.8490781597377566,0.014469148764885394,0.8600214078203516,0.15200655090641021,-275431.02071077726,-0.8876583437208808,0.14685960195688622,22
0.02770939779749837,0.15771895400386243,0.876907942711342,0.0828195278819489,-212789.74051628183,-0.9033397480304354,0.14865656725122992,22
0.3733950795205919,0.05867463072387512,0.9889211449370843,0.17205963078694061,-121301.27854545055,-0.9289567016016976,0.14660346414473463,22
0.2249283601181391,0.04602061925936718,0.9540995304725521,0.16800021398077064,-294941.0776701518,-0.8895448130567264,0.15050078499488367,22
0.5097879964582102,0.009669196418359262,0.9679997926346381,0.22401149041987933,-342482.0079154858,-0.8742385118894912,0.1524778275091647,22
0.7287231296769847,0.190311105359428,0.988642412195957,0.01998706882987876,-267446.8830191906,-0.9541692105661079,0.15304805154714576,22
0.40412059873128525,0.01972463459936499,0.32486538020903266,0.014568322361492553,-246485.79023950276,-0.983741222316524,0.15455601668783667,22
0.39414496056355075,0.014504451339271182,0.8663334600919584,0.08196736837723076,-148665.7110708883,-0.9381877046314097,0.15187074067589004,22
0.3859974517334557,0.0109593240076493,0.8730306521065154,0.005884626029871692,-332448.7002803443,-0.9810276937527082,0.15454401865243464,22
0.7246520701389991,0.15519459651462628,0.9454607842988336,0.021034112097709223,-341740.6347999543,-0.9605444736703808,0.15615658496859916,22
0.15662618851822518,0.05930644909574178,0.9915474959123731,0.16799780511738693,-212015.10914334012,-0.8553600603426753,0.14671666961613586,22
0.9861238163473314,0.0909323386502775,0.24273439553436815,0.004091708060715349,-263524.5293578538,-0.9836665803143089,0.17062392691261796,22
0.38515939681590655,0.014504451339271182,0.8663334092594706,0.037760154670240326,-243565.42628777318,-0.9252854817196209,0.14941338181369543,22
0.52487465588629,0.02358857475630867,0.3420581671973376,0.1362082167976782,-64097.238612146466,-0.8490599617731043,0.147513025713317,22
0.4370068602837178,0.16623743812312589,0.8769718211734852,0.0007209123895638159,-164919.1881845567,-0.9894626791871642,0.16718954614106593,22
0.531940073119821,0.10494130390668772,0.04606166663467015,0.3915497120415228,-405491.5246208576,-0.7534719326538961,0.17049162495847017,22
0.36671955042587934,0.1591139544644926,0.016223489798542157,0.23557449337521758,-393862.05324179376,-0.8419322275669462,0.17310565701382555,22
0.9878808422621312,0.0909323386502775,0.2238398004052578,0.0408211697439847,-366670.1534897481,-0.9509357009562068,0.16825312368463244,22
0.2229805152974853,0.09460171788399538,0.6205783678434121,0.08000540537909823,-322492.9109098098,-0.9340056197142115,0.15787941910729034,22
0.7211219902784607,0.014469148764885394,0.8881166230583243,0.14579387152642528,-128764.28420549417,-0.8817224071657123,0.1498114432315848,22
0.3893224682119467,0.1591139544644926,0.010907046727330783,0.01298088145785771,-329075.28528814233,-0.9799436166118617,0.1628884840632635,22
0.7115454689961612,0.09674049618212331,0.9914065808516549,0.11044204563417848,-195950.97052426985,-0.8934490076025723,0.15395973293968276,22
0.3661555906055586,0.00906319654578817,0.28545202675969483,0.27531848703130957,-327396.59234998055,-0.8021862643645546,0.15532041141507633,22
0.7180839738379233,0.057921680808616455,0.9802304834339034,0.18150084040996456,-380320.5897198806,-0.8131985635304592,0.16420476964792732,22
0.46280969624050533,0.14684518002559746,0.8629656024403617,0.26791106058575975,-268846.15764476836,-0.8552166151729067,0.15571302938252599,22
0.03562452796604548,0.12668651965424335,0.917562208062829,0.0828195278819489,-240637.89785840875,-0.8972815465582836,0.15667718392193677,22
0.8583297869224262,0.10675706438192678,0.4344585909891222,0.09359628325212183,-161460.68053981801,-0.8713770909075412,0.1478895210550703,22
0.5881291001473542,0.08842162033022008,0.873961414265048,0.006779807669990994,-205900.0060739474,-0.9843990140520669,0.16522890917573071,22
0.998312605017037,0.09748175226349705,0.5957745730523667,0.0047251738239244626,-252973.87283146576,-0.9808874282481129,0.16017804641294806,22
0.7180839738379233,0.09674049618212331,0.9802304834339034,0.3806573338635493,-80244.68879198623,-0.789681051108249,0.14191312111286702,23
0.8256174678482833,0.031058792562655698,0.30417328153498363,0.16114374713333451,-428995.19871814497,-0.9088829710664031,0.1594152273350834,23
0.3859974517334557,0.014504451339271182,0.8663334092594706,0.0007209123895638159,-259326.23479968708,-0.9921850537037936,0.1572200634873515,23
0.15661810190484526,0.061568757893939716,0.24273439553436815,0.004091708060715349,-287674.18366212136,-0.9893438321589293,0.159726721203822,23
0.7291050776917269,0.19917892502603107,0.3202011353763224,0.019176512841675666,-378263.83381348994,-0.9843028581532075,0.15083422648379485,23
0.45349055464137056,0.010269599736416477,0.8663334092594706,0.0007209123895638159,-243554.33638383518,-0.9953330434480806,0.1525934590932602,23
0.7211219902784607,0.014469148764885394,0.8550374903074687,0.14579387152642528,-107134.65773229739,-0.847742814117446,0.14277177198175361,23
0.9946412624884851,0.1537659921282482,0.22020995294490753,0.004228221965882413,-431874.75525316224,-0.9861590369742154,0.16329595031722646,23
0.3733950795205919,0.05867463072387512,0.9538928970961588,0.17205963078694061,-217003.06673098364,-0.8684984365992202,0.14398587513653566,23
0.5028310347633032,0.02358857475630867,0.3420581671973376,0.1362082167976782,-486442.0535813304,-0.8186306855487725,0.15474457527950172,23
0.45349055464137056,0.010661041420354768,0.8663334092594706,0.001380651984032949,-282430.829419731,-0.9889028223452261,0.1558820297199257,23
0.023434559447946257,0.005226092527269749,0.8662694799648395,0.01309144673864833,-345209.95630788215,-0.9842679076564197,0.14546654879745416,23
0.3821950888511097,0.09634320918359607,0.9802304834339034,0.1616665289365557,-432583.5259732025,-0.8874903309801815,0.15211739165383897,23
0.3733950795205919,0.05867463072387512,0.2821987859856934,0.011454011218197599,-274731.0583165496,-0.9846970786868096,0.1531273957957114,23
0.3859974517334557,0.013193309014343305,0.8723496193900131,0.0005445646680149541,-162895.97242818025,-0.988703513088539,0.15372683684455962,23
0.45349055464137056,0.010269599736416477,0.8969439511096856,0.0003808717453224475,-206481.73880586788,-0.9910211015428901,0.16144528483965367,23
0.023434559447946257,0.005675147578765943,0.8662694799648395,0.002750153644939482,-131822.18945546472,-0.9887375249584514,0.1538832789487901,23
0.5881291001473542,0.15125527511924436,0.873961414265048,0.006916321575143977,-407354.2580548011,-0.9804188551913596,0.16389621565696452,23
0.9964194070149692,0.0909323386502775,0.22020995294490753,0.006236999929156918,-255196.50002151247,-0.987221744878911,0.15686721950447183,23
0.589252821455732,0.10046583645476008,0.7114025037967138,0.23005287193148155,-333321.31426555006,-0.8012183901267713,0.1475719441993513,23
0.8490781597377566,0.014469148764885394,0.8600214078203516,0.15200655090641021,-275431.02071077726,-0.8876583437208808,0.14685960195688622,23
0.3733950795205919,0.05867463072387512,0.9889211449370843,0.17205963078694061,-121301.27854545055,-0.9289567016016976,0.14660346414473463,23
0.2249283601181391,0.04602061925936718,0.9540995304725521,0.16800021398077064,-294941.0776701518,-0.8895448130567264,0.15050078499488367,23
0.7287231296769847,0.190311105359428,0.988642412195957,0.01998706882987876,-267446.8830191906,-0.9541692105661079,0.15304805154714576,23
0.3859974517334557,0.0109593240076493,0.8730306521065154,0.005884626029871692,-332448.7002803443,-0.9810276937527082,0.15454401865243464,23
0.7246520701389991,0.15519459651462628,0.9454607842988336,0.021034112097709223,-341740.6347999543,-0.9605444736703808,0.15615658496859916,23
0.15662618851822518,0.05930644909574178,0.9915474959123731,0.16799780511738693,-212015.10914334012,-0.8553600603426753,0.14671666961613586,23
0.38515939681590655,0.014504451339271182,0.8663334092594706,0.037760154670240326,-243565.42628777318,-0.9252854817196209,0.14941338181369543,23
0.589240414803689,0.15125527511924436,0.8740199601660749,0.008601004266594076,-241379.4248734971,-0.9772859627400395,0.14861727335309213,23
0.46157858761444637,0.014469148764885394,0.8600214078203516,0.1539936621396037,-369946.9211931901,-0.8765643894652838,0.15968871777073743,23
0.2249283601181391,0.04602061925936718,0.9540995304725521,0.16799780511738693,-372783.63489501487,-0.8039201716722087,0.15727066151032057,23
0.5097879964582102,0.009669196418359262,0.9679997926346381,0.22401149041987933,-342482.0079154858,-0.8742385118894912,0.1524778275091647,23
0.5881415067993973,0.10046583645476008,0.7141933641801503,0.2298335233711505,-385661.25725316984,-0.8123469884036494,0.16207902332288857,23
0.1809171394037925,0.023631696699292683,0.24273439553436815,0.004091708060715349,-258013.57351004545,-0.9844068904668145,0.17051623110077607,23
0.40412059873128525,0.01972463459936499,0.32486538020903266,0.014568322361492553,-246485.79023950276,-0.983741222316524,0.15455601668783667,23
0.9861238163473314,0.0909323386502775,0.24273439553436815,0.004091708060715349,-263524.5293578538,-0.9836665803143089,0.17062392691261796,23
0.531940073119821,0.10494130390668772,0.04606166663467015,0.3915497120415228,-405491.5246208576,-0.7534719326538961,0.17049162495847017,23
0.4370068602837178,0.16623743812312589,0.8769718211734852,0.0007209123895638159,-164919.1881845567,-0.9894626791871642,0.16718954614106593,23
0.36671955042587934,0.1591139544644926,0.016223489798542157,0.23557449337521758,-393862.05324179376,-0.8419322275669462,0.17310565701382555,23
0.52487465588629,0.02358857475630867,0.3420581671973376,0.1362082167976782,-64097.238612146466,-0.8490599617731043,0.147513025713317,23
0.39414496056355075,0.014504451339271182,0.8663334600919584,0.08196736837723076,-148665.7110708883,-0.9381877046314097,0.15187074067589004,23
0.9878808422621312,0.0909323386502775,0.2238398004052578,0.0408211697439847,-366670.1534897481,-0.9509357009562068,0.16825312368463244,23
0.2229805152974853,0.09460171788399538,0.6205783678434121,0.08000540537909823,-322492.9109098098,-0.9340056197142115,0.15787941910729034,23
0.02770939779749837,0.15771895400386243,0.876907942711342,0.0828195278819489,-212789.74051628183,-0.9033397480304354,0.14865656725122992,23
0.3893224682119467,0.1591139544644926,0.010907046727330783,0.01298088145785771,-329075.28528814233,-0.9799436166118617,0.1628884840632635,23
0.3661555906055586,0.00906319654578817,0.28545202675969483,0.27531848703130957,-327396.59234998055,-0.8021862643645546,0.15532041141507633,23
0.46280969624050533,0.14684518002559746,0.8629656024403617,0.26791106058575975,-268846.15764476836,-0.8552166151729067,0.15571302938252599,23
0.7180839738379233,0.057921680808616455,0.9802304834339034,0.18150084040996456,-380320.5897198806,-0.8131985635304592,0.16420476964792732,23
0.03562452796604548,0.12668651965424335,0.917562208062829,0.0828195278819489,-240637.89785840875,-0.8972815465582836,0.15667718392193677,23
0.998312605017037,0.09748175226349705,0.5957745730523667,0.0047251738239244626,-252973.87283146576,-0.9808874282481129,0.16017804641294806,23
0.7180839738379233,0.09674049618212331,0.9802304834339034,0.3806573338635493,-80244.68879198623,-0.789681051108249,0.14191312111286702,24
0.8256174678482833,0.031058792562655698,0.30417328153498363,0.16114374713333451,-428995.19871814497,-0.9088829710664031,0.1594152273350834,24
0.3859974517334557,0.014504451339271182,0.8663334092594706,0.0007209123895638159,-259326.23479968708,-0.9921850537037936,0.1572200634873515,24
0.15661810190484526,0.061568757893939716,0.24273439553436815,0.004091708060715349,-287674.18366212136,-0.9893438321589293,0.159726721203822,24
0.7291050776917269,0.19917892502603107,0.3202011353763224,0.019176512841675666,-378263.83381348994,-0.9843028581532075,0.15083422648379485,24
0.45349055464137056,0.010269599736416477,0.8663334092594706,0.0007209123895638159,-243554.33638383518,-0.9953330434480806,0.1525934590932602,24
0.7211219902784607,0.014469148764885394,0.8550374903074687,0.14579387152642528,-107134.65773229739,-0.847742814117446,0.14277177198175361,24
0.9946412624884851,0.1537659921282482,0.22020995294490753,0.004228221965882413,-431874.75525316224,-0.9861590369742154,0.16329595031722646,24
0.3733950795205919,0.05867463072387512,0.9538928970961588,0.17205963078694061,-217003.06673098364,-0.8684984365992202,0.14398587513653566,24
0.5028310347633032,0.02358857475630867,0.3420581671973376,0.1362082167976782,-486442.0535813304,-0.8186306855487725,0.15474457527950172,24
0.45349055464137056,0.010661041420354768,0.8663334092594706,0.001380651984032949,-282430.829419731,-0.9889028223452261,0.1558820297199257,24
0.023434559447946257,0.005226092527269749,0.8662694799648395,0.01309144673864833,-345209.95630788215,-0.9842679076564197,0.14546654879745416,24
0.3821950888511097,0.09634320918359607,0.9802304834339034,0.1616665289365557,-432583.5259732025,-0.8874903309801815,0.15211739165383897,24
0.3733950795205919,0.05867463072387512,0.2821987859856934,0.011454011218197599,-274731.0583165496,-0.9846970786868096,0.1531273957957114,24
0.0228256453282705,0.061568757893939716,0.28949798550178146,0.00408670623664641,-353745.4849632157,-0.9882310405896179,0.1701057623674336,24
0.8498979522407372,0.01257005620249213,0.8723496193900131,0.07170845803171,-135053.90129127295,-0.8957166777218263,0.14313814382245452,24
0.3859974517334557,0.013193309014343305,0.8723496193900131,0.0005445646680149541,-162895.97242818025,-0.988703513088539,0.15372683684455962,24
0.45349055464137056,0.010269599736416477,0.8969439511096856,0.0003808717453224475,-206481.73880586788,-0.9910211015428901,0.16144528483965367,24
0.023434559447946257,0.005675147578765943,0.8662694799648395,0.002750153644939482,-131822.18945546472,-0.9887375249584514,0.1538832789487901,24
0.5881291001473542,0.15125527511924436,0.873961414265048,0.006916321575143977,-407354.2580548011,-0.9804188551913596,0.16389621565696452,24
0.9964194070149692,0.0909323386502775,0.22020995294490753,0.006236999929156918,-255196.50002151247,-0.987221744878911,0.15686721950447183,24
0.589252821455732,0.10046583645476008,0.7114025037967138,0.23005287193148155,-333321.31426555006,-0.8012183901267713,0.1475719441993513,24
0.8490781597377566,0.014469148764885394,0.8600214078203516,0.15200655090641021,-275431.02071077726,-0.8876583437208808,0.14685960195688622,24
0.3733950795205919,0.05867463072387512,0.9889211449370843,0.17205963078694061,-121301.27854545055,-0.9289567016016976,0.14660346414473463,24
0.2249283601181391,0.04602061925936718,0.9540995304725521,0.16800021398077064,-294941.0776701518,-0.8895448130567264,0.15050078499488367,24
0.7287231296769847,0.190311105359428,0.988642412195957,0.01998706882987876,-267446.8830191906,-0.9541692105661079,0.15304805154714576,24
0.3859974517334557,0.0109593240076493,0.8730306521065154,0.005884626029871692,-332448.7002803443,-0.9810276937527082,0.15454401865243464,24
0.7246520701389991,0.15519459651462628,0.9454607842988336,0.021034112097709223,-341740.6347999543,-0.9605444736703808,0.15615658496859916,24
0.15662618851822518,0.05930644909574178,0.9915474959123731,0.16799780511738693,-212015.10914334012,-0.8553600603426753,0.14671666961613586,24
0.38515939681590655,0.014504451339271182,0.8663334092594706,0.037760154670240326,-243565.42628777318,-0.9252854817196209,0.14941338181369543,24
0.589240414803689,0.15125527511924436,0.8740199601660749,0.008601004266594076,-241379.4248734971,-0.9772859627400395,0.14861727335309213,24
0.36862611066239914,0.15649305871286273,0.9428276130174252,0.23557449337521758,-308579.03529833903,-0.8238381617036513,0.1511420371800452,24
0.46157858761444637,0.014469148764885394,0.8600214078203516,0.1539936621396037,-369946.9211931901,-0.8765643894652838,0.15968871777073743,24
0.2249283601181391,0.04602061925936718,0.9540995304725521,0.16799780511738693,-372783.63489501487,-0.8039201716722087,0.15727066151032057,24
0.5097879964582102,0.009669196418359262,0.9679997926346381,0.22401149041987933,-342482.0079154858,-0.8742385118894912,0.1524778275091647,24
0.5881415067993973,0.10046583645476008,0.7141933641801503,0.2298335233711505,-385661.25725316984,-0.8123469884036494,0.16207902332288857,24
0.40412059873128525,0.01972463459936499,0.32486538020903266,0.014568322361492553,-246485.79023950276,-0.983741222316524,0.15455601668783667,24
0.1809171394037925,0.023631696699292683,0.24273439553436815,0.004091708060715349,-258013.57351004545,-0.9844068904668145,0.17051623110077607,24
0.9861238163473314,0.0909323386502775,0.24273439553436815,0.004091708060715349,-263524.5293578538,-0.9836665803143089,0.17062392691261796,24
0.531940073119821,0.10494130390668772,0.04606166663467015,0.3915497120415228,-405491.5246208576,-0.7534719326538961,0.17049162495847017,24
0.52487465588629,0.02358857475630867,0.3420581671973376,0.1362082167976782,-64097.238612146466,-0.8490599617731043,0.147513025713317,24
0.4370068602837178,0.16623743812312589,0.8769718211734852,0.0007209123895638159,-164919.1881845567,-0.9894626791871642,0.16718954614106593,24
0.36671955042587934,0.1591139544644926,0.016223489798542157,0.23557449337521758,-393862.05324179376,-0.8419322275669462,0.17310565701382555,24
0.02770939779749837,0.15771895400386243,0.876907942711342,0.0828195278819489,-212789.74051628183,-0.9033397480304354,0.14865656725122992,24
0.46280969624050533,0.14684518002559746,0.8629656024403617,0.26791106058575975,-268846.15764476836,-0.8552166151729067,0.15571302938252599,24
0.9878808422621312,0.0909323386502775,0.2238398004052578,0.0408211697439847,-366670.1534897481,-0.9509357009562068,0.16825312368463244,24
0.39414496056355075,0.014504451339271182,0.8663334600919584,0.08196736837723076,-148665.7110708883,-0.9381877046314097,0.15187074067589004,24
0.3661555906055586,0.00906319654578817,0.28545202675969483,0.27531848703130957,-327396.59234998055,-0.8021862643645546,0.15532041141507633,24
0.2229805152974853,0.09460171788399538,0.6205783678434121,0.08000540537909823,-322492.9109098098,-0.9340056197142115,0.15787941910729034,24
0.7180839738379233,0.057921680808616455,0.9802304834339034,0.18150084040996456,-380320.5897198806,-0.8131985635304592,0.16420476964792732,24
0.7180839738379233,0.09674049618212331,0.9802304834339034,0.3806573338635493,-80244.68879198623,-0.789681051108249,0.14191312111286702,25
0.8256174678482833,0.031058792562655698,0.30417328153498363,0.16114374713333451,-428995.19871814497,-0.9088829710664031,0.1594152273350834,25
0.3859974517334557,0.014504451339271182,0.8663334092594706,0.0007209123895638159,-259326.23479968708,-0.9921850537037936,0.1572200634873515,25
0.15661810190484526,0.061568757893939716,0.24273439553436815,0.004091708060715349,-287674.18366212136,-0.9893438321589293,0.159726721203822,25
0.7291050776917269,0.19917892502603107,0.3202011353763224,0.019176512841675666,-378263.83381348994,-0.9843028581532075,0.15083422648379485,25
0.45349055464137056,0.010269599736416477,0.8663334092594706,0.0007209123895638159,-243554.33638383518,-0.9953330434480806,0.1525934590932602,25
0.7211219902784607,0.014469148764885394,0.8550374903074687,0.14579387152642528,-107134.65773229739,-0.847742814117446,0.14277177198175361,25
0.9946412624884851,0.1537659921282482,0.22020995294490753,0.004228221965882413,-431874.75525316224,-0.9861590369742154,0.16329595031722646,25
0.3733950795205919,0.05867463072387512,0.9538928970961588,0.17205963078694061,-217003.06673098364,-0.8684984365992202,0.14398587513653566,25
0.5028310347633032,0.02358857475630867,0.3420581671973376,0.1362082167976782,-486442.0535813304,-0.8186306855487725,0.15474457527950172,25
0.45349055464137056,0.010661041420354768,0.8663334092594706,0.001380651984032949,-282430.829419731,-0.9889028223452261,0.1558820297199257,25
0.023434559447946257,0.005226092527269749,0.8662694799648395,0.01309144673864833,-345209.95630788215,-0.9842679076564197,0.14546654879745416,25
0.3821950888511097,0.09634320918359607,0.9802304834339034,0.1616665289365557,-432583.5259732025,-0.8874903309801815,0.15211739165383897,25
0.3733950795205919,0.05867463072387512,0.2821987859856934,0.011454011218197599,-274731.0583165496,-0.9846970786868096,0.1531273957957114,25
0.0228256453282705,0.061568757893939716,0.28949798550178146,0.00408670623664641,-353745.4849632157,-0.9882310405896179,0.1701057623674336,25
0.8498979522407372,0.01257005620249213,0.8723496193900131,0.07170845803171,-135053.90129127295,-0.8957166777218263,0.14313814382245452,25
0.4367185469908368,0.02555653853572407,0.9579257982280166,6.44447264502579e-05,-281201.34141234827,-0.9919589395347764,0.15477551585509705,25
0.3859974517334557,0.013193309014343305,0.8723496193900131,0.0005445646680149541,-162895.97242818025,-0.988703513088539,0.15372683684455962,25
0.023434559447946257,0.005675147578765943,0.8662694799648395,0.002750153644939482,-131822.18945546472,-0.9887375249584514,0.1538832789487901,25
0.5881291001473542,0.15125527511924436,0.873961414265048,0.006916321575143977,-407354.2580548011,-0.9804188551913596,0.16389621565696452,25
0.589252821455732,0.10046583645476008,0.7114025037967138,0.23005287193148155,-333321.31426555006,-0.8012183901267713,0.1475719441993513,25
0.8490781597377566,0.014469148764885394,0.8600214078203516,0.15200655090641021,-275431.02071077726,-0.8876583437208808,0.14685960195688622,25
0.3733950795205919,0.05867463072387512,0.9889211449370843,0.17205963078694061,-121301.27854545055,-0.9289567016016976,0.14660346414473463,25
0.2249283601181391,0.04602061925936718,0.9540995304725521,0.16800021398077064,-294941.0776701518,-0.8895448130567264,0.15050078499488367,25
0.7287231296769847,0.190311105359428,0.988642412195957,0.01998706882987876,-267446.8830191906,-0.9541692105661079,0.15304805154714576,25
0.3859974517334557,0.0109593240076493,0.8730306521065154,0.005884626029871692,-332448.7002803443,-0.9810276937527082,0.15454401865243464,25
0.7246520701389991,0.15519459651462628,0.9454607842988336,0.021034112097709223,-341740.6347999543,-0.9605444736703808,0.15615658496859916,25
0.15662618851822518,0.05930644909574178,0.9915474959123731,0.16799780511738693,-212015.10914334012,-0.8553600603426753,0.14671666961613586,25
0.38515939681590655,0.014504451339271182,0.8663334092594706,0.037760154670240326,-243565.42628777318,-0.9252854817196209,0.14941338181369543,25
0.589240414803689,0.15125527511924436,0.8740199601660749,0.008601004266594076,-241379.4248734971,-0.9772859627400395,0.14861727335309213,25
0.36862611066239914,0.15649305871286273,0.9428276130174252,0.23557449337521758,-308579.03529833903,-0.8238381617036513,0.1511420371800452,25
0.46157858761444637,0.014469148764885394,0.8600214078203516,0.1539936621396037,-369946.9211931901,-0.8765643894652838,0.15968871777073743,25
0.2249283601181391,0.04602061925936718,0.9540995304725521,0.16799780511738693,-372783.63489501487,-0.8039201716722087,0.15727066151032057,25
0.5097879964582102,0.009669196418359262,0.9679997926346381,0.22401149041987933,-342482.0079154858,-0.8742385118894912,0.1524778275091647,25
0.5881415067993973,0.10046583645476008,0.7141933641801503,0.2298335233711505,-385661.25725316984,-0.8123469884036494,0.16207902332288857,25
0.40412059873128525,0.01972463459936499,0.32486538020903266,0.014568322361492553,-246485.79023950276,-0.983741222316524,0.15455601668783667,25
0.45349055464137056,0.010269599736416477,0.8969439511096856,0.0003808717453224475,-206481.73880586788,-0.9910211015428901,0.16144528483965367,25
0.9964194070149692,0.0909323386502775,0.22020995294490753,0.006236999929156918,-255196.50002151247,-0.987221744878911,0.15686721950447183,25
0.1809171394037925,0.023631696699292683,0.24273439553436815,0.004091708060715349,-258013.57351004545,-0.9844068904668145,0.17051623110077607,25
0.9861238163473314,0.0909323386502775,0.24273439553436815,0.004091708060715349,-263524.5293578538,-0.9836665803143089,0.17062392691261796,25
0.531940073119821,0.10494130390668772,0.04606166663467015,0.3915497120415228,-405491.5246208576,-0.7534719326538961,0.17049162495847017,25
0.52487465588629,0.02358857475630867,0.3420581671973376,0.1362082167976782,-64097.238612146466,-0.8490599617731043,0.147513025713317,25
0.36671955042587934,0.1591139544644926,0.016223489798542157,0.23557449337521758,-393862.05324179376,-0.8419322275669462,0.17310565701382555,25
0.4370068602837178,0.16623743812312589,0.8769718211734852,0.0007209123895638159,-164919.1881845567,-0.9894626791871642,0.16718954614106593,25
0.02770939779749837,0.15771895400386243,0.876907942711342,0.0828195278819489,-212789.74051628183,-0.9033397480304354,0.14865656725122992,25
0.7180839738379233,0.057921680808616455,0.9802304834339034,0.18150084040996456,-380320.5897198806,-0.8131985635304592,0.16420476964792732,25
0.39414496056355075,0.014504451339271182,0.8663334600919584,0.08196736837723076,-148665.7110708883,-0.9381877046314097,0.15187074067589004,25
0.2229805152974853,0.09460171788399538,0.6205783678434121,0.08000540537909823,-322492.9109098098,-0.9340056197142115,0.15787941910729034,25
0.9878808422621312,0.0909323386502775,0.2238398004052578,0.0408211697439847,-366670.1534897481,-0.9509357009562068,0.16825312368463244,25
0.45857991243577173,0.15112508518215367,0.8629656024403617,0.26769426405372887,-332444.8145536834,-0.763691676638921,0.15373414618943793,25
0.7180839738379233,0.09674049618212331,0.9802304834339034,0.3806573338635493,-80244.68879198623,-0.789681051108249,0.14191312111286702,26
0.8256174678482833,0.031058792562655698,0.30417328153498363,0.16114374713333451,-428995.19871814497,-0.9088829710664031,0.1594152273350834,26
0.15661810190484526,0.061568757893939716,0.24273439553436815,0.004091708060715349,-287674.18366212136,-0.9893438321589293,0.159726721203822,26
0.7291050776917269,0.19917892502603107,0.3202011353763224,0.019176512841675666,-378263.83381348994,-0.9843028581532075,0.15083422648379485,26
0.45349055464137056,0.010269599736416477,0.8663334092594706,0.0007209123895638159,-243554.33638383518,-0.9953330434480806,0.1525934590932602,26
0.7211219902784607,0.014469148764885394,0.8550374903074687,0.14579387152642528,-107134.65773229739,-0.847742814117446,0.14277177198175361,26
0.9946412624884851,0.1537659921282482,0.22020995294490753,0.004228221965882413,-431874.75525316224,-0.9861590369742154,0.16329595031722646,26
0.3733950795205919,0.05867463072387512,0.9538928970961588,0.17205963078694061,-217003.06673098364,-0.8684984365992202,0.14398587513653566,26
0.5028310347633032,0.02358857475630867,0.3420581671973376,0.1362082167976782,-486442.0535813304,-0.8186306855487725,0.15474457527950172,26
0.45349055464137056,0.010661041420354768,0.8663334092594706,0.001380651984032949,-282430.829419731,-0.9889028223452261,0.1558820297199257,26
0.023434559447946257,0.005226092527269749,0.8662694799648395,0.01309144673864833,-345209.95630788215,-0.9842679076564197,0.14546654879745416,26
0.3821950888511097,0.09634320918359607,0.9802304834339034,0.1616665289365557,-432583.5259732025,-0.8874903309801815,0.15211739165383897,26
0.3733950795205919,0.05867463072387512,0.2821987859856934,0.011454011218197599,-274731.0583165496,-0.9846970786868096,0.1531273957957114,26
0.0228256453282705,0.061568757893939716,0.28949798550178146,0.00408670623664641,-353745.4849632157,-0.9882310405896179,0.1701057623674336,26
0.8498979522407372,0.01257005620249213,0.8723496193900131,0.07170845803171,-135053.90129127295,-0.8957166777218263,0.14313814382245452,26
0.4367185469908368,0.02555653853572407,0.9579257982280166,6.44447264502579e-05,-281201.34141234827,-0.9919589395347764,0.15477551585509705,26
0.2769825337498971,0.03223562204615772,0.8663334092594706,0.0007209123895638159,-265882.158136522,-0.9932203262676665,0.15339954002295617,26
0.5881291001473542,0.15125527511924436,0.873961414265048,0.006916321575143977,-407354.2580548011,-0.9804188551913596,0.16389621565696452,26
0.589252821455732,0.10046583645476008,0.7114025037967138,0.23005287193148155,-333321.31426555006,-0.8012183901267713,0.1475719441993513,26
0.8490781597377566,0.014469148764885394,0.8600214078203516,0.15200655090641021,-275431.02071077726,-0.8876583437208808,0.14685960195688622,26
0.2249283601181391,0.04602061925936718,0.9540995304725521,0.16800021398077064,-294941.0776701518,-0.8895448130567264,0.15050078499488367,26
0.7287231296769847,0.190311105359428,0.988642412195957,0.01998706882987876,-267446.8830191906,-0.9541692105661079,0.15304805154714576,26
0.3859974517334557,0.0109593240076493,0.8730306521065154,0.005884626029871692,-332448.7002803443,-0.9810276937527082,0.15454401865243464,26
0.7246520701389991,0.15519459651462628,0.9454607842988336,0.021034112097709223,-341740.6347999543,-0.9605444736703808,0.15615658496859916,26
0.15662618851822518,0.05930644909574178,0.9915474959123731,0.16799780511738693,-212015.10914334012,-0.8553600603426753,0.14671666961613586,26
0.38515939681590655,0.014504451339271182,0.8663334092594706,0.037760154670240326,-243565.42628777318,-0.9252854817196209,0.14941338181369543,26
0.589240414803689,0.15125527511924436,0.8740199601660749,0.008601004266594076,-241379.4248734971,-0.9772859627400395,0.14861727335309213,26
0.36862611066239914,0.15649305871286273,0.9428276130174252,0.23557449337521758,-308579.03529833903,-0.8238381617036513,0.1511420371800452,26
0.5875655227552161,0.011983074875421405,0.8971826204122461,0.0020417692903828694,-145932.33371099408,-0.9825803051537255,0.1460872194900063,26
0.46157858761444637,0.014469148764885394,0.8600214078203516,0.1539936621396037,-369946.9211931901,-0.8765643894652838,0.15968871777073743,26
0.2249283601181391,0.04602061925936718,0.9540995304725521,0.16799780511738693,-372783.63489501487,-0.8039201716722087,0.15727066151032057,26
0.5097879964582102,0.009669196418359262,0.9679997926346381,0.22401149041987933,-342482.0079154858,-0.8742385118894912,0.1524778275091647,26
0.5881415067993973,0.10046583645476008,0.7141933641801503,0.2298335233711505,-385661.25725316984,-0.8123469884036494,0.16207902332288857,26
0.3859974517334557,0.014504451339271182,0.8663334092594706,0.0007209123895638159,-259326.23479968708,-0.9921850537037936,0.1572200634873515,26
0.3859974517334557,0.013193309014343305,0.8723496193900131,0.0005445646680149541,-162895.97242818025,-0.988703513088539,0.15372683684455962,26
0.023434559447946257,0.005675147578765943,0.8662694799648395,0.002750153644939482,-131822.18945546472,-0.9887375249584514,0.1538832789487901,26
0.40412059873128525,0.01972463459936499,0.32486538020903266,0.014568322361492553,-246485.79023950276,-0.983741222316524,0.15455601668783667,26
0.9964194070149692,0.0909323386502775,0.22020995294490753,0.006236999929156918,-255196.50002151247,-0.987221744878911,0.15686721950447183,26
0.9861238163473314,0.0909323386502775,0.24273439553436815,0.004091708060715349,-263524.5293578538,-0.9836665803143089,0.17062392691261796,26
0.3733950795205919,0.05977482856885394,0.2821987859856934,0.011454011218197599,-318959.70153309347,-0.9673405339988553,0.17580688865917984,26
0.3733950795205919,0.05867463072387512,0.9889211449370843,0.17205963078694061,-121301.27854545055,-0.9289567016016976,0.14660346414473463,26
0.531940073119821,0.10494130390668772,0.04606166663467015,0.3915497120415228,-405491.5246208576,-0.7534719326538961,0.17049162495847017,26
0.45349055464137056,0.010269599736416477,0.8969439511096856,0.0003808717453224475,-206481.73880586788,-0.9910211015428901,0.16144528483965367,26
0.02770939779749837,0.15771895400386243,0.876907942711342,0.0828195278819489,-212789.74051628183,-0.9033397480304354,0.14865656725122992,26
0.7180839738379233,0.057921680808616455,0.9802304834339034,0.18150084040996456,-380320.5897198806,-0.8131985635304592,0.16420476964792732,26
0.36671955042587934,0.1591139544644926,0.016223489798542157,0.23557449337521758,-393862.05324179376,-0.8419322275669462,0.17310565701382555,26
0.45857991243577173,0.15112508518215367,0.8629656024403617,0.26769426405372887,-332444.8145536834,-0.763691676638921,0.15373414618943793,26
0.39414496056355075,0.014504451339271182,0.8663334600919584,0.08196736837723076,-148665.7110708883,-0.9381877046314097,0.15187074067589004,26
0.1809171394037925,0.023631696699292683,0.24273439553436815,0.004091708060715349,-258013.57351004545,-0.9844068904668145,0.17051623110077607,26
0.9878808422621312,0.0909323386502775,0.2238398004052578,0.0408211697439847,-366670.1534897481,-0.9509357009562068,0.16825312368463244,26
0.8256174678482833,0.031058792562655698,0.30417328153498363,0.16114374713333451,-428995.19871814497,-0.9088829710664031,0.1594152273350834,27
0.15661810190484526,0.061568757893939716,0.24273439553436815,0.004091708060715349,-287674.18366212136,-0.9893438321589293,0.159726721203822,27
0.7291050776917269,0.19917892502603107,0.3202011353763224,0.019176512841675666,-378263.83381348994,-0.9843028581532075,0.15083422648379485,27
0.45349055464137056,0.010269599736416477,0.8663334092594706,0.0007209123895638159,-243554.33638383518,-0.9953330434480806,0.1525934590932602,27
0.7211219902784607,0.014469148764885394,0.8550374903074687,0.14579387152642528,-107134.65773229739,-0.847742814117446,0.14277177198175361,27
0.9946412624884851,0.1537659921282482,0.22020995294490753,0.004228221965882413,-431874.75525316224,-0.9861590369742154,0.16329595031722646,27
0.3733950795205919,0.05867463072387512,0.9538928970961588,0.17205963078694061,-217003.06673098364,-0.8684984365992202,0.14398587513653566,27
0.5028310347633032,0.02358857475630867,0.3420581671973376,0.1362082167976782,-486442.0535813304,-0.8186306855487725,0.15474457527950172,27
0.45349055464137056,0.010661041420354768,0.8663334092594706,0.001380651984032949,-282430.829419731,-0.9889028223452261,0.1558820297199257,27
0.023434559447946257,0.005226092527269749,0.8662694799648395,0.01309144673864833,-345209.95630788215,-0.9842679076564197,0.14546654879745416,27
0.3821950888511097,0.09634320918359607,0.9802304834339034,0.1616665289365557,-432583.5259732025,-0.8874903309801815,0.15211739165383897,27
0.3733950795205919,0.05867463072387512,0.2821987859856934,0.011454011218197599,-274731.0583165496,-0.9846970786868096,0.1531273957957114,27
0.0228256453282705,0.061568757893939716,0.28949798550178146,0.00408670623664641,-353745.4849632157,-0.9882310405896179,0.1701057623674336,27
0.8498979522407372,0.01257005620249213,0.8723496193900131,0.07170845803171,-135053.90129127295,-0.8957166777218263,0.14313814382245452,27
0.4367185469908368,0.02555653853572407,0.9579257982280166,6.44447264502579e-05,-281201.34141234827,-0.9919589395347764,0.15477551585509705,27
0.2769825337498971,0.03223562204615772,0.8663334092594706,0.0007209123895638159,-265882.158136522,-0.9932203262676665,0.15339954002295617,27
0.8501496067714331,0.014469148764885394,0.8600214078203516,0.15200655090641021,-170052.18460929734,-0.8233146538559222,0.14100605853483658,27
0.9849407250630926,0.093982423225346,0.24273439553436815,0.020694024412539924,-448185.9274228033,-0.958180346421066,0.1604214980821315,27
0.05832096267005962,0.019536150977604857,0.8663334600919584,0.08275123346184682,-472544.38692810544,-0.9523763896166143,0.16499331314157092,27
0.5881291001473542,0.15125527511924436,0.873961414265048,0.006916321575143977,-407354.2580548011,-0.9804188551913596,0.16389621565696452,27
0.589252821455732,0.10046583645476008,0.7114025037967138,0.23005287193148155,-333321.31426555006,-0.8012183901267713,0.1475719441993513,27
0.8490781597377566,0.014469148764885394,0.8600214078203516,0.15200655090641021,-275431.02071077726,-0.8876583437208808,0.14685960195688622,27
0.2249283601181391,0.04602061925936718,0.9540995304725521,0.16800021398077064,-294941.0776701518,-0.8895448130567264,0.15050078499488367,27
0.7287231296769847,0.190311105359428,0.988642412195957,0.01998706882987876,-267446.8830191906,-0.9541692105661079,0.15304805154714576,27
0.3859974517334557,0.0109593240076493,0.8730306521065154,0.005884626029871692,-332448.7002803443,-0.9810276937527082,0.15454401865243464,27
0.7246520701389991,0.15519459651462628,0.9454607842988336,0.021034112097709223,-341740.6347999543,-0.9605444736703808,0.15615658496859916,27
0.15662618851822518,0.05930644909574178,0.9915474959123731,0.16799780511738693,-212015.10914334012,-0.8553600603426753,0.14671666961613586,27
0.38515939681590655,0.014504451339271182,0.8663334092594706,0.037760154670240326,-243565.42628777318,-0.9252854817196209,0.14941338181369543,27
0.589240414803689,0.15125527511924436,0.8740199601660749,0.008601004266594076,-241379.4248734971,-0.9772859627400395,0.14861727335309213,27
0.36862611066239914,0.15649305871286273,0.9428276130174252,0.23557449337521758,-308579.03529833903,-0.8238381617036513,0.1511420371800452,27
0.5875655227552161,0.011983074875421405,0.8971826204122461,0.0020417692903828694,-145932.33371099408,-0.9825803051537255,0.1460872194900063,27
0.46157858761444637,0.014469148764885394,0.8600214078203516,0.1539936621396037,-369946.9211931901,-0.8765643894652838,0.15968871777073743,27
0.2249283601181391,0.04602061925936718,0.9540995304725521,0.16799780511738693,-372783.63489501487,-0.8039201716722087,0.15727066151032057,27
0.5097879964582102,0.009669196418359262,0.9679997926346381,0.22401149041987933,-342482.0079154858,-0.8742385118894912,0.1524778275091647,27
0.3859974517334557,0.014504451339271182,0.8663334092594706,0.0007209123895638159,-259326.23479968708,-0.9921850537037936,0.1572200634873515,27
0.3859974517334557,0.013193309014343305,0.8723496193900131,0.0005445646680149541,-162895.97242818025,-0.988703513088539,0.15372683684455962,27
0.023434559447946257,0.005675147578765943,0.8662694799648395,0.002750153644939482,-131822.18945546472,-0.9887375249584514,0.1538832789487901,27
0.40412059873128525,0.01972463459936499,0.32486538020903266,0.014568322361492553,-246485.79023950276,-0.983741222316524,0.15455601668783667,27
0.9964194070149692,0.0909323386502775,0.22020995294490753,0.006236999929156918,-255196.50002151247,-0.987221744878911,0.15686721950447183,27
0.9861238163473314,0.0909323386502775,0.24273439553436815,0.004091708060715349,-263524.5293578538,-0.9836665803143089,0.17062392691261796,27
0.7180839738379233,0.09674049618212331,0.9802304834339034,0.3806573338635493,-80244.68879198623,-0.789681051108249,0.14191312111286702,27
0.5881415067993973,0.10046583645476008,0.7141933641801503,0.2298335233711505,-385661.25725316984,-0.8123469884036494,0.16207902332288857,27
0.45349055464137056,0.010269599736416477,0.8969439511096856,0.0003808717453224475,-206481.73880586788,-0.9910211015428901,0.16144528483965367,27
0.3733950795205919,0.05867463072387512,0.9889211449370843,0.17205963078694061,-121301.27854545055,-0.9289567016016976,0.14660346414473463,27
0.531940073119821,0.10494130390668772,0.04606166663467015,0.3915497120415228,-405491.5246208576,-0.7534719326538961,0.17049162495847017,27
0.3733950795205919,0.05977482856885394,0.2821987859856934,0.011454011218197599,-318959.70153309347,-0.9673405339988553,0.17580688865917984,27
0.45857991243577173,0.15112508518215367,0.8629656024403617,0.26769426405372887,-332444.8145536834,-0.763691676638921,0.15373414618943793,27
0.5370405956410342,0.023760272090355965,0.8662694799648395,0.13906567405376077,-238110.3800412272,-0.8610731010445226,0.16085801053715296,27
0.7180839738379233,0.057921680808616455,0.9802304834339034,0.18150084040996456,-380320.5897198806,-0.8131985635304592,0.16420476964792732,27
0.02770939779749837,0.15771895400386243,0.876907942711342,0.0828195278819489,-212789.74051628183,-0.9033397480304354,0.14865656725122992,27
0.8256174678482833,0.031058792562655698,0.30417328153498363,0.16114374713333451,-428995.19871814497,-0.9088829710664031,0.1594152273350834,28
0.15661810190484526,0.061568757893939716,0.24273439553436815,0.004091708060715349,-287674.18366212136,-0.9893438321589293,0.159726721203822,28
0.7291050776917269,0.19917892502603107,0.3202011353763224,0.019176512841675666,-378263.83381348994,-0.9843028581532075,0.15083422648379485,28
0.45349055464137056,0.010269599736416477,0.8663334092594706,0.0007209123895638159,-243554.33638383518,-0.9953330434480806,0.1525934590932602,28
0.7211219902784607,0.014469148764885394,0.8550374903074687,0.14579387152642528,-107134.65773229739,-0.847742814117446,0.14277177198175361,28
0.9946412624884851,0.1537659921282482,0.22020995294490753,0.004228221965882413,-431874.75525316224,-0.9861590369742154,0.16329595031722646,28
0.3733950795205919,0.05867463072387512,0.9538928970961588,0.17205963078694061,-217003.06673098364,-0.8684984365992202,0.14398587513653566,28
0.5028310347633032,0.02358857475630867,0.3420581671973376,0.1362082167976782,-486442.0535813304,-0.8186306855487725,0.15474457527950172,28
0.45349055464137056,0.010661041420354768,0.8663334092594706,0.001380651984032949,-282430.829419731,-0.9889028223452261,0.1558820297199257,28
0.023434559447946257,0.005226092527269749,0.8662694799648395,0.01309144673864833,-345209.95630788215,-0.9842679076564197,0.14546654879745416,28
0.3821950888511097,0.09634320918359607,0.9802304834339034,0.1616665289365557,-432583.5259732025,-0.8874903309801815,0.15211739165383897,28
0.3733950795205919,0.05867463072387512,0.2821987859856934,0.011454011218197599,-274731.0583165496,-0.9846970786868096,0.1531273957957114,28
0.0228256453282705,0.061568757893939716,0.28949798550178146,0.00408670623664641,-353745.4849632157,-0.9882310405896179,0.1701057623674336,28
0.8498979522407372,0.01257005620249213,0.8723496193900131,0.07170845803171,-135053.90129127295,-0.8957166777218263,0.14313814382245452,28
0.4367185469908368,0.02555653853572407,0.9579257982280166,6.44447264502579e-05,-281201.34141234827,-0.9919589395347764,0.15477551585509705,28
0.2769825337498971,0.03223562204615772,0.8663334092594706,0.0007209123895638159,-265882.158136522,-0.9932203262676665,0.15339954002295617,28
0.8501496067714331,0.014469148764885394,0.8600214078203516,0.15200655090641021,-170052.18460929734,-0.8233146538559222,0.14100605853483658,28
0.9849407250630926,0.093982423225346,0.24273439553436815,0.020694024412539924,-448185.9274228033,-0.958180346421066,0.1604214980821315,28
0.05832096267005962,0.019536150977604857,0.8663334600919584,0.08275123346184682,-472544.38692810544,-0.9523763896166143,0.16499331314157092,28
0.07748564795401323,0.04616804148446529,0.9370271972407596,0.00408670623664641,-329632.0351651655,-0.9911761993964676,0.16483171412522596,28
0.5881291001473542,0.15125527511924436,0.873961414265048,0.006916321575143977,-407354.2580548011,-0.9804188551913596,0.16389621565696452,28
0.589252821455732,0.10046583645476008,0.7114025037967138,0.23005287193148155,-333321.31426555006,-0.8012183901267713,0.1475719441993513,28
0.8490781597377566,0.014469148764885394,0.8600214078203516,0.15200655090641021,-275431.02071077726,-0.8876583437208808,0.14685960195688622,28
0.2249283601181391,0.04602061925936718,0.9540995304725521,0.16800021398077064,-294941.0776701518,-0.8895448130567264,0.15050078499488367,28
0.7287231296769847,0.190311105359428,0.988642412195957,0.01998706882987876,-267446.8830191906,-0.9541692105661079,0.15304805154714576,28
0.3859974517334557,0.0109593240076493,0.8730306521065154,0.005884626029871692,-332448.7002803443,-0.9810276937527082,0.15454401865243464,28
0.7246520701389991,0.15519459651462628,0.9454607842988336,0.021034112097709223,-341740.6347999543,-0.9605444736703808,0.15615658496859916,28
0.15662618851822518,0.05930644909574178,0.9915474959123731,0.16799780511738693,-212015.10914334012,-0.8553600603426753,0.14671666961613586,28
0.38515939681590655,0.014504451339271182,0.8663334092594706,0.037760154670240326,-243565.42628777318,-0.9252854817196209,0.14941338181369543,28
0.589240414803689,0.15125527511924436,0.8740199601660749,0.008601004266594076,-241379.4248734971,-0.9772859627400395,0.14861727335309213,28
0.36862611066239914,0.15649305871286273,0.9428276130174252,0.23557449337521758,-308579.03529833903,-0.8238381617036513,0.1511420371800452,28
0.5875655227552161,0.011983074875421405,0.8971826204122461,0.0020417692903828694,-145932.33371099408,-0.9825803051537255,0.1460872194900063,28
0.46157858761444637,0.014469148764885394,0.8600214078203516,0.1539936621396037,-369946.9211931901,-0.8765643894652838,0.15968871777073743,28
0.2249283601181391,0.04602061925936718,0.9540995304725521,0.16799780511738693,-372783.63489501487,-0.8039201716722087,0.15727066151032057,28
0.5097879964582102,0.009669196418359262,0.9679997926346381,0.22401149041987933,-342482.0079154858,-0.8742385118894912,0.1524778275091647,28
0.3859974517334557,0.014504451339271182,0.8663334092594706,0.0007209123895638159,-259326.23479968708,-0.9921850537037936,0.1572200634873515,28
0.3859974517334557,0.013193309014343305,0.8723496193900131,0.0005445646680149541,-162895.97242818025,-0.988703513088539,0.15372683684455962,28
0.023434559447946257,0.005675147578765943,0.8662694799648395,0.002750153644939482,-131822.18945546472,-0.9887375249584514,0.1538832789487901,28
0.40412059873128525,0.01972463459936499,0.32486538020903266,0.014568322361492553,-246485.79023950276,-0.983741222316524,0.15455601668783667,28
0.9964194070149692,0.0909323386502775,0.22020995294490753,0.006236999929156918,-255196.50002151247,-0.987221744878911,0.15686721950447183,28
0.7180839738379233,0.09674049618212331,0.9802304834339034,0.3806573338635493,-80244.68879198623,-0.789681051108249,0.14191312111286702,28
0.5881415067993973,0.10046583645476008,0.7141933641801503,0.2298335233711505,-385661.25725316984,-0.8123469884036494,0.16207902332288857,28
0.9861238163473314,0.0909323386502775,0.24273439553436815,0.004091708060715349,-263524.5293578538,-0.9836665803143089,0.17062392691261796,28
0.5117290207371449,0.03070996207946862,0.29130544072766296,0.011454011218197599,-66820.63804010207,-0.955177865133617,0.1517678810875522,28
0.3733950795205919,0.05867463072387512,0.9889211449370843,0.17205963078694061,-121301.27854545055,-0.9289567016016976,0.14660346414473463,28
0.45349055464137056,0.010269599736416477,0.8969439511096856,0.0003808717453224475,-206481.73880586788,-0.9910211015428901,0.16144528483965367,28
0.3733950795205919,0.05977482856885394,0.2821987859856934,0.011454011218197599,-318959.70153309347,-0.9673405339988553,0.17580688865917984,28
0.531940073119821,0.10494130390668772,0.04606166663467015,0.3915497120415228,-405491.5246208576,-0.7534719326538961,0.17049162495847017,28
0.7180839738379233,0.057921680808616455,0.9802304834339034,0.18150084040996456,-380320.5897198806,-0.8131985635304592,0.16420476964792732,28
0.5370405956410342,0.023760272090355965,0.8662694799648395,0.13906567405376077,-238110.3800412272,-0.8610731010445226,0.16085801053715296,28
0.8256174678482833,0.031058792562655698,0.30417328153498363,0.16114374713333451,-428995.19871814497,-0.9088829710664031,0.1594152273350834,29
0.15661810190484526,0.061568757893939716,0.24273439553436815,0.004091708060715349,-287674.18366212136,-0.9893438321589293,0.159726721203822,29
0.7291050776917269,0.19917892502603107,0.3202011353763224,0.019176512841675666,-378263.83381348994,-0.9843028581532075,0.15083422648379485,29
0.45349055464137056,0.010269599736416477,0.8663334092594706,0.0007209123895638159,-243554.33638383518,-0.9953330434480806,0.1525934590932602,29
0.7211219902784607,0.014469148764885394,0.8550374903074687,0.14579387152642528,-107134.65773229739,-0.847742814117446,0.14277177198175361,29
0.9946412624884851,0.1537659921282482,0.22020995294490753,0.004228221965882413,-431874.75525316224,-0.9861590369742154,0.16329595031722646,29
0.3733950795205919,0.05867463072387512,0.9538928970961588,0.17205963078694061,-217003.06673098364,-0.8684984365992202,0.14398587513653566,29
0.5028310347633032,0.02358857475630867,0.3420581671973376,0.1362082167976782,-486442.0535813304,-0.8186306855487725,0.15474457527950172,29
0.45349055464137056,0.010661041420354768,0.8663334092594706,0.001380651984032949,-282430.829419731,-0.9889028223452261,0.1558820297199257,29
0.023434559447946257,0.005226092527269749,0.8662694799648395,0.01309144673864833,-345209.95630788215,-0.9842679076564197,0.14546654879745416,29
0.3821950888511097,0.09634320918359607,0.9802304834339034,0.1616665289365557,-432583.5259732025,-0.8874903309801815,0.15211739165383897,29
0.3733950795205919,0.05867463072387512,0.2821987859856934,0.011454011218197599,-274731.0583165496,-0.9846970786868096,0.1531273957957114,29
0.0228256453282705,0.061568757893939716,0.28949798550178146,0.00408670623664641,-353745.4849632157,-0.9882310405896179,0.1701057623674336,29
0.8498979522407372,0.01257005620249213,0.8723496193900131,0.07170845803171,-135053.90129127295,-0.8957166777218263,0.14313814382245452,29
0.4367185469908368,0.02555653853572407,0.9579257982280166,6.44447264502579e-05,-281201.34141234827,-0.9919589395347764,0.15477551585509705,29
0.2769825337498971,0.03223562204615772,0.8663334092594706,0.0007209123895638159,-265882.158136522,-0.9932203262676665,0.15339954002295617,29
0.8501496067714331,0.014469148764885394,0.8600214078203516,0.15200655090641021,-170052.18460929734,-0.8233146538559222,0.14100605853483658,29
0.9849407250630926,0.093982423225346,0.24273439553436815,0.020694024412539924,-448185.9274228033,-0.958180346421066,0.1604214980821315,29
0.05832096267005962,0.019536150977604857,0.8663334600919584,0.08275123346184682,-472544.38692810544,-0.9523763896166143,0.16499331314157092,29
0.07748564795401323,0.04616804148446529,0.9370271972407596,0.00408670623664641,-329632.0351651655,-0.9911761993964676,0.16483171412522596,29
0.5881291001473542,0.15125527511924436,0.873961414265048,0.006916321575143977,-407354.2580548011,-0.9804188551913596,0.16389621565696452,29
0.589252821455732,0.10046583645476008,0.7114025037967138,0.23005287193148155,-333321.31426555006,-0.8012183901267713,0.1475719441993513,29
0.8490781597377566,0.014469148764885394,0.8600214078203516,0.15200655090641021,-275431.02071077726,-0.8876583437208808,0.14685960195688622,29
0.2249283601181391,0.04602061925936718,0.9540995304725521,0.16800021398077064,-294941.0776701518,-0.8895448130567264,0.15050078499488367,29
0.7287231296769847,0.190311105359428,0.988642412195957,0.01998706882987876,-267446.8830191906,-0.9541692105661079,0.15304805154714576,29
0.3859974517334557,0.0109593240076493,0.8730306521065154,0.005884626029871692,-332448.7002803443,-0.9810276937527082,0.15454401865243464,29
0.7246520701389991,0.15519459651462628,0.9454607842988336,0.021034112097709223,-341740.6347999543,-0.9605444736703808,0.15615658496859916,29
0.15662618851822518,0.05930644909574178,0.9915474959123731,0.16799780511738693,-212015.10914334012,-0.8553600603426753,0.14671666961613586,29
0.38515939681590655,0.014504451339271182,0.8663334092594706,0.037760154670240326,-243565.42628777318,-0.9252854817196209,0.14941338181369543,29
0.589240414803689,0.15125527511924436,0.8740199601660749,0.008601004266594076,-241379.4248734971,-0.9772859627400395,0.14861727335309213,29
0.36862611066239914,0.15649305871286273,0.9428276130174252,0.23557449337521758,-308579.03529833903,-0.8238381617036513,0.1511420371800452,29
0.5875655227552161,0.011983074875421405,0.8971826204122461,0.0020417692903828694,-145932.33371099408,-0.9825803051537255,0.1460872194900063,29
0.008675155962576175,0.005313413924564093,0.8662694799648395,0.01309144673864833,-158933.0638048195,-0.9796014317639433,0.14831433463053814,29
0.5678468892671223,0.1516187397672946,0.873961414265048,0.006916321575143977,-257503.497922807,-0.9737548635866439,0.1495159303711255,29
0.46157858761444637,0.014469148764885394,0.8600214078203516,0.1539936621396037,-369946.9211931901,-0.8765643894652838,0.15968871777073743,29
0.2249283601181391,0.04602061925936718,0.9540995304725521,0.16799780511738693,-372783.63489501487,-0.8039201716722087,0.15727066151032057,29
0.5097879964582102,0.009669196418359262,0.9679997926346381,0.22401149041987933,-342482.0079154858,-0.8742385118894912,0.1524778275091647,29
0.3859974517334557,0.014504451339271182,0.8663334092594706,0.0007209123895638159,-259326.23479968708,-0.9921850537037936,0.1572200634873515,29
0.3859974517334557,0.013193309014343305,0.8723496193900131,0.0005445646680149541,-162895.97242818025,-0.988703513088539,0.15372683684455962,29
0.40412059873128525,0.01972463459936499,0.32486538020903266,0.014568322361492553,-246485.79023950276,-0.983741222316524,0.15455601668783667,29
0.9964194070149692,0.0909323386502775,0.22020995294490753,0.006236999929156918,-255196.50002151247,-0.987221744878911,0.15686721950447183,29
0.3859974517334557,0.014417130755468487,0.8663334092594706,0.0007209123895638159,-161982.81462186907,-0.9899301052512909,0.15364216744811623,29
0.7180839738379233,0.09674049618212331,0.9802304834339034,0.3806573338635493,-80244.68879198623,-0.789681051108249,0.14191312111286702,29
0.5881415067993973,0.10046583645476008,0.7141933641801503,0.2298335233711505,-385661.25725316984,-0.8123469884036494,0.16207902332288857,29
0.9861238163473314,0.0909323386502775,0.24273439553436815,0.004091708060715349,-263524.5293578538,-0.9836665803143089,0.17062392691261796,29
0.5117290207371449,0.03070996207946862,0.29130544072766296,0.011454011218197599,-66820.63804010207,-0.955177865133617,0.1517678810875522,29
0.45349055464137056,0.010269599736416477,0.8969439511096856,0.0003808717453224475,-206481.73880586788,-0.9910211015428901,0.16144528483965367,29
0.3733950795205919,0.05867463072387512,0.9889211449370843,0.17205963078694061,-121301.27854545055,-0.9289567016016976,0.14660346414473463,29
0.531940073119821,0.10494130390668772,0.04606166663467015,0.3915497120415228,-405491.5246208576,-0.7534719326538961,0.17049162495847017,29
0.3733950795205919,0.05977482856885394,0.2821987859856934,0.011454011218197599,-318959.70153309347,-0.9673405339988553,0.17580688865917984,29
0.8256174678482833,0.031058792562655698,0.30417328153498363,0.16114374713333451,-428995.19871814497,-0.9088829710664031,0.1594152273350834,30
0.15661810190484526,0.061568757893939716,0.24273439553436815,0.004091708060715349,-287674.18366212136,-0.9893438321589293,0.159726721203822,30
0.7291050776917269,0.19917892502603107,0.3202011353763224,0.019176512841675666,-378263.83381348994,-0.9843028581532075,0.15083422648379485,30
0.45349055464137056,0.010269599736416477,0.8663334092594706,0.0007209123895638159,-243554.33638383518,-0.9953330434480806,0.1525934590932602,30
0.7211219902784607,0.014469148764885394,0.8550374903074687,0.14579387152642528,-107134.65773229739,-0.847742814117446,0.14277177198175361,30
0.9946412624884851,0.1537659921282482,0.22020995294490753,0.004228221965882413,-431874.75525316224,-0.9861590369742154,0.16329595031722646,30
0.3733950795205919,0.05867463072387512,0.9538928970961588,0.17205963078694061,-217003.06673098364,-0.8684984365992202,0.14398587513653566,30
0.5028310347633032,0.02358857475630867,0.3420581671973376,0.1362082167976782,-486442.0535813304,-0.8186306855487725,0.15474457527950172,30
0.45349055464137056,0.010661041420354768,0.8663334092594706,0.001380651984032949,-282430.829419731,-0.9889028223452261,0.1558820297199257,30
0.023434559447946257,0.005226092527269749,0.8662694799648395,0.01309144673864833,-345209.95630788215,-0.9842679076564197,0.14546654879745416,30
0.3821950888511097,0.09634320918359607,0.9802304834339034,0.1616665289365557,-432583.5259732025,-0.8874903309801815,0.15211739165383897,30
0.3733950795205919,0.05867463072387512,0.2821987859856934,0.011454011218197599,-274731.0583165496,-0.9846970786868096,0.1531273957957114,30
0.0228256453282705,0.061568757893939716,0.28949798550178146,0.00408670623664641,-353745.4849632157,-0.9882310405896179,0.1701057623674336,30
0.8498979522407372,0.01257005620249213,0.8723496193900131,0.07170845803171,-135053.90129127295,-0.8957166777218263,0.14313814382245452,30
0.4367185469908368,0.02555653853572407,0.9579257982280166,6.44447264502579e-05,-281201.34141234827,-0.9919589395347764,0.15477551585509705,30
0.2769825337498971,0.03223562204615772,0.8663334092594706,0.0007209123895638159,-265882.158136522,-0.9932203262676665,0.15339954002295617,30
0.8501496067714331,0.014469148764885394,0.8600214078203516,0.15200655090641021,-170052.18460929734,-0.8233146538559222,0.14100605853483658,30
0.9849407250630926,0.093982423225346,0.24273439553436815,0.020694024412539924,-448185.9274228033,-0.958180346421066,0.1604214980821315,30
0.05832096267005962,0.019536150977604857,0.8663334600919584,0.08275123346184682,-472544.38692810544,-0.9523763896166143,0.16499331314157092,30
0.07748564795401323,0.04616804148446529,0.9370271972407596,0.00408670623664641,-329632.0351651655,-0.9911761993964676,0.16483171412522596,30
0.5881291001473542,0.15125527511924436,0.873961414265048,0.006916321575143977,-407354.2580548011,-0.9804188551913596,0.16389621565696452,30
0.589252821455732,0.10046583645476008,0.7114025037967138,0.23005287193148155,-333321.31426555006,-0.8012183901267713,0.1475719441993513,30
0.8490781597377566,0.014469148764885394,0.8600214078203516,0.15200655090641021,-275431.02071077726,-0.8876583437208808,0.14685960195688622,30
0.2249283601181391,0.04602061925936718,0.9540995304725521,0.16800021398077064,-294941.0776701518,-0.8895448130567264,0.15050078499488367,30
0.7287231296769847,0.190311105359428,0.988642412195957,0.01998706882987876,-267446.8830191906,-0.9541692105661079,0.15304805154714576,30
0.3859974517334557,0.0109593240076493,0.8730306521065154,0.005884626029871692,-332448.7002803443,-0.9810276937527082,0.15454401865243464,30
0.7246520701389991,0.15519459651462628,0.9454607842988336,0.021034112097709223,-341740.6347999543,-0.9605444736703808,0.15615658496859916,30
0.38515939681590655,0.014504451339271182,0.8663334092594706,0.037760154670240326,-243565.42628777318,-0.9252854817196209,0.14941338181369543,30
0.589240414803689,0.15125527511924436,0.8740199601660749,0.008601004266594076,-241379.4248734971,-0.9772859627400395,0.14861727335309213,30
0.36862611066239914,0.15649305871286273,0.9428276130174252,0.23557449337521758,-308579.03529833903,-0.8238381617036513,0.1511420371800452,30
0.5875655227552161,0.011983074875421405,0.8971826204122461,0.0020417692903828694,-145932.33371099408,-0.9825803051537255,0.1460872194900063,30
0.008675155962576175,0.005313413924564093,0.8662694799648395,0.01309144673864833,-158933.0638048195,-0.9796014317639433,0.14831433463053814,30
0.5678468892671223,0.1516187397672946,0.873961414265048,0.006916321575143977,-257503.497922807,-0.9737548635866439,0.1495159303711255,30
0.4618462419921284,0.014469148764885394,0.8600214078203516,0.1539936621396037,-273843.16895062005,-0.8561100734879251,0.14633100955801168,30
0.46157858761444637,0.014469148764885394,0.8600214078203516,0.1539936621396037,-369946.9211931901,-0.8765643894652838,0.15968871777073743,30
0.2249283601181391,0.04602061925936718,0.9540995304725521,0.16799780511738693,-372783.63489501487,-0.8039201716722087,0.15727066151032057,30
0.5097879964582102,0.009669196418359262,0.9679997926346381,0.22401149041987933,-342482.0079154858,-0.8742385118894912,0.1524778275091647,30
0.3859974517334557,0.014504451339271182,0.8663334092594706,0.0007209123895638159,-259326.23479968708,-0.9921850537037936,0.1572200634873515,30
0.3859974517334557,0.013193309014343305,0.8723496193900131,0.0005445646680149541,-162895.97242818025,-0.988703513088539,0.15372683684455962,30
0.40412059873128525,0.01972463459936499,0.32486538020903266,0.014568322361492553,-246485.79023950276,-0.983741222316524,0.15455601668783667,30
0.9964194070149692,0.0909323386502775,0.22020995294490753,0.006236999929156918,-255196.50002151247,-0.987221744878911,0.15686721950447183,30
0.3859974517334557,0.014417130755468487,0.8663334092594706,0.0007209123895638159,-161982.81462186907,-0.9899301052512909,0.15364216744811623,30
0.7180839738379233,0.09674049618212331,0.9802304834339034,0.3806573338635493,-80244.68879198623,-0.789681051108249,0.14191312111286702,30
0.5881415067993973,0.10046583645476008,0.7141933641801503,0.2298335233711505,-385661.25725316984,-0.8123469884036494,0.16207902332288857,30
0.38186384895806336,0.09634320918359607,0.8627896916787166,0.1616665289365557,-390643.1580941034,-0.7542060898803813,0.1613288566252258,30
0.9861238163473314,0.0909323386502775,0.24273439553436815,0.004091708060715349,-263524.5293578538,-0.9836665803143089,0.17062392691261796,30
0.5117290207371449,0.03070996207946862,0.29130544072766296,0.011454011218197599,-66820.63804010207,-0.955177865133617,0.1517678810875522,30
0.3733950795205919,0.05867463072387512,0.9889211449370843,0.17205963078694061,-121301.27854545055,-0.9289567016016976,0.14660346414473463,30
0.3733950795205919,0.05977482856885394,0.2821987859856934,0.011454011218197599,-318959.70153309347,-0.9673405339988553,0.17580688865917984,30
0.45349055464137056,0.010269599736416477,0.8969439511096856,0.0003808717453224475,-206481.73880586788,-0.9910211015428901,0.16144528483965367,30
0.8256174678482833,0.031058792562655698,0.30417328153498363,0.16114374713333451,-428995.19871814497,-0.9088829710664031,0.1594152273350834,31
0.15661810190484526,0.061568757893939716,0.24273439553436815,0.004091708060715349,-287674.18366212136,-0.9893438321589293,0.159726721203822,31
0.7291050776917269,0.19917892502603107,0.3202011353763224,0.019176512841675666,-378263.83381348994,-0.9843028581532075,0.15083422648379485,31
0.45349055464137056,0.010269599736416477,0.8663334092594706,0.0007209123895638159,-243554.33638383518,-0.9953330434480806,0.1525934590932602,31
0.7211219902784607,0.014469148764885394,0.8550374903074687,0.14579387152642528,-107134.65773229739,-0.847742814117446,0.14277177198175361,31
0.9946412624884851,0.1537659921282482,0.22020995294490753,0.004228221965882413,-431874.75525316224,-0.9861590369742154,0.16329595031722646,31
0.3733950795205919,0.05867463072387512,0.9538928970961588,0.17205963078694061,-217003.06673098364,-0.8684984365992202,0.14398587513653566,31
0.5028310347633032,0.02358857475630867,0.3420581671973376,0.1362082167976782,-486442.0535813304,-0.8186306855487725,0.15474457527950172,31
0.45349055464137056,0.010661041420354768,0.8663334092594706,0.001380651984032949,-282430.829419731,-0.9889028223452261,0.1558820297199257,31
0.023434559447946257,0.005226092527269749,0.8662694799648395,0.01309144673864833,-345209.95630788215,-0.9842679076564197,0.14546654879745416,31
0.3821950888511097,0.09634320918359607,0.9802304834339034,0.1616665289365557,-432583.5259732025,-0.8874903309801815,0.15211739165383897,31
0.3733950795205919,0.05867463072387512,0.2821987859856934,0.011454011218197599,-274731.0583165496,-0.9846970786868096,0.1531273957957114,31
0.8498979522407372,0.01257005620249213,0.8723496193900131,0.07170845803171,-135053.90129127295,-0.8957166777218263,0.14313814382245452,31
0.4367185469908368,0.02555653853572407,0.9579257982280166,6.44447264502579e-05,-281201.34141234827,-0.9919589395347764,0.15477551585509705,31
0.2769825337498971,0.03223562204615772,0.8663334092594706,0.0007209123895638159,-265882.158136522,-0.9932203262676665,0.15339954002295617,31
0.8501496067714331,0.014469148764885394,0.8600214078203516,0.15200655090641021,-170052.18460929734,-0.8233146538559222,0.14100605853483658,31
0.9849407250630926,0.093982423225346,0.24273439553436815,0.020694024412539924,-448185.9274228033,-0.958180346421066,0.1604214980821315,31
0.05832096267005962,0.019536150977604857,0.8663334600919584,0.08275123346184682,-472544.38692810544,-0.9523763896166143,0.16499331314157092,31
0.07748564795401323,0.04577021798444211,0.9370271972407596,0.00408670623664641,-376805.9876987293,-0.9912122283583672,0.1601855922903557,31
0.5881291001473542,0.15125527511924436,0.873961414265048,0.006916321575143977,-407354.2580548011,-0.9804188551913596,0.16389621565696452,31
0.589252821455732,0.10046583645476008,0.7114025037967138,0.23005287193148155,-333321.31426555006,-0.8012183901267713,0.1475719441993513,31
0.8490781597377566,0.014469148764885394,0.8600214078203516,0.15200655090641021,-275431.02071077726,-0.8876583437208808,0.14685960195688622,31
0.2249283601181391,0.04602061925936718,0.9540995304725521,0.16800021398077064,-294941.0776701518,-0.8895448130567264,0.15050078499488367,31
0.7287231296769847,0.190311105359428,0.988642412195957,0.01998706882987876,-267446.8830191906,-0.9541692105661079,0.15304805154714576,31
0.3859974517334557,0.0109593240076493,0.8730306521065154,0.005884626029871692,-332448.7002803443,-0.9810276937527082,0.15454401865243464,31
0.7246520701389991,0.15519459651462628,0.9454607842988336,0.021034112097709223,-341740.6347999543,-0.9605444736703808,0.15615658496859916,31
0.38515939681590655,0.014504451339271182,0.8663334092594706,0.037760154670240326,-243565.42628777318,-0.9252854817196209,0.14941338181369543,31
0.589240414803689,0.15125527511924436,0.8740199601660749,0.008601004266594076,-241379.4248734971,-0.9772859627400395,0.14861727335309213,31
0.5875655227552161,0.011983074875421405,0.8971826204122461,0.0020417692903828694,-145932.33371099408,-0.9825803051537255,0.1460872194900063,31
0.008675155962576175,0.005313413924564093,0.8662694799648395,0.01309144673864833,-158933.0638048195,-0.9796014317639433,0.14831433463053814,31
0.5678468892671223,0.1516187397672946,0.873961414265048,0.006916321575143977,-257503.497922807,-0.9737548635866439,0.1495159303711255,31
0.4618462419921284,0.014469148764885394,0.8600214078203516,0.1539936621396037,-273843.16895062005,-0.8561100734879251,0.14633100955801168,31
0.38307195451322507,0.014469148764885394,0.9806325559954127,0.1540478244145615,-343220.37909767486,-0.8661583381037458,0.1509075077478982,31
0.46157858761444637,0.014469148764885394,0.8600214078203516,0.1539936621396037,-369946.9211931901,-0.8765643894652838,0.15968871777073743,31
0.2249283601181391,0.04602061925936718,0.9540995304725521,0.16799780511738693,-372783.63489501487,-0.8039201716722087,0.15727066151032057,31
0.5097879964582102,0.009669196418359262,0.9679997926346381,0.22401149041987933,-342482.0079154858,-0.8742385118894912,0.1524778275091647,31
0.3859974517334557,0.014504451339271182,0.8663334092594706,0.0007209123895638159,-259326.23479968708,-0.9921850537037936,0.1572200634873515,31
0.3859974517334557,0.013193309014343305,0.8723496193900131,0.0005445646680149541,-162895.97242818025,-0.988703513088539,0.15372683684455962,31
0.40412059873128525,0.01972463459936499,0.32486538020903266,0.014568322361492553,-246485.79023950276,-0.983741222316524,0.15455601668783667,31
0.9964194070149692,0.0909323386502775,0.22020995294490753,0.006236999929156918,-255196.50002151247,-0.987221744878911,0.15686721950447183,31
0.3859974517334557,0.014417130755468487,0.8663334092594706,0.0007209123895638159,-161982.81462186907,-0.9899301052512909,0.15364216744811623,31
0.5143122581537478,0.03070996207946862,0.7972602706216818,0.008667156778516164,-252495.59790731207,-0.9819820655609478,0.15558130828022199,31
0.7180839738379233,0.09674049618212331,0.9802304834339034,0.3806573338635493,-80244.68879198623,-0.789681051108249,0.14191312111286702,31
0.5881415067993973,0.10046583645476008,0.7141933641801503,0.2298335233711505,-385661.25725316984,-0.8123469884036494,0.16207902332288857,31
0.38186384895806336,0.09634320918359607,0.8627896916787166,0.1616665289365557,-390643.1580941034,-0.7542060898803813,0.1613288566252258,31
0.0228256453282705,0.061568757893939716,0.28949798550178146,0.00408670623664641,-353745.4849632157,-0.9882310405896179,0.1701057623674336,31
0.07748564795401323,0.04616804148446529,0.9370271972407596,0.00408670623664641,-329632.0351651655,-0.9911761993964676,0.16483171412522596,31
0.36862611066239914,0.15649305871286273,0.9428276130174252,0.23557449337521758,-308579.03529833903,-0.8238381617036513,0.1511420371800452,31
0.3733950795205919,0.05977482856885394,0.2821987859856934,0.011454011218197599,-318959.70153309347,-0.9673405339988553,0.17580688865917984,31
0.45349055464137056,0.010269599736416477,0.8969439511096856,0.0003808717453224475,-206481.73880586788,-0.9910211015428901,0.16144528483965367,31
0.8256174678482833,0.031058792562655698,0.30417328153498363,0.16114374713333451,-428995.19871814497,-0.9088829710664031,0.1594152273350834,32
0.15661810190484526,0.061568757893939716,0.24273439553436815,0.004091708060715349,-287674.18366212136,-0.9893438321589293,0.159726721203822,32
0.7291050776917269,0.19917892502603107,0.3202011353763224,0.019176512841675666,-378263.83381348994,-0.9843028581532075,0.15083422648379485,32
0.45349055464137056,0.010269599736416477,0.8663334092594706,0.0007209123895638159,-243554.33638383518,-0.9953330434480806,0.1525934590932602,32
0.7211219902784607,0.014469148764885394,0.8550374903074687,0.14579387152642528,-107134.65773229739,-0.847742814117446,0.14277177198175361,32
0.9946412624884851,0.1537659921282482,0.22020995294490753,0.004228221965882413,-431874.75525316224,-0.9861590369742154,0.16329595031722646,32
0.3733950795205919,0.05867463072387512,0.9538928970961588,0.17205963078694061,-217003.06673098364,-0.8684984365992202,0.14398587513653566,32
0.5028310347633032,0.02358857475630867,0.3420581671973376,0.1362082167976782,-486442.0535813304,-0.8186306855487725,0.15474457527950172,32
0.45349055464137056,0.010661041420354768,0.8663334092594706,0.001380651984032949,-282430.829419731,-0.9889028223452261,0.1558820297199257,32
0.023434559447946257,0.005226092527269749,0.8662694799648395,0.01309144673864833,-345209.95630788215,-0.9842679076564197,0.14546654879745416,32
0.3821950888511097,0.09634320918359607,0.9802304834339034,0.1616665289365557,-432583.5259732025,-0.8874903309801815,0.15211739165383897,32
0.3733950795205919,0.05867463072387512,0.2821987859856934,0.011454011218197599,-274731.0583165496,-0.9846970786868096,0.1531273957957114,32
0.8498979522407372,0.01257005620249213,0.8723496193900131,0.07170845803171,-135053.90129127295,-0.8957166777218263,0.14313814382245452,32
0.4367185469908368,0.02555653853572407,0.9579257982280166,6.44447264502579e-05,-281201.34141234827,-0.9919589395347764,0.15477551585509705,32
0.2769825337498971,0.03223562204615772,0.8663334092594706,0.0007209123895638159,-265882.158136522,-0.9932203262676665,0.15339954002295617,32
0.8501496067714331,0.014469148764885394,0.8600214078203516,0.15200655090641021,-170052.18460929734,-0.8233146538559222,0.14100605853483658,32
0.9849407250630926,0.093982423225346,0.24273439553436815,0.020694024412539924,-448185.9274228033,-0.958180346421066,0.1604214980821315,32
0.05832096267005962,0.019536150977604857,0.8663334600919584,0.08275123346184682,-472544.38692810544,-0.9523763896166143,0.16499331314157092,32
0.07748564795401323,0.04577021798444211,0.9370271972407596,0.00408670623664641,-376805.9876987293,-0.9912122283583672,0.1601855922903557,32
0.5881291001473542,0.15125527511924436,0.873961414265048,0.006916321575143977,-407354.2580548011,-0.9804188551913596,0.16389621565696452,32
0.589252821455732,0.10046583645476008,0.7114025037967138,0.23005287193148155,-333321.31426555006,-0.8012183901267713,0.1475719441993513,32
0.8490781597377566,0.014469148764885394,0.8600214078203516,0.15200655090641021,-275431.02071077726,-0.8876583437208808,0.14685960195688622,32
0.2249283601181391,0.04602061925936718,0.9540995304725521,0.16800021398077064,-294941.0776701518,-0.8895448130567264,0.15050078499488367,32
0.7287231296769847,0.190311105359428,0.988642412195957,0.01998706882987876,-267446.8830191906,-0.9541692105661079,0.15304805154714576,32
0.3859974517334557,0.0109593240076493,0.8730306521065154,0.005884626029871692,-332448.7002803443,-0.9810276937527082,0.15454401865243464,32
0.7246520701389991,0.15519459651462628,0.9454607842988336,0.021034112097709223,-341740.6347999543,-0.9605444736703808,0.15615658496859916,32
0.38515939681590655,0.014504451339271182,0.8663334092594706,0.037760154670240326,-243565.42628777318,-0.9252854817196209,0.14941338181369543,32
0.589240414803689,0.15125527511924436,0.8740199601660749,0.008601004266594076,-241379.4248734971,-0.9772859627400395,0.14861727335309213,32
0.5875655227552161,0.011983074875421405,0.8971826204122461,0.0020417692903828694,-145932.33371099408,-0.9825803051537255,0.1460872194900063,32
0.008675155962576175,0.005313413924564093,0.8662694799648395,0.01309144673864833,-158933.0638048195,-0.9796014317639433,0.14831433463053814,32
0.5678468892671223,0.1516187397672946,0.873961414265048,0.006916321575143977,-257503.497922807,-0.9737548635866439,0.1495159303711255,32
0.4618462419921284,0.014469148764885394,0.8600214078203516,0.1539936621396037,-273843.16895062005,-0.8561100734879251,0.14633100955801168,32
0.38307195451322507,0.014469148764885394,0.9806325559954127,0.1540478244145615,-343220.37909767486,-0.8661583381037458,0.1509075077478982,32
0.46157858761444637,0.014469148764885394,0.8600214078203516,0.1539936621396037,-369946.9211931901,-0.8765643894652838,0.15968871777073743,32
0.2249283601181391,0.04602061925936718,0.9540995304725521,0.16799780511738693,-372783.63489501487,-0.8039201716722087,0.15727066151032057,32
0.5097879964582102,0.009669196418359262,0.9679997926346381,0.22401149041987933,-342482.0079154858,-0.8742385118894912,0.1524778275091647,32
0.3859974517334557,0.014504451339271182,0.8663334092594706,0.0007209123895638159,-259326.23479968708,-0.9921850537037936,0.1572200634873515,32
0.3859974517334557,0.013193309014343305,0.8723496193900131,0.0005445646680149541,-162895.97242818025,-0.988703513088539,0.15372683684455962,32
0.40412059873128525,0.01972463459936499,0.32486538020903266,0.014568322361492553,-246485.79023950276,-0.983741222316524,0.15455601668783667,32
0.9964194070149692,0.0909323386502775,0.22020995294490753,0.006236999929156918,-255196.50002151247,-0.987221744878911,0.15686721950447183,32
0.3859974517334557,0.014417130755468487,0.8663334092594706,0.0007209123895638159,-161982.81462186907,-0.9899301052512909,0.15364216744811623,32
0.5143122581537478,0.03070996207946862,0.7972602706216818,0.008667156778516164,-252495.59790731207,-0.9819820655609478,0.15558130828022199,32
0.7180839738379233,0.09674049618212331,0.9802304834339034,0.3806573338635493,-80244.68879198623,-0.789681051108249,0.14191312111286702,32
0.5881415067993973,0.10046583645476008,0.7141933641801503,0.2298335233711505,-385661.25725316984,-0.8123469884036494,0.16207902332288857,32
0.38186384895806336,0.09634320918359607,0.8627896916787166,0.1616665289365557,-390643.1580941034,-0.7542060898803813,0.1613288566252258,32
0.0228256453282705,0.061568757893939716,0.28949798550178146,0.00408670623664641,-353745.4849632157,-0.9882310405896179,0.1701057623674336,32
0.07748564795401323,0.04616804148446529,0.9370271972407596,0.00408670623664641,-329632.0351651655,-0.9911761993964676,0.16483171412522596,32
0.3733950795205919,0.05977482856885394,0.2821987859856934,0.011454011218197599,-318959.70153309347,-0.9673405339988553,0.17580688865917984,32
0.45349055464137056,0.010269599736416477,0.8969439511096856,0.0003808717453224475,-206481.73880586788,-0.9910211015428901,0.16144528483965367,32
0.7246520701389991,0.14799059849321705,0.9338836225251657,0.02068427204178302,-198934.16320580276,-0.9763988856458372,0.15055846812683274,32
0.8256174678482833,0.031058792562655698,0.30417328153498363,0.16114374713333451,-428995.19871814497,-0.9088829710664031,0.1594152273350834,33
0.15661810190484526,0.061568757893939716,0.24273439553436815,0.004091708060715349,-287674.18366212136,-0.9893438321589293,0.159726721203822,33
0.7291050776917269,0.19917892502603107,0.3202011353763224,0.019176512841675666,-378263.83381348994,-0.9843028581532075,0.15083422648379485,33
0.45349055464137056,0.010269599736416477,0.8663334092594706,0.0007209123895638159,-243554.33638383518,-0.9953330434480806,0.1525934590932602,33
0.7211219902784607,0.014469148764885394,0.8550374903074687,0.14579387152642528,-107134.65773229739,-0.847742814117446,0.14277177198175361,33
0.9946412624884851,0.1537659921282482,0.22020995294490753,0.004228221965882413,-431874.75525316224,-0.9861590369742154,0.16329595031722646,33
0.3733950795205919,0.05867463072387512,0.9538928970961588,0.17205963078694061,-217003.06673098364,-0.8684984365992202,0.14398587513653566,33
0.5028310347633032,0.02358857475630867,0.3420581671973376,0.1362082167976782,-486442.0535813304,-0.8186306855487725,0.15474457527950172,33
0.45349055464137056,0.010661041420354768,0.8663334092594706,0.001380651984032949,-282430.829419731,-0.9889028223452261,0.1558820297199257,33
0.023434559447946257,0.005226092527269749,0.8662694799648395,0.01309144673864833,-345209.95630788215,-0.9842679076564197,0.14546654879745416,33
0.3821950888511097,0.09634320918359607,0.9802304834339034,0.1616665289365557,-432583.5259732025,-0.8874903309801815,0.15211739165383897,33
0.3733950795205919,0.05867463072387512,0.2821987859856934,0.011454011218197599,-274731.0583165496,-0.9846970786868096,0.1531273957957114,33
0.8498979522407372,0.01257005620249213,0.8723496193900131,0.07170845803171,-135053.90129127295,-0.8957166777218263,0.14313814382245452,33
0.4367185469908368,0.02555653853572407,0.9579257982280166,6.44447264502579e-05,-281201.34141234827,-0.9919589395347764,0.15477551585509705,33
0.2769825337498971,0.03223562204615772,0.8663334092594706,0.0007209123895638159,-265882.158136522,-0.9932203262676665,0.15339954002295617,33
0.8501496067714331,0.014469148764885394,0.8600214078203516,0.15200655090641021,-170052.18460929734,-0.8233146538559222,0.14100605853483658,33
0.9849407250630926,0.093982423225346,0.24273439553436815,0.020694024412539924,-448185.9274228033,-0.958180346421066,0.1604214980821315,33
0.05832096267005962,0.019536150977604857,0.8663334600919584,0.08275123346184682,-472544.38692810544,-0.9523763896166143,0.16499331314157092,33
0.07748564795401323,0.04577021798444211,0.9370271972407596,0.00408670623664641,-376805.9876987293,-0.9912122283583672,0.1601855922903557,33
0.36693048167327247,0.013193309014343305,0.8723496193900131,9.317156214134429e-05,-230993.00601182538,-0.9968583740291,0.1606776631576091,33
0.7200738715174895,0.19917892502603107,0.3202011353763224,0.019176512841675666,-466385.96873625665,-0.9738403027908019,0.17208617098403908,33
0.8381517649657664,0.014504451339271182,0.8799540958277776,0.0007209123895638159,-316878.7558728782,-0.9846419154489113,0.15444903810249416,33
0.38186384895806336,0.09634320918359607,0.8627896916787166,0.1616665289365557,-390643.1580941034,-0.7542060898803813,0.1613288566252258,33
0.5881291001473542,0.15125527511924436,0.873961414265048,0.006916321575143977,-407354.2580548011,-0.9804188551913596,0.16389621565696452,33
0.0228256453282705,0.061568757893939716,0.28949798550178146,0.00408670623664641,-353745.4849632157,-0.9882310405896179,0.1701057623674336,33
0.3859974517334557,0.014504451339271182,0.8663334092594706,0.0007209123895638159,-259326.23479968708,-0.9921850537037936,0.1572200634873515,33
0.7180839738379233,0.09674049618212331,0.9802304834339034,0.3806573338635493,-80244.68879198623,-0.789681051108249,0.14191312111286702,33
0.5875655227552161,0.011983074875421405,0.8971826204122461,0.0020417692903828694,-145932.33371099408,-0.9825803051537255,0.1460872194900063,33
0.2249283601181391,0.04602061925936718,0.9540995304725521,0.16800021398077064,-294941.0776701518,-0.8895448130567264,0.15050078499488367,33
0.5881415067993973,0.10046583645476008,0.7141933641801503,0.2298335233711505,-385661.25725316984,-0.8123469884036494,0.16207902332288857,33
0.07748564795401323,0.04616804148446529,0.9370271972407596,0.00408670623664641,-329632.0351651655,-0.9911761993964676,0.16483171412522596,33
0.38515939681590655,0.014504451339271182,0.8663334092594706,0.037760154670240326,-243565.42628777318,-0.9252854817196209,0.14941338181369543,33
0.4618462419921284,0.014469148764885394,0.8600214078203516,0.1539936621396037,-273843.16895062005,-0.8561100734879251,0.14633100955801168,33
0.45349055464137056,0.012970863905714468,0.8963732912311654,3.665550846446153e-05,-191088.9481286507,-0.9921336057264565,0.156535603168072,33
0.7287231296769847,0.190311105359428,0.988642412195957,0.01998706882987876,-267446.8830191906,-0.9541692105661079,0.15304805154714576,33
0.589240414803689,0.15125527511924436,0.8740199601660749,0.008601004266594076,-241379.4248734971,-0.9772859627400395,0.14861727335309213,33
0.46157858761444637,0.014469148764885394,0.8600214078203516,0.1539936621396037,-369946.9211931901,-0.8765643894652838,0.15968871777073743,33
0.38307195451322507,0.014469148764885394,0.9806325559954127,0.1540478244145615,-343220.37909767486,-0.8661583381037458,0.1509075077478982,33
0.8490781597377566,0.014469148764885394,0.8600214078203516,0.15200655090641021,-275431.02071077726,-0.8876583437208808,0.14685960195688622,33
0.7246520701389991,0.15519459651462628,0.9454607842988336,0.021034112097709223,-341740.6347999543,-0.9605444736703808,0.15615658496859916,33
0.5875655227552161,0.012557875456270462,0.8971826204122461,0.0074895702685234475,-367113.3096668742,-0.982597792892493,0.1580080798283182,33
0.589252821455732,0.10046583645476008,0.7114025037967138,0.23005287193148155,-333321.31426555006,-0.8012183901267713,0.1475719441993513,33
0.3859974517334557,0.013193309014343305,0.8723496193900131,0.0005445646680149541,-162895.97242818025,-0.988703513088539,0.15372683684455962,33
0.5097879964582102,0.009669196418359262,0.9679997926346381,0.22401149041987933,-342482.0079154858,-0.8742385118894912,0.1524778275091647,33
0.2249283601181391,0.04602061925936718,0.9540995304725521,0.16799780511738693,-372783.63489501487,-0.8039201716722087,0.15727066151032057,33
0.5678468892671223,0.1516187397672946,0.873961414265048,0.006916321575143977,-257503.497922807,-0.9737548635866439,0.1495159303711255,33
0.008675155962576175,0.005313413924564093,0.8662694799648395,0.01309144673864833,-158933.0638048195,-0.9796014317639433,0.14831433463053814,33
0.5143122581537478,0.03070996207946862,0.7972602706216818,0.008667156778516164,-252495.59790731207,-0.9819820655609478,0.15558130828022199,33
0.40412059873128525,0.01972463459936499,0.32486538020903266,0.014568322361492553,-246485.79023950276,-0.983741222316524,0.15455601668783667,33
0.9964194070149692,0.0909323386502775,0.22020995294490753,0.006236999929156918,-255196.50002151247,-0.987221744878911,0.15686721950447183,33
0.8256174678482833,0.031058792562655698,0.30417328153498363,0.16114374713333451,-428995.19871814497,-0.9088829710664031,0.1594152273350834,34
0.45349055464137056,0.010269599736416477,0.8663334092594706,0.0007209123895638159,-243554.33638383518,-0.9953330434480806,0.1525934590932602,34
0.9946412624884851,0.1537659921282482,0.22020995294490753,0.004228221965882413,-431874.75525316224,-0.9861590369742154,0.16329595031722646,34
0.5028310347633032,0.02358857475630867,0.3420581671973376,0.1362082167976782,-486442.0535813304,-0.8186306855487725,0.15474457527950172,34
0.3821950888511097,0.09634320918359607,0.9802304834339034,0.1616665289365557,-432583.5259732025,-0.8874903309801815,0.15211739165383897,34
0.4367185469908368,0.02555653853572407,0.9579257982280166,6.44447264502579e-05,-281201.34141234827,-0.9919589395347764,0.15477551585509705,34
0.2769825337498971,0.03223562204615772,0.8663334092594706,0.0007209123895638159,-265882.158136522,-0.9932203262676665,0.15339954002295617,34
0.8501496067714331,0.014469148764885394,0.8600214078203516,0.15200655090641021,-170052.18460929734,-0.8233146538559222,0.14100605853483658,34
0.9849407250630926,0.093982423225346,0.24273439553436815,0.020694024412539924,-448185.9274228033,-0.958180346421066,0.1604214980821315,34
0.05832096267005962,0.019536150977604857,0.8663334600919584,0.08275123346184682,-472544.38692810544,-0.9523763896166143,0.16499331314157092,34
0.07748564795401323,0.04577021798444211,0.9370271972407596,0.00408670623664641,-376805.9876987293,-0.9912122283583672,0.1601855922903557,34
0.36693048167327247,0.013193309014343305,0.8723496193900131,9.317156214134429e-05,-230993.00601182538,-0.9968583740291,0.1606776631576091,34
0.3859974517334557,0.014504451339271182,0.8935723971254024,0.0028747774357947425,-399055.65586233925,-0.990084851014637,0.14267028436721008,34
0.7301711136618857,0.19917892502603107,0.3040988610178258,0.00881518411267325,-466468.6665288428,-0.9831215175040344,0.16074043147643502,34
0.3859974517334557,0.014504451339271182,0.8663334092594706,0.0007209123895638159,-259326.23479968708,-0.9921850537037936,0.1572200634873515,34
0.45349055464137056,0.012970863905714468,0.8963732912311654,3.665550846446153e-05,-191088.9481286507,-0.9921336057264565,0.156535603168072,34
0.7180839738379233,0.09674049618212331,0.9802304834339034,0.3806573338635493,-80244.68879198623,-0.789681051108249,0.14191312111286702,34
0.07748564795401323,0.04616804148446529,0.9370271972407596,0.00408670623664641,-329632.0351651655,-0.9911761993964676,0.16483171412522596,34
0.15661810190484526,0.061568757893939716,0.24273439553436815,0.004091708060715349,-287674.18366212136,-0.9893438321589293,0.159726721203822,34
0.7291050776917269,0.19917892502603107,0.3202011353763224,0.019176512841675666,-378263.83381348994,-0.9843028581532075,0.15083422648379485,34
0.7211219902784607,0.014469148764885394,0.8550374903074687,0.14579387152642528,-107134.65773229739,-0.847742814117446,0.14277177198175361,34
0.3733950795205919,0.05867463072387512,0.9538928970961588,0.17205963078694061,-217003.06673098364,-0.8684984365992202,0.14398587513653566,34
0.45349055464137056,0.010661041420354768,0.8663334092594706,0.001380651984032949,-282430.829419731,-0.9889028223452261,0.1558820297199257,34
0.023434559447946257,0.005226092527269749,0.8662694799648395,0.01309144673864833,-345209.95630788215,-0.9842679076564197,0.14546654879745416,34
0.3733950795205919,0.05867463072387512,0.2821987859856934,0.011454011218197599,-274731.0583165496,-0.9846970786868096,0.1531273957957114,34
0.8498979522407372,0.01257005620249213,0.8723496193900131,0.07170845803171,-135053.90129127295,-0.8957166777218263,0.14313814382245452,34
0.8381517649657664,0.014504451339271182,0.8799540958277776,0.0007209123895638159,-316878.7558728782,-0.9846419154489113,0.15444903810249416,34
0.0228256453282705,0.061568757893939716,0.28949798550178146,0.00408670623664641,-353745.4849632157,-0.9882310405896179,0.1701057623674336,34
0.3859974517334557,0.013193309014343305,0.8723496193900131,0.0005445646680149541,-162895.97242818025,-0.988703513088539,0.15372683684455962,34
0.21643490707984364,0.09759991209184295,0.9540995304725521,0.15748713629853509,-278746.85958952806,-0.8227853415096127,0.14422903146236882,34
0.7200738715174895,0.19917892502603107,0.3202011353763224,0.019176512841675666,-466385.96873625665,-0.9738403027908019,0.17208617098403908,34
0.38186384895806336,0.09634320918359607,0.8627896916787166,0.1616665289365557,-390643.1580941034,-0.7542060898803813,0.1613288566252258,34
0.5881291001473542,0.15125527511924436,0.873961414265048,0.006916321575143977,-407354.2580548011,-0.9804188551913596,0.16389621565696452,34
0.5881415067993973,0.10046583645476008,0.7141933641801503,0.2298335233711505,-385661.25725316984,-0.8123469884036494,0.16207902332288857,34
0.5875655227552161,0.011983074875421405,0.8971826204122461,0.0020417692903828694,-145932.33371099408,-0.9825803051537255,0.1460872194900063,34
0.46157858761444637,0.014469148764885394,0.8600214078203516,0.1539936621396037,-369946.9211931901,-0.8765643894652838,0.15968871777073743,34
0.589252821455732,0.10046583645476008,0.7114025037967138,0.23005287193148155,-333321.31426555006,-0.8012183901267713,0.1475719441993513,34
0.2249283601181391,0.04602061925936718,0.9540995304725521,0.16799780511738693,-372783.63489501487,-0.8039201716722087,0.15727066151032057,34
0.9964194070149692,0.0909323386502775,0.22020995294490753,0.006236999929156918,-255196.50002151247,-0.987221744878911,0.15686721950447183,34
0.2249283601181391,0.04602061925936718,0.9540995304725521,0.16800021398077064,-294941.0776701518,-0.8895448130567264,0.15050078499488367,34
0.008675155962576175,0.005313413924564093,0.8662694799648395,0.01309144673864833,-158933.0638048195,-0.9796014317639433,0.14831433463053814,34
0.589240414803689,0.15125527511924436,0.8740199601660749,0.008601004266594076,-241379.4248734971,-0.9772859627400395,0.14861727335309213,34
0.38515939681590655,0.014504451339271182,0.8663334092594706,0.037760154670240326,-243565.42628777318,-0.9252854817196209,0.14941338181369543,34
0.4618462419921284,0.014469148764885394,0.8600214078203516,0.1539936621396037,-273843.16895062005,-0.8561100734879251,0.14633100955801168,34
0.7287231296769847,0.190311105359428,0.988642412195957,0.01998706882987876,-267446.8830191906,-0.9541692105661079,0.15304805154714576,34
0.38307195451322507,0.014469148764885394,0.9806325559954127,0.1540478244145615,-343220.37909767486,-0.8661583381037458,0.1509075077478982,34
0.5875655227552161,0.012557875456270462,0.8971826204122461,0.0074895702685234475,-367113.3096668742,-0.982597792892493,0.1580080798283182,34
0.8490781597377566,0.014469148764885394,0.8600214078203516,0.15200655090641021,-275431.02071077726,-0.8876583437208808,0.14685960195688622,34
0.40412059873128525,0.01972463459936499,0.32486538020903266,0.014568322361492553,-246485.79023950276,-0.983741222316524,0.15455601668783667,34
0.7246520701389991,0.15519459651462628,0.9454607842988336,0.021034112097709223,-341740.6347999543,-0.9605444736703808,0.15615658496859916,34
0.8256174678482833,0.031058792562655698,0.30417328153498363,0.16114374713333451,-428995.19871814497,-0.9088829710664031,0.1594152273350834,35
0.45349055464137056,0.010269599736416477,0.8663334092594706,0.0007209123895638159,-243554.33638383518,-0.9953330434480806,0.1525934590932602,35
0.9946412624884851,0.1537659921282482,0.22020995294490753,0.004228221965882413,-431874.75525316224,-0.9861590369742154,0.16329595031722646,35
0.5028310347633032,0.02358857475630867,0.3420581671973376,0.1362082167976782,-486442.0535813304,-0.8186306855487725,0.15474457527950172,35
0.3821950888511097,0.09634320918359607,0.9802304834339034,0.1616665289365557,-432583.5259732025,-0.8874903309801815,0.15211739165383897,35
0.4367185469908368,0.02555653853572407,0.9579257982280166,6.44447264502579e-05,-281201.34141234827,-0.9919589395347764,0.15477551585509705,35
0.2769825337498971,0.03223562204615772,0.8663334092594706,0.0007209123895638159,-265882.158136522,-0.9932203262676665,0.15339954002295617,35
0.8501496067714331,0.014469148764885394,0.8600214078203516,0.15200655090641021,-170052.18460929734,-0.8233146538559222,0.14100605853483658,35
0.9849407250630926,0.093982423225346,0.24273439553436815,0.020694024412539924,-448185.9274228033,-0.958180346421066,0.1604214980821315,35
0.05832096267005962,0.019536150977604857,0.8663334600919584,0.08275123346184682,-472544.38692810544,-0.9523763896166143,0.16499331314157092,35
0.36693048167327247,0.013193309014343305,0.8723496193900131,9.317156214134429e-05,-230993.00601182538,-0.9968583740291,0.1606776631576091,35
0.3859974517334557,0.014504451339271182,0.8935723971254024,0.0028747774357947425,-399055.65586233925,-0.990084851014637,0.14267028436721008,35
0.7301711136618857,0.19917892502603107,0.3040988610178258,0.00881518411267325,-466468.6665288428,-0.9831215175040344,0.16074043147643502,35
0.4120125439260629,0.014509695992530578,0.8924037453269801,3.665550846446153e-05,-427048.1131868974,-0.9919691749755531,0.15611634018367904,35
0.3859974517334557,0.014504451339271182,0.8663334092594706,0.0007209123895638159,-259326.23479968708,-0.9921850537037936,0.1572200634873515,35
0.45349055464137056,0.012970863905714468,0.8963732912311654,3.665550846446153e-05,-191088.9481286507,-0.9921336057264565,0.156535603168072,35
0.7180839738379233,0.09674049618212331,0.9802304834339034,0.3806573338635493,-80244.68879198623,-0.789681051108249,0.14191312111286702,35
0.7291050776917269,0.19917892502603107,0.3202011353763224,0.019176512841675666,-378263.83381348994,-0.9843028581532075,0.15083422648379485,35
0.7211219902784607,0.014469148764885394,0.8550374903074687,0.14579387152642528,-107134.65773229739,-0.847742814117446,0.14277177198175361,35
0.3733950795205919,0.05867463072387512,0.9538928970961588,0.17205963078694061,-217003.06673098364,-0.8684984365992202,0.14398587513653566,35
0.45349055464137056,0.010661041420354768,0.8663334092594706,0.001380651984032949,-282430.829419731,-0.9889028223452261,0.1558820297199257,35
0.023434559447946257,0.005226092527269749,0.8662694799648395,0.01309144673864833,-345209.95630788215,-0.9842679076564197,0.14546654879745416,35
0.3733950795205919,0.05867463072387512,0.2821987859856934,0.011454011218197599,-274731.0583165496,-0.9846970786868096,0.1531273957957114,35
0.8381517649657664,0.014504451339271182,0.8799540958277776,0.0007209123895638159,-316878.7558728782,-0.9846419154489113,0.15444903810249416,35
0.3859974517334557,0.013193309014343305,0.8723496193900131,0.0005445646680149541,-162895.97242818025,-0.988703513088539,0.15372683684455962,35
0.21643490707984364,0.09759991209184295,0.9540995304725521,0.15748713629853509,-278746.85958952806,-0.8227853415096127,0.14422903146236882,35
0.3859974517334557,0.012965619252455072,0.8703029551636557,0.05095188869342024,-138105.3993003884,-0.9451352207567694,0.14308457866527502,35
0.7200738715174895,0.19917892502603107,0.3202011353763224,0.019176512841675666,-466385.96873625665,-0.9738403027908019,0.17208617098403908,35
0.07748564795401323,0.04577021798444211,0.9370271972407596,0.00408670623664641,-376805.9876987293,-0.9912122283583672,0.1601855922903557,35
0.15661810190484526,0.061568757893939716,0.24273439553436815,0.004091708060715349,-287674.18366212136,-0.9893438321589293,0.159726721203822,35
0.38186384895806336,0.09634320918359607,0.8627896916787166,0.1616665289365557,-390643.1580941034,-0.7542060898803813,0.1613288566252258,35
0.5881291001473542,0.15125527511924436,0.873961414265048,0.006916321575143977,-407354.2580548011,-0.9804188551913596,0.16389621565696452,35
0.5881415067993973,0.10046583645476008,0.7141933641801503,0.2298335233711505,-385661.25725316984,-0.8123469884036494,0.16207902332288857,35
0.43559809275142525,0.025567851659930366,0.9863766949222246,0.17962417112528606,-420757.1986111973,-0.8965247425686637,0.16775827456658968,35
0.8498979522407372,0.01257005620249213,0.8723496193900131,0.07170845803171,-135053.90129127295,-0.8957166777218263,0.14313814382245452,35
0.0228256453282705,0.061568757893939716,0.28949798550178146,0.00408670623664641,-353745.4849632157,-0.9882310405896179,0.1701057623674336,35
0.2249283601181391,0.04602061925936718,0.9540995304725521,0.16799780511738693,-372783.63489501487,-0.8039201716722087,0.15727066151032057,35
0.07748564795401323,0.04616804148446529,0.9370271972407596,0.00408670623664641,-329632.0351651655,-0.9911761993964676,0.16483171412522596,35
0.589252821455732,0.10046583645476008,0.7114025037967138,0.23005287193148155,-333321.31426555006,-0.8012183901267713,0.1475719441993513,35
0.589240414803689,0.15125527511924436,0.8740199601660749,0.008601004266594076,-241379.4248734971,-0.9772859627400395,0.14861727335309213,35
0.008675155962576175,0.005313413924564093,0.8662694799648395,0.01309144673864833,-158933.0638048195,-0.9796014317639433,0.14831433463053814,35
0.7287231296769847,0.190311105359428,0.988642412195957,0.01998706882987876,-267446.8830191906,-0.9541692105661079,0.15304805154714576,35
0.38515939681590655,0.014504451339271182,0.8663334092594706,0.037760154670240326,-243565.42628777318,-0.9252854817196209,0.14941338181369543,35
0.46157858761444637,0.014469148764885394,0.8600214078203516,0.1539936621396037,-369946.9211931901,-0.8765643894652838,0.15968871777073743,35
0.9375450804115427,0.08725208135550055,0.9538928970961588,0.1813172375536805,-279950.28831282776,-0.8252699780141586,0.1471846701891023,35
0.2249283601181391,0.04602061925936718,0.9540995304725521,0.16800021398077064,-294941.0776701518,-0.8895448130567264,0.15050078499488367,35
0.4618462419921284,0.014469148764885394,0.8600214078203516,0.1539936621396037,-273843.16895062005,-0.8561100734879251,0.14633100955801168,35
0.38307195451322507,0.014469148764885394,0.9806325559954127,0.1540478244145615,-343220.37909767486,-0.8661583381037458,0.1509075077478982,35
0.7246520701389991,0.15519459651462628,0.9454607842988336,0.021034112097709223,-341740.6347999543,-0.9605444736703808,0.15615658496859916,35
0.5875655227552161,0.011983074875421405,0.8971826204122461,0.0020417692903828694,-145932.33371099408,-0.9825803051537255,0.1460872194900063,35
0.8256174678482833,0.031058792562655698,0.30417328153498363,0.16114374713333451,-428995.19871814497,-0.9088829710664031,0.1594152273350834,36
0.45349055464137056,0.010269599736416477,0.8663334092594706,0.0007209123895638159,-243554.33638383518,-0.9953330434480806,0.1525934590932602,36
0.9946412624884851,0.1537659921282482,0.22020995294490753,0.004228221965882413,-431874.75525316224,-0.9861590369742154,0.16329595031722646,36
0.5028310347633032,0.02358857475630867,0.3420581671973376,0.1362082167976782,-486442.0535813304,-0.8186306855487725,0.15474457527950172,36
0.3821950888511097,0.09634320918359607,0.9802304834339034,0.1616665289365557,-432583.5259732025,-0.8874903309801815,0.15211739165383897,36
0.4367185469908368,0.02555653853572407,0.9579257982280166,6.44447264502579e-05,-281201.34141234827,-0.9919589395347764,0.15477551585509705,36
0.2769825337498971,0.03223562204615772,0.8663334092594706,0.0007209123895638159,-265882.158136522,-0.9932203262676665,0.15339954002295617,36
0.8501496067714331,0.014469148764885394,0.8600214078203516,0.15200655090641021,-170052.18460929734,-0.8233146538559222,0.14100605853483658,36
0.9849407250630926,0.093982423225346,0.24273439553436815,0.020694024412539924,-448185.9274228033,-0.958180346421066,0.1604214980821315,36
0.05832096267005962,0.019536150977604857,0.8663334600919584,0.08275123346184682,-472544.38692810544,-0.9523763896166143,0.16499331314157092,36
0.36693048167327247,0.013193309014343305,0.8723496193900131,9.317156214134429e-05,-230993.00601182538,-0.9968583740291,0.1606776631576091,36
0.3859974517334557,0.014504451339271182,0.8935723971254024,0.0028747774357947425,-399055.65586233925,-0.990084851014637,0.14267028436721008,36
0.7301711136618857,0.19917892502603107,0.3040988610178258,0.00881518411267325,-466468.6665288428,-0.9831215175040344,0.16074043147643502,36
0.4120125439260629,0.014509695992530578,0.8924037453269801,3.665550846446153e-05,-427048.1131868974,-0.9919691749755531,0.15611634018367904,36
0.3859974517334557,0.014504451339271182,0.8663334092594706,0.0007209123895638159,-259326.23479968708,-0.9921850537037936,0.1572200634873515,36
0.45349055464137056,0.012970863905714468,0.8963732912311654,3.665550846446153e-05,-191088.9481286507,-0.9921336057264565,0.156535603168072,36
0.7180839738379233,0.09674049618212331,0.9802304834339034,0.3806573338635493,-80244.68879198623,-0.789681051108249,0.14191312111286702,36
0.7291050776917269,0.19917892502603107,0.3202011353763224,0.019176512841675666,-378263.83381348994,-0.9843028581532075,0.15083422648379485,36
0.7211219902784607,0.014469148764885394,0.8550374903074687,0.14579387152642528,-107134.65773229739,-0.847742814117446,0.14277177198175361,36
0.3733950795205919,0.05867463072387512,0.9538928970961588,0.17205963078694061,-217003.06673098364,-0.8684984365992202,0.14398587513653566,36
0.45349055464137056,0.010661041420354768,0.8663334092594706,0.001380651984032949,-282430.829419731,-0.9889028223452261,0.1558820297199257,36
0.023434559447946257,0.005226092527269749,0.8662694799648395,0.01309144673864833,-345209.95630788215,-0.9842679076564197,0.14546654879745416,36
0.3733950795205919,0.05867463072387512,0.2821987859856934,0.011454011218197599,-274731.0583165496,-0.9846970786868096,0.1531273957957114,36
0.8381517649657664,0.014504451339271182,0.8799540958277776,0.0007209123895638159,-316878.7558728782,-0.9846419154489113,0.15444903810249416,36
0.3859974517334557,0.013193309014343305,0.8723496193900131,0.0005445646680149541,-162895.97242818025,-0.988703513088539,0.15372683684455962,36
0.21643490707984364,0.09759991209184295,0.9540995304725521,0.15748713629853509,-278746.85958952806,-0.8227853415096127,0.14422903146236882,36
0.3859974517334557,0.012965619252455072,0.8703029551636557,0.05095188869342024,-138105.3993003884,-0.9451352207567694,0.14308457866527502,36
0.7200738715174895,0.19917892502603107,0.3202011353763224,0.019176512841675666,-466385.96873625665,-0.9738403027908019,0.17208617098403908,36
0.07748564795401323,0.04577021798444211,0.9370271972407596,0.00408670623664641,-376805.9876987293,-0.9912122283583672,0.1601855922903557,36
0.15661810190484526,0.061568757893939716,0.24273439553436815,0.004091708060715349,-287674.18366212136,-0.9893438321589293,0.159726721203822,36
0.38186384895806336,0.09634320918359607,0.8627896916787166,0.1616665289365557,-390643.1580941034,-0.7542060898803813,0.1613288566252258,36
0.5881291001473542,0.15125527511924436,0.873961414265048,0.006916321575143977,-407354.2580548011,-0.9804188551913596,0.16389621565696452,36
0.5881415067993973,0.10046583645476008,0.7141933641801503,0.2298335233711505,-385661.25725316984,-0.8123469884036494,0.16207902332288857,36
0.43559809275142525,0.025567851659930366,0.9863766949222246,0.17962417112528606,-420757.1986111973,-0.8965247425686637,0.16775827456658968,36
0.4215862966013826,0.01446956007595744,0.8872416961312798,0.0025259594416232878,-292755.5581625726,-0.9857164527740455,0.15717558010681867,36
0.589252821455732,0.10046583645476008,0.7114025037967138,0.23005287193148155,-333321.31426555006,-0.8012183901267713,0.1475719441993513,36
0.2249283601181391,0.04602061925936718,0.9540995304725521,0.16799780511738693,-372783.63489501487,-0.8039201716722087,0.15727066151032057,36
0.0228256453282705,0.061568757893939716,0.28949798550178146,0.00408670623664641,-353745.4849632157,-0.9882310405896179,0.1701057623674336,36
0.8498979522407372,0.01257005620249213,0.8723496193900131,0.07170845803171,-135053.90129127295,-0.8957166777218263,0.14313814382245452,36
0.07748564795401323,0.04616804148446529,0.9370271972407596,0.00408670623664641,-329632.0351651655,-0.9911761993964676,0.16483171412522596,36
0.4120125439260629,0.014509695992530578,0.8924037453269801,0.0004155841474384695,-205334.28711884783,-0.9911623036542,0.16415177021033223,36
0.7287231296769847,0.190311105359428,0.988642412195957,0.01998706882987876,-267446.8830191906,-0.9541692105661079,0.15304805154714576,36
0.38515939681590655,0.014504451339271182,0.8663334092594706,0.037760154670240326,-243565.42628777318,-0.9252854817196209,0.14941338181369543,36
0.9375450804115427,0.08725208135550055,0.9538928970961588,0.1813172375536805,-279950.28831282776,-0.8252699780141586,0.1471846701891023,36
0.2249283601181391,0.04602061925936718,0.9540995304725521,0.16800021398077064,-294941.0776701518,-0.8895448130567264,0.15050078499488367,36
0.008675155962576175,0.005313413924564093,0.8662694799648395,0.01309144673864833,-158933.0638048195,-0.9796014317639433,0.14831433463053814,36
0.46157858761444637,0.014469148764885394,0.8600214078203516,0.1539936621396037,-369946.9211931901,-0.8765643894652838,0.15968871777073743,36
0.4618462419921284,0.014469148764885394,0.8600214078203516,0.1539936621396037,-273843.16895062005,-0.8561100734879251,0.14633100955801168,36
0.589240414803689,0.15125527511924436,0.8740199601660749,0.008601004266594076,-241379.4248734971,-0.9772859627400395,0.14861727335309213,36
0.5875655227552161,0.011983074875421405,0.8971826204122461,0.0020417692903828694,-145932.33371099408,-0.9825803051537255,0.1460872194900063,36
0.45349055464137056,0.010269599736416477,0.8663334092594706,0.0007209123895638159,-243554.33638383518,-0.9953330434480806,0.1525934590932602,37
0.5028310347633032,0.02358857475630867,0.3420581671973376,0.1362082167976782,-486442.0535813304,-0.8186306855487725,0.15474457527950172,37
0.3821950888511097,0.09634320918359607,0.9802304834339034,0.1616665289365557,-432583.5259732025,-0.8874903309801815,0.15211739165383897,37
0.4367185469908368,0.02555653853572407,0.9579257982280166,6.44447264502579e-05,-281201.34141234827,-0.9919589395347764,0.15477551585509705,37
0.2769825337498971,0.03223562204615772,0.8663334092594706,0.0007209123895638159,-265882.158136522,-0.9932203262676665,0.15339954002295617,37
0.8501496067714331,0.014469148764885394,0.8600214078203516,0.15200655090641021,-170052.18460929734,-0.8233146538559222,0.14100605853483658,37
0.05832096267005962,0.019536150977604857,0.8663334600919584,0.08275123346184682,-472544.38692810544,-0.9523763896166143,0.16499331314157092,37
0.36693048167327247,0.013193309014343305,0.8723496193900131,9.317156214134429e-05,-230993.00601182538,-0.9968583740291,0.1606776631576091,37
0.3859974517334557,0.014504451339271182,0.8935723971254024,0.0028747774357947425,-399055.65586233925,-0.990084851014637,0.14267028436721008,37
0.7301711136618857,0.19917892502603107,0.3040988610178258,0.00881518411267325,-466468.6665288428,-0.9831215175040344,0.16074043147643502,37
0.4120125439260629,0.014509695992530578,0.8924037453269801,3.665550846446153e-05,-427048.1131868974,-0.9919691749755531,0.15611634018367904,37
0.3859974517334557,0.019573135386418673,0.8935723971254024,0.00026785486649295864,-450494.181962254,-0.9915384111656754,0.1571023669803789,37
0.7180839738379233,0.10449234876662546,0.9978009769591036,0.3806573338635493,-513362.43540127185,-0.7695922697073622,0.1469270240152292,37
0.3859974517334557,0.014504451339271182,0.8663334092594706,0.0007209123895638159,-259326.23479968708,-0.9921850537037936,0.1572200634873515,37
0.45349055464137056,0.012970863905714468,0.8963732912311654,3.665550846446153e-05,-191088.9481286507,-0.9921336057264565,0.156535603168072,37
0.7180839738379233,0.09674049618212331,0.9802304834339034,0.3806573338635493,-80244.68879198623,-0.789681051108249,0.14191312111286702,37
0.7291050776917269,0.19917892502603107,0.3202011353763224,0.019176512841675666,-378263.83381348994,-0.9843028581532075,0.15083422648379485,37
0.7211219902784607,0.014469148764885394,0.8550374903074687,0.14579387152642528,-107134.65773229739,-0.847742814117446,0.14277177198175361,37
0.3733950795205919,0.05867463072387512,0.9538928970961588,0.17205963078694061,-217003.06673098364,-0.8684984365992202,0.14398587513653566,37
0.45349055464137056,0.010661041420354768,0.8663334092594706,0.001380651984032949,-282430.829419731,-0.9889028223452261,0.1558820297199257,37
0.023434559447946257,0.005226092527269749,0.8662694799648395,0.01309144673864833,-345209.95630788215,-0.9842679076564197,0.14546654879745416,37
0.3733950795205919,0.05867463072387512,0.2821987859856934,0.011454011218197599,-274731.0583165496,-0.9846970786868096,0.1531273957957114,37
0.8381517649657664,0.014504451339271182,0.8799540958277776,0.0007209123895638159,-316878.7558728782,-0.9846419154489113,0.15444903810249416,37
0.3859974517334557,0.013193309014343305,0.8723496193900131,0.0005445646680149541,-162895.97242818025,-0.988703513088539,0.15372683684455962,37
0.21643490707984364,0.09759991209184295,0.9540995304725521,0.15748713629853509,-278746.85958952806,-0.8227853415096127,0.14422903146236882,37
0.3859974517334557,0.012965619252455072,0.8703029551636557,0.05095188869342024,-138105.3993003884,-0.9451352207567694,0.14308457866527502,37
0.7200738715174895,0.19917892502603107,0.3202011353763224,0.019176512841675666,-466385.96873625665,-0.9738403027908019,0.17208617098403908,37
0.8256174678482833,0.031058792562655698,0.30417328153498363,0.16114374713333451,-428995.19871814497,-0.9088829710664031,0.1594152273350834,37
0.9946412624884851,0.1537659921282482,0.22020995294490753,0.004228221965882413,-431874.75525316224,-0.9861590369742154,0.16329595031722646,37
0.9849407250630926,0.093982423225346,0.24273439553436815,0.020694024412539924,-448185.9274228033,-0.958180346421066,0.1604214980821315,37
0.07748564795401323,0.04577021798444211,0.9370271972407596,0.00408670623664641,-376805.9876987293,-0.9912122283583672,0.1601855922903557,37
0.15661810190484526,0.061568757893939716,0.24273439553436815,0.004091708060715349,-287674.18366212136,-0.9893438321589293,0.159726721203822,37
0.4215862966013826,0.01446956007595744,0.8872416961312798,0.0025259594416232878,-292755.5581625726,-0.9857164527740455,0.15717558010681867,37
0.07748564795401323,0.04616804148446529,0.9370271972407596,0.00408670623664641,-329632.0351651655,-0.9911761993964676,0.16483171412522596,37
0.0228256453282705,0.061568757893939716,0.28949798550178146,0.00408670623664641,-353745.4849632157,-0.9882310405896179,0.1701057623674336,37
0.43559809275142525,0.025567851659930366,0.9863766949222246,0.17962417112528606,-420757.1986111973,-0.8965247425686637,0.16775827456658968,37
0.38186384895806336,0.09634320918359607,0.8627896916787166,0.1616665289365557,-390643.1580941034,-0.7542060898803813,0.1613288566252258,37
0.8498979522407372,0.01257005620249213,0.8723496193900131,0.07170845803171,-135053.90129127295,-0.8957166777218263,0.14313814382245452,37
0.38515939681590655,0.014504451339271182,0.8663334092594706,0.037760154670240326,-243565.42628777318,-0.9252854817196209,0.14941338181369543,37
0.7287231296769847,0.190311105359428,0.988642412195957,0.01998706882987876,-267446.8830191906,-0.9541692105661079,0.15304805154714576,37
0.8498979522407372,0.028680259108959206,0.8723496193900131,0.07170845803171,-322961.17889191676,-0.8753237112547816,0.15330306049409448,37
0.2249283601181391,0.04602061925936718,0.9540995304725521,0.16799780511738693,-372783.63489501487,-0.8039201716722087,0.15727066151032057,37
0.589252821455732,0.10046583645476008,0.7114025037967138,0.23005287193148155,-333321.31426555006,-0.8012183901267713,0.1475719441993513,37
0.4120125439260629,0.014509695992530578,0.8924037453269801,0.0004155841474384695,-205334.28711884783,-0.9911623036542,0.16415177021033223,37
0.9375450804115427,0.08725208135550055,0.9538928970961588,0.1813172375536805,-279950.28831282776,-0.8252699780141586,0.1471846701891023,37
0.4618462419921284,0.014469148764885394,0.8600214078203516,0.1539936621396037,-273843.16895062005,-0.8561100734879251,0.14633100955801168,37
0.46157858761444637,0.014469148764885394,0.8600214078203516,0.1539936621396037,-369946.9211931901,-0.8765643894652838,0.15968871777073743,37
0.2249283601181391,0.04602061925936718,0.9540995304725521,0.16800021398077064,-294941.0776701518,-0.8895448130567264,0.15050078499488367,37
0.058234707734949966,0.045396707546274076,0.8742036991364692,0.008003013475063929,-296363.5044360365,-0.9701946544214772,0.16378708584203025,37
0.008675155962576175,0.005313413924564093,0.8662694799648395,0.01309144673864833,-158933.0638048195,-0.9796014317639433,0.14831433463053814,37
0.45349055464137056,0.010269599736416477,0.8663334092594706,0.0007209123895638159,-243554.33638383518,-0.9953330434480806,0.1525934590932602,38
0.5028310347633032,0.02358857475630867,0.3420581671973376,0.1362082167976782,-486442.0535813304,-0.8186306855487725,0.15474457527950172,38
0.3821950888511097,0.09634320918359607,0.9802304834339034,0.1616665289365557,-432583.5259732025,-0.8874903309801815,0.15211739165383897,38
0.4367185469908368,0.02555653853572407,0.9579257982280166,6.44447264502579e-05,-281201.34141234827,-0.9919589395347764,0.15477551585509705,38
0.2769825337498971,0.03223562204615772,0.8663334092594706,0.0007209123895638159,-265882.158136522,-0.9932203262676665,0.15339954002295617,38
0.8501496067714331,0.014469148764885394,0.8600214078203516,0.15200655090641021,-170052.18460929734,-0.8233146538559222,0.14100605853483658,38
0.05832096267005962,0.019536150977604857,0.8663334600919584,0.08275123346184682,-472544.38692810544,-0.9523763896166143,0.16499331314157092,38
0.36693048167327247,0.013193309014343305,0.8723496193900131,9.317156214134429e-05,-230993.00601182538,-0.9968583740291,0.1606776631576091,38
0.3859974517334557,0.014504451339271182,0.8935723971254024,0.0028747774357947425,-399055.65586233925,-0.990084851014637,0.14267028436721008,38
0.7301711136618857,0.19917892502603107,0.3040988610178258,0.00881518411267325,-466468.6665288428,-0.9831215175040344,0.16074043147643502,38
0.4120125439260629,0.014509695992530578,0.8924037453269801,3.665550846446153e-05,-427048.1131868974,-0.9919691749755531,0.15611634018367904,38
0.3859974517334557,0.019573135386418673,0.8935723971254024,0.00026785486649295864,-450494.181962254,-0.9915384111656754,0.1571023669803789,38
0.7180839738379233,0.10449234876662546,0.9978009769591036,0.3806573338635493,-513362.43540127185,-0.7695922697073622,0.1469270240152292,38
0.36693048167327247,0.10056333893199994,0.8070189060998301,9.317156214134429e-05,-294783.06446974265,-0.9938711516250325,0.162213126260608,38
0.86567851912179,0.01257005620249213,0.8723496193900131,0.0001868342801812639,-253073.497239721,-0.9919820816976271,0.14974128548163915,38
0.3859974517334557,0.014504451339271182,0.8663334092594706,0.0007209123895638159,-259326.23479968708,-0.9921850537037936,0.1572200634873515,38
0.45349055464137056,0.012970863905714468,0.8963732912311654,3.665550846446153e-05,-191088.9481286507,-0.9921336057264565,0.156535603168072,38
0.7180839738379233,0.09674049618212331,0.9802304834339034,0.3806573338635493,-80244.68879198623,-0.789681051108249,0.14191312111286702,38
0.7291050776917269,0.19917892502603107,0.3202011353763224,0.019176512841675666,-378263.83381348994,-0.9843028581532075,0.15083422648379485,38
0.7211219902784607,0.014469148764885394,0.8550374903074687,0.14579387152642528,-107134.65773229739,-0.847742814117446,0.14277177198175361,38
0.3733950795205919,0.05867463072387512,0.9538928970961588,0.17205963078694061,-217003.06673098364,-0.8684984365992202,0.14398587513653566,38
0.45349055464137056,0.010661041420354768,0.8663334092594706,0.001380651984032949,-282430.829419731,-0.9889028223452261,0.1558820297199257,38
0.023434559447946257,0.005226092527269749,0.8662694799648395,0.01309144673864833,-345209.95630788215,-0.9842679076564197,0.14546654879745416,38
0.3733950795205919,0.05867463072387512,0.2821987859856934,0.011454011218197599,-274731.0583165496,-0.9846970786868096,0.1531273957957114,38
0.8381517649657664,0.014504451339271182,0.8799540958277776,0.0007209123895638159,-316878.7558728782,-0.9846419154489113,0.15444903810249416,38
0.21643490707984364,0.09759991209184295,0.9540995304725521,0.15748713629853509,-278746.85958952806,-0.8227853415096127,0.14422903146236882,38
0.3859974517334557,0.012965619252455072,0.8703029551636557,0.05095188869342024,-138105.3993003884,-0.9451352207567694,0.14308457866527502,38
0.7200738715174895,0.19917892502603107,0.3202011353763224,0.019176512841675666,-466385.96873625665,-0.9738403027908019,0.17208617098403908,38
0.8256174678482833,0.031058792562655698,0.30417328153498363,0.16114374713333451,-428995.19871814497,-0.9088829710664031,0.1594152273350834,38
0.9946412624884851,0.1537659921282482,0.22020995294490753,0.004228221965882413,-431874.75525316224,-0.9861590369742154,0.16329595031722646,38
0.9849407250630926,0.093982423225346,0.24273439553436815,0.020694024412539924,-448185.9274228033,-0.958180346421066,0.1604214980821315,38
0.07748564795401323,0.04577021798444211,0.9370271972407596,0.00408670623664641,-376805.9876987293,-0.9912122283583672,0.1601855922903557,38
0.15661810190484526,0.061568757893939716,0.24273439553436815,0.004091708060715349,-287674.18366212136,-0.9893438321589293,0.159726721203822,38
0.4215862966013826,0.01446956007595744,0.8872416961312798,0.0025259594416232878,-292755.5581625726,-0.9857164527740455,0.15717558010681867,38
0.3859974517334557,0.013193309014343305,0.8723496193900131,0.0005445646680149541,-162895.97242818025,-0.988703513088539,0.15372683684455962,38
0.07748564795401323,0.04616804148446529,0.9370271972407596,0.00408670623664641,-329632.0351651655,-0.9911761993964676,0.16483171412522596,38
0.38186384895806336,0.09634320918359607,0.8627896916787166,0.1616665289365557,-390643.1580941034,-0.7542060898803813,0.1613288566252258,38
0.8498979522407372,0.01257005620249213,0.8723496193900131,0.07170845803171,-135053.90129127295,-0.8957166777218263,0.14313814382245452,38
0.43559809275142525,0.025567851659930366,0.9863766949222246,0.17962417112528606,-420757.1986111973,-0.8965247425686637,0.16775827456658968,38
0.0228256453282705,0.061568757893939716,0.28949798550178146,0.00408670623664641,-353745.4849632157,-0.9882310405896179,0.1701057623674336,38
0.38515939681590655,0.014504451339271182,0.8663334092594706,0.037760154670240326,-243565.42628777318,-0.9252854817196209,0.14941338181369543,38
0.2249283601181391,0.04602061925936718,0.9540995304725521,0.16799780511738693,-372783.63489501487,-0.8039201716722087,0.15727066151032057,38
0.4618462419921284,0.014469148764885394,0.8600214078203516,0.1539936621396037,-273843.16895062005,-0.8561100734879251,0.14633100955801168,38
0.7287231296769847,0.190311105359428,0.988642412195957,0.01998706882987876,-267446.8830191906,-0.9541692105661079,0.15304805154714576,38
0.008675155962576175,0.005313413924564093,0.8662694799648395,0.01309144673864833,-158933.0638048195,-0.9796014317639433,0.14831433463053814,38
0.8498979522407372,0.028680259108959206,0.8723496193900131,0.07170845803171,-322961.17889191676,-0.8753237112547816,0.15330306049409448,38
0.4120125439260629,0.014509695992530578,0.8924037453269801,0.0004155841474384695,-205334.28711884783,-0.9911623036542,0.16415177021033223,38
0.9375450804115427,0.08725208135550055,0.9538928970961588,0.1813172375536805,-279950.28831282776,-0.8252699780141586,0.1471846701891023,38
0.589252821455732,0.10046583645476008,0.7114025037967138,0.23005287193148155,-333321.31426555006,-0.8012183901267713,0.1475719441993513,38
0.058234707734949966,0.045396707546274076,0.8742036991364692,0.008003013475063929,-296363.5044360365,-0.9701946544214772,0.16378708584203025,38
0.45349055464137056,0.010269599736416477,0.8663334092594706,0.0007209123895638159,-243554.33638383518,-0.9953330434480806,0.1525934590932602,39
0.5028310347633032,0.02358857475630867,0.3420581671973376,0.1362082167976782,-486442.0535813304,-0.8186306855487725,0.15474457527950172,39
0.3821950888511097,0.09634320918359607,0.9802304834339034,0.1616665289365557,-432583.5259732025,-0.8874903309801815,0.15211739165383897,39
0.4367185469908368,0.02555653853572407,0.9579257982280166,6.44447264502579e-05,-281201.34141234827,-0.9919589395347764,0.15477551585509705,39
0.2769825337498971,0.03223562204615772,0.8663334092594706,0.0007209123895638159,-265882.158136522,-0.9932203262676665,0.15339954002295617,39
0.8501496067714331,0.014469148764885394,0.8600214078203516,0.15200655090641021,-170052.18460929734,-0.8233146538559222,0.14100605853483658,39
0.05832096267005962,0.019536150977604857,0.8663334600919584,0.08275123346184682,-472544.38692810544,-0.9523763896166143,0.16499331314157092,39
0.36693048167327247,0.013193309014343305,0.8723496193900131,9.317156214134429e-05,-230993.00601182538,-0.9968583740291,0.1606776631576091,39
0.3859974517334557,0.014504451339271182,0.8935723971254024,0.0028747774357947425,-399055.65586233925,-0.990084851014637,0.14267028436721008,39
0.7301711136618857,0.19917892502603107,0.3040988610178258,0.00881518411267325,-466468.6665288428,-0.9831215175040344,0.16074043147643502,39
0.4120125439260629,0.014509695992530578,0.8924037453269801,3.665550846446153e-05,-427048.1131868974,-0.9919691749755531,0.15611634018367904,39
0.3859974517334557,0.019573135386418673,0.8935723971254024,0.00026785486649295864,-450494.181962254,-0.9915384111656754,0.1571023669803789,39
0.7180839738379233,0.10449234876662546,0.9978009769591036,0.3806573338635493,-513362.43540127185,-0.7695922697073622,0.1469270240152292,39
0.36693048167327247,0.10056333893199994,0.8070189060998301,9.317156214134429e-05,-294783.06446974265,-0.9938711516250325,0.162213126260608,39
0.86567851912179,0.01257005620249213,0.8723496193900131,0.0001868342801812639,-253073.497239721,-0.9919820816976271,0.14974128548163915,39
0.39692287192152526,0.10056333893199994,0.8070189060998301,9.317156214134429e-05,-253589.06424003828,-0.9936766259386416,0.16097206753720267,39
0.07748564795401323,0.04844847488150951,0.9025320028015414,0.004089325376169556,-140549.84893431442,-0.9937632250485198,0.14860634588569901,39
0.3859974517334557,0.014504451339271182,0.8663334092594706,0.0007209123895638159,-259326.23479968708,-0.9921850537037936,0.1572200634873515,39
0.45349055464137056,0.012970863905714468,0.8963732912311654,3.665550846446153e-05,-191088.9481286507,-0.9921336057264565,0.156535603168072,39
0.7180839738379233,0.09674049618212331,0.9802304834339034,0.3806573338635493,-80244.68879198623,-0.789681051108249,0.14191312111286702,39
0.7291050776917269,0.19917892502603107,0.3202011353763224,0.019176512841675666,-378263.83381348994,-0.9843028581532075,0.15083422648379485,39
0.7211219902784607,0.014469148764885394,0.8550374903074687,0.14579387152642528,-107134.65773229739,-0.847742814117446,0.14277177198175361,39
0.3733950795205919,0.05867463072387512,0.9538928970961588,0.17205963078694061,-217003.06673098364,-0.8684984365992202,0.14398587513653566,39
0.45349055464137056,0.010661041420354768,0.8663334092594706,0.001380651984032949,-282430.829419731,-0.9889028223452261,0.1558820297199257,39
0.023434559447946257,0.005226092527269749,0.8662694799648395,0.01309144673864833,-345209.95630788215,-0.9842679076564197,0.14546654879745416,39
0.3733950795205919,0.05867463072387512,0.2821987859856934,0.011454011218197599,-274731.0583165496,-0.9846970786868096,0.1531273957957114,39
0.8381517649657664,0.014504451339271182,0.8799540958277776,0.0007209123895638159,-316878.7558728782,-0.9846419154489113,0.15444903810249416,39
0.21643490707984364,0.09759991209184295,0.9540995304725521,0.15748713629853509,-278746.85958952806,-0.8227853415096127,0.14422903146236882,39
0.3859974517334557,0.012965619252455072,0.8703029551636557,0.05095188869342024,-138105.3993003884,-0.9451352207567694,0.14308457866527502,39
0.3859974517334557,0.011289386255854936,0.9348868348959974,0.0007209123895638159,-155114.51869375558,-0.9855904976923933,0.14808779701020888,39
0.7200738715174895,0.19917892502603107,0.3202011353763224,0.019176512841675666,-466385.96873625665,-0.9738403027908019,0.17208617098403908,39
0.8256174678482833,0.031058792562655698,0.30417328153498363,0.16114374713333451,-428995.19871814497,-0.9088829710664031,0.1594152273350834,39
0.9946412624884851,0.1537659921282482,0.22020995294490753,0.004228221965882413,-431874.75525316224,-0.9861590369742154,0.16329595031722646,39
0.9849407250630926,0.093982423225346,0.24273439553436815,0.020694024412539924,-448185.9274228033,-0.958180346421066,0.1604214980821315,39
0.07748564795401323,0.04577021798444211,0.9370271972407596,0.00408670623664641,-376805.9876987293,-0.9912122283583672,0.1601855922903557,39
0.15661810190484526,0.061568757893939716,0.24273439553436815,0.004091708060715349,-287674.18366212136,-0.9893438321589293,0.159726721203822,39
0.4215862966013826,0.01446956007595744,0.8872416961312798,0.0025259594416232878,-292755.5581625726,-0.9857164527740455,0.15717558010681867,39
0.3855883543351072,0.014509695992530578,0.8685232641397574,0.00046865057727228654,-266169.44246819284,-0.9902580517597462,0.15939142042294271,39
0.3859974517334557,0.013193309014343305,0.8723496193900131,0.0005445646680149541,-162895.97242818025,-0.988703513088539,0.15372683684455962,39
0.0228256453282705,0.061568757893939716,0.28949798550178146,0.00408670623664641,-353745.4849632157,-0.9882310405896179,0.1701057623674336,39
0.43559809275142525,0.025567851659930366,0.9863766949222246,0.17962417112528606,-420757.1986111973,-0.8965247425686637,0.16775827456658968,39
0.8498979522407372,0.01257005620249213,0.8723496193900131,0.07170845803171,-135053.90129127295,-0.8957166777218263,0.14313814382245452,39
0.38186384895806336,0.09634320918359607,0.8627896916787166,0.1616665289365557,-390643.1580941034,-0.7542060898803813,0.1613288566252258,39
0.07748564795401323,0.04616804148446529,0.9370271972407596,0.00408670623664641,-329632.0351651655,-0.9911761993964676,0.16483171412522596,39
0.2249283601181391,0.04602061925936718,0.9540995304725521,0.16799780511738693,-372783.63489501487,-0.8039201716722087,0.15727066151032057,39
0.38515939681590655,0.014504451339271182,0.8663334092594706,0.037760154670240326,-243565.42628777318,-0.9252854817196209,0.14941338181369543,39
0.008675155962576175,0.005313413924564093,0.8662694799648395,0.01309144673864833,-158933.0638048195,-0.9796014317639433,0.14831433463053814,39
0.4618462419921284,0.014469148764885394,0.8600214078203516,0.1539936621396037,-273843.16895062005,-0.8561100734879251,0.14633100955801168,39
0.8498979522407372,0.028680259108959206,0.8723496193900131,0.07170845803171,-322961.17889191676,-0.8753237112547816,0.15330306049409448,39
0.4120125439260629,0.014509695992530578,0.8924037453269801,0.0004155841474384695,-205334.28711884783,-0.9911623036542,0.16415177021033223,39
0.45349055464137056,0.010269599736416477,0.8663334092594706,0.0007209123895638159,-243554.33638383518,-0.9953330434480806,0.1525934590932602,40
0.5028310347633032,0.02358857475630867,0.3420581671973376,0.1362082167976782,-486442.0535813304,-0.8186306855487725,0.15474457527950172,40
0.3821950888511097,0.09634320918359607,0.9802304834339034,0.1616665289365557,-432583.5259732025,-0.8874903309801815,0.15211739165383897,40
0.4367185469908368,0.02555653853572407,0.9579257982280166,6.44447264502579e-05,-281201.34141234827,-0.9919589395347764,0.15477551585509705,40
0.2769825337498971,0.03223562204615772,0.8663334092594706,0.0007209123895638159,-265882.158136522,-0.9932203262676665,0.15339954002295617,40
0.8501496067714331,0.014469148764885394,0.8600214078203516,0.15200655090641021,-170052.18460929734,-0.8233146538559222,0.14100605853483658,40
0.05832096267005962,0.019536150977604857,0.8663334600919584,0.08275123346184682,-472544.38692810544,-0.9523763896166143,0.16499331314157092,40
0.36693048167327247,0.013193309014343305,0.8723496193900131,9.317156214134429e-05,-230993.00601182538,-0.9968583740291,0.1606776631576091,40
0.3859974517334557,0.014504451339271182,0.8935723971254024,0.0028747774357947425,-399055.65586233925,-0.990084851014637,0.14267028436721008,40
0.7301711136618857,0.19917892502603107,0.3040988610178258,0.00881518411267325,-466468.6665288428,-0.9831215175040344,0.16074043147643502,40
0.4120125439260629,0.014509695992530578,0.8924037453269801,3.665550846446153e-05,-427048.1131868974,-0.9919691749755531,0.15611634018367904,40
0.3859974517334557,0.019573135386418673,0.8935723971254024,0.00026785486649295864,-450494.181962254,-0.9915384111656754,0.1571023669803789,40
0.7180839738379233,0.10449234876662546,0.9978009769591036,0.3806573338635493,-513362.43540127185,-0.7695922697073622,0.1469270240152292,40
0.36693048167327247,0.10056333893199994,0.8070189060998301,9.317156214134429e-05,-294783.06446974265,-0.9938711516250325,0.162213126260608,40
0.86567851912179,0.01257005620249213,0.8723496193900131,0.0001868342801812639,-253073.497239721,-0.9919820816976271,0.14974128548163915,40
0.39692287192152526,0.10056333893199994,0.8070189060998301,9.317156214134429e-05,-253589.06424003828,-0.9936766259386416,0.16097206753720267,40
0.07748564795401323,0.04844847488150951,0.9025320028015414,0.004089325376169556,-140549.84893431442,-0.9937632250485198,0.14860634588569901,40
0.3859974517334557,0.18908828211887466,0.8935723971254024,0.0027454656162140562,-185240.28571261733,-0.9860339330535153,0.14224945656590823,40
0.3859974517334557,0.014504451339271182,0.8663334092594706,0.0007209123895638159,-259326.23479968708,-0.9921850537037936,0.1572200634873515,40
0.45349055464137056,0.012970863905714468,0.8963732912311654,3.665550846446153e-05,-191088.9481286507,-0.9921336057264565,0.156535603168072,40
0.7180839738379233,0.09674049618212331,0.9802304834339034,0.3806573338635493,-80244.68879198623,-0.789681051108249,0.14191312111286702,40
0.7291050776917269,0.19917892502603107,0.3202011353763224,0.019176512841675666,-378263.83381348994,-0.9843028581532075,0.15083422648379485,40
0.3733950795205919,0.05867463072387512,0.9538928970961588,0.17205963078694061,-217003.06673098364,-0.8684984365992202,0.14398587513653566,40
0.45349055464137056,0.010661041420354768,0.8663334092594706,0.001380651984032949,-282430.829419731,-0.9889028223452261,0.1558820297199257,40
0.023434559447946257,0.005226092527269749,0.8662694799648395,0.01309144673864833,-345209.95630788215,-0.9842679076564197,0.14546654879745416,40
0.3733950795205919,0.05867463072387512,0.2821987859856934,0.011454011218197599,-274731.0583165496,-0.9846970786868096,0.1531273957957114,40
0.8381517649657664,0.014504451339271182,0.8799540958277776,0.0007209123895638159,-316878.7558728782,-0.9846419154489113,0.15444903810249416,40
0.21643490707984364,0.09759991209184295,0.9540995304725521,0.15748713629853509,-278746.85958952806,-0.8227853415096127,0.14422903146236882,40
0.7200738715174895,0.19917892502603107,0.3202011353763224,0.019176512841675666,-466385.96873625665,-0.9738403027908019,0.17208617098403908,40
0.7180839738379233,0.013060689737550035,0.9802304834339034,0.0038088145079852587,-417037.7295649669,-0.9847488521543272,0.15620048879400802,40
0.8256174678482833,0.031058792562655698,0.30417328153498363,0.16114374713333451,-428995.19871814497,-0.9088829710664031,0.1594152273350834,40
0.9946412624884851,0.1537659921282482,0.22020995294490753,0.004228221965882413,-431874.75525316224,-0.9861590369742154,0.16329595031722646,40
0.9849407250630926,0.093982423225346,0.24273439553436815,0.020694024412539924,-448185.9274228033,-0.958180346421066,0.1604214980821315,40
0.07748564795401323,0.04577021798444211,0.9370271972407596,0.00408670623664641,-376805.9876987293,-0.9912122283583672,0.1601855922903557,40
0.15661810190484526,0.061568757893939716,0.24273439553436815,0.004091708060715349,-287674.18366212136,-0.9893438321589293,0.159726721203822,40
0.4215862966013826,0.01446956007595744,0.8872416961312798,0.0025259594416232878,-292755.5581625726,-0.9857164527740455,0.15717558010681867,40
0.3855883543351072,0.014509695992530578,0.8685232641397574,0.00046865057727228654,-266169.44246819284,-0.9902580517597462,0.15939142042294271,40
0.0977328831194931,0.04616804148446529,0.9889391266685172,0.00408670623664641,-182836.33288404052,-0.9899638252906243,0.15291019391436217,40
0.7211219902784607,0.014469148764885394,0.8550374903074687,0.14579387152642528,-107134.65773229739,-0.847742814117446,0.14277177198175361,40
0.3859974517334557,0.012965619252455072,0.8703029551636557,0.05095188869342024,-138105.3993003884,-0.9451352207567694,0.14308457866527502,40
0.3859974517334557,0.011289386255854936,0.9348868348959974,0.0007209123895638159,-155114.51869375558,-0.9855904976923933,0.14808779701020888,40
0.43559809275142525,0.025567851659930366,0.9863766949222246,0.17962417112528606,-420757.1986111973,-0.8965247425686637,0.16775827456658968,40
0.8498979522407372,0.01257005620249213,0.8723496193900131,0.07170845803171,-135053.90129127295,-0.8957166777218263,0.14313814382245452,40
0.07748564795401323,0.04616804148446529,0.9370271972407596,0.00408670623664641,-329632.0351651655,-0.9911761993964676,0.16483171412522596,40
0.0228256453282705,0.061568757893939716,0.28949798550178146,0.00408670623664641,-353745.4849632157,-0.9882310405896179,0.1701057623674336,40
0.38186384895806336,0.09634320918359607,0.8627896916787166,0.1616665289365557,-390643.1580941034,-0.7542060898803813,0.1613288566252258,40
0.38515939681590655,0.014504451339271182,0.8663334092594706,0.037760154670240326,-243565.42628777318,-0.9252854817196209,0.14941338181369543,40
0.2249283601181391,0.04602061925936718,0.9540995304725521,0.16799780511738693,-372783.63489501487,-0.8039201716722087,0.15727066151032057,40
0.4618462419921284,0.014469148764885394,0.8600214078203516,0.1539936621396037,-273843.16895062005,-0.8561100734879251,0.14633100955801168,40
0.8498979522407372,0.028680259108959206,0.8723496193900131,0.07170845803171,-322961.17889191676,-0.8753237112547816,0.15330306049409448,40
0.45349055464137056,0.010269599736416477,0.8663334092594706,0.0007209123895638159,-243554.33638383518,-0.9953330434480806,0.1525934590932602,41
0.3821950888511097,0.09634320918359607,0.9802304834339034,0.1616665289365557,-432583.5259732025,-0.8874903309801815,0.15211739165383897,41
0.4367185469908368,0.02555653853572407,0.9579257982280166,6.44447264502579e-05,-281201.34141234827,-0.9919589395347764,0.15477551585509705,41
0.2769825337498971,0.03223562204615772,0.8663334092594706,0.0007209123895638159,-265882.158136522,-0.9932203262676665,0.15339954002295617,41
0.8501496067714331,0.014469148764885394,0.8600214078203516,0.15200655090641021,-170052.18460929734,-0.8233146538559222,0.14100605853483658,41
0.05832096267005962,0.019536150977604857,0.8663334600919584,0.08275123346184682,-472544.38692810544,-0.9523763896166143,0.16499331314157092,41
0.36693048167327247,0.013193309014343305,0.8723496193900131,9.317156214134429e-05,-230993.00601182538,-0.9968583740291,0.1606776631576091,41
0.3859974517334557,0.014504451339271182,0.8935723971254024,0.0028747774357947425,-399055.65586233925,-0.990084851014637,0.14267028436721008,41
0.7301711136618857,0.19917892502603107,0.3040988610178258,0.00881518411267325,-466468.6665288428,-0.9831215175040344,0.16074043147643502,41
0.4120125439260629,0.014509695992530578,0.8924037453269801,3.665550846446153e-05,-427048.1131868974,-0.9919691749755531,0.15611634018367904,41
0.3859974517334557,0.019573135386418673,0.8935723971254024,0.00026785486649295864,-450494.181962254,-0.9915384111656754,0.1571023669803789,41
0.7180839738379233,0.10449234876662546,0.9978009769591036,0.3806573338635493,-513362.43540127185,-0.7695922697073622,0.1469270240152292,41
0.36693048167327247,0.10056333893199994,0.8070189060998301,9.317156214134429e-05,-294783.06446974265,-0.9938711516250325,0.162213126260608,41
0.86567851912179,0.01257005620249213,0.8723496193900131,0.0001868342801812639,-253073.497239721,-0.9919820816976271,0.14974128548163915,41
0.39692287192152526,0.10056333893199994,0.8070189060998301,9.317156214134429e-05,-253589.06424003828,-0.9936766259386416,0.16097206753720267,41
0.07748564795401323,0.04844847488150951,0.9025320028015414,0.004089325376169556,-140549.84893431442,-0.9937632250485198,0.14860634588569901,41
0.3859974517334557,0.18908828211887466,0.8935723971254024,0.0027454656162140562,-185240.28571261733,-0.9860339330535153,0.14224945656590823,41
0.7209206180909646,0.030214037108284672,0.8310305230344863,0.12067851176148361,-491793.35744762473,-0.8577629332652815,0.14545290586771464,41
0.3859974517334557,0.014504451339271182,0.8663334092594706,0.0007209123895638159,-259326.23479968708,-0.9921850537037936,0.1572200634873515,41
0.45349055464137056,0.012970863905714468,0.8963732912311654,3.665550846446153e-05,-191088.9481286507,-0.9921336057264565,0.156535603168072,41
0.7180839738379233,0.09674049618212331,0.9802304834339034,0.3806573338635493,-80244.68879198623,-0.789681051108249,0.14191312111286702,41
0.7291050776917269,0.19917892502603107,0.3202011353763224,0.019176512841675666,-378263.83381348994,-0.9843028581532075,0.15083422648379485,41
0.3733950795205919,0.05867463072387512,0.9538928970961588,0.17205963078694061,-217003.06673098364,-0.8684984365992202,0.14398587513653566,41
0.45349055464137056,0.010661041420354768,0.8663334092594706,0.001380651984032949,-282430.829419731,-0.9889028223452261,0.1558820297199257,41
0.023434559447946257,0.005226092527269749,0.8662694799648395,0.01309144673864833,-345209.95630788215,-0.9842679076564197,0.14546654879745416,41
0.3733950795205919,0.05867463072387512,0.2821987859856934,0.011454011218197599,-274731.0583165496,-0.9846970786868096,0.1531273957957114,41
0.8381517649657664,0.014504451339271182,0.8799540958277776,0.0007209123895638159,-316878.7558728782,-0.9846419154489113,0.15444903810249416,41
0.21643490707984364,0.09759991209184295,0.9540995304725521,0.15748713629853509,-278746.85958952806,-0.8227853415096127,0.14422903146236882,41
0.7200738715174895,0.19917892502603107,0.3202011353763224,0.019176512841675666,-466385.96873625665,-0.9738403027908019,0.17208617098403908,41
0.7180839738379233,0.013060689737550035,0.9802304834339034,0.0038088145079852587,-417037.7295649669,-0.9847488521543272,0.15620048879400802,41
0.8256174678482833,0.031058792562655698,0.30417328153498363,0.16114374713333451,-428995.19871814497,-0.9088829710664031,0.1594152273350834,41
0.9946412624884851,0.1537659921282482,0.22020995294490753,0.004228221965882413,-431874.75525316224,-0.9861590369742154,0.16329595031722646,41
0.9849407250630926,0.093982423225346,0.24273439553436815,0.020694024412539924,-448185.9274228033,-0.958180346421066,0.1604214980821315,41
0.07748564795401323,0.04577021798444211,0.9370271972407596,0.00408670623664641,-376805.9876987293,-0.9912122283583672,0.1601855922903557,41
0.15661810190484526,0.061568757893939716,0.24273439553436815,0.004091708060715349,-287674.18366212136,-0.9893438321589293,0.159726721203822,41
0.4215862966013826,0.01446956007595744,0.8872416961312798,0.0025259594416232878,-292755.5581625726,-0.9857164527740455,0.15717558010681867,41
0.3855883543351072,0.014509695992530578,0.8685232641397574,0.00046865057727228654,-266169.44246819284,-0.9902580517597462,0.15939142042294271,41
0.0977328831194931,0.04616804148446529,0.9889391266685172,0.00408670623664641,-182836.33288404052,-0.9899638252906243,0.15291019391436217,41
0.7211219902784607,0.014469148764885394,0.8550374903074687,0.14579387152642528,-107134.65773229739,-0.847742814117446,0.14277177198175361,41
0.3859974517334557,0.012965619252455072,0.8703029551636557,0.05095188869342024,-138105.3993003884,-0.9451352207567694,0.14308457866527502,41
0.3859974517334557,0.011289386255854936,0.9348868348959974,0.0007209123895638159,-155114.51869375558,-0.9855904976923933,0.14808779701020888,41
0.5028310347633032,0.02358857475630867,0.3420581671973376,0.1362082167976782,-486442.0535813304,-0.8186306855487725,0.15474457527950172,41
0.3859974517334557,0.011575346238763317,0.8663334092594706,3.758662583258632e-07,-47672.67969234232,-0.9912709801241989,0.1581817732337503,41
0.0228256453282705,0.061568757893939716,0.28949798550178146,0.00408670623664641,-353745.4849632157,-0.9882310405896179,0.1701057623674336,41
0.43559809275142525,0.025567851659930366,0.9863766949222246,0.17962417112528606,-420757.1986111973,-0.8965247425686637,0.16775827456658968,41
0.8498979522407372,0.01257005620249213,0.8723496193900131,0.07170845803171,-135053.90129127295,-0.8957166777218263,0.14313814382245452,41
0.4618462419921284,0.014469148764885394,0.8600214078203516,0.1539936621396037,-273843.16895062005,-0.8561100734879251,0.14633100955801168,41
0.38515939681590655,0.014504451339271182,0.8663334092594706,0.037760154670240326,-243565.42628777318,-0.9252854817196209,0.14941338181369543,41
0.8498979522407372,0.028680259108959206,0.8723496193900131,0.07170845803171,-322961.17889191676,-0.8753237112547816,0.15330306049409448,41
0.4618462419921284,0.014503532863434724,0.8600214078203516,0.17903285255989926,-409644.51989659626,-0.8980246626988886,0.15702939564214022,41
0.45349055464137056,0.010269599736416477,0.8663334092594706,0.0007209123895638159,-243554.33638383518,-0.9953330434480806,0.1525934590932602,42
0.3821950888511097,0.09634320918359607,0.9802304834339034,0.1616665289365557,-432583.5259732025,-0.8874903309801815,0.15211739165383897,42
0.4367185469908368,0.02555653853572407,0.9579257982280166,6.44447264502579e-05,-281201.34141234827,-0.9919589395347764,0.15477551585509705,42
0.2769825337498971,0.03223562204615772,0.8663334092594706,0.0007209123895638159,-265882.158136522,-0.9932203262676665,0.15339954002295617,42
0.8501496067714331,0.014469148764885394,0.8600214078203516,0.15200655090641021,-170052.18460929734,-0.8233146538559222,0.14100605853483658,42
0.05832096267005962,0.019536150977604857,0.8663334600919584,0.08275123346184682,-472544.38692810544,-0.9523763896166143,0.16499331314157092,42
0.36693048167327247,0.013193309014343305,0.8723496193900131,9.317156214134429e-05,-230993.00601182538,-0.9968583740291,0.1606776631576091,42
0.3859974517334557,0.014504451339271182,0.8935723971254024,0.0028747774357947425,-399055.65586233925,-0.990084851014637,0.14267028436721008,42
0.7301711136618857,0.19917892502603107,0.3040988610178258,0.00881518411267325,-466468.6665288428,-0.9831215175040344,0.16074043147643502,42
0.4120125439260629,0.014509695992530578,0.8924037453269801,3.665550846446153e-05,-427048.1131868974,-0.9919691749755531,0.15611634018367904,42
0.3859974517334557,0.019573135386418673,0.8935723971254024,0.00026785486649295864,-450494.181962254,-0.9915384111656754,0.1571023669803789,42
0.7180839738379233,0.10449234876662546,0.9978009769591036,0.3806573338635493,-513362.43540127185,-0.7695922697073622,0.1469270240152292,42
0.36693048167327247,0.10056333893199994,0.8070189060998301,9.317156214134429e-05,-294783.06446974265,-0.9938711516250325,0.162213126260608,42
0.86567851912179,0.01257005620249213,0.8723496193900131,0.0001868342801812639,-253073.497239721,-0.9919820816976271,0.14974128548163915,42
0.39692287192152526,0.10056333893199994,0.8070189060998301,9.317156214134429e-05,-253589.06424003828,-0.9936766259386416,0.16097206753720267,42
0.07748564795401323,0.04844847488150951,0.9025320028015414,0.004089325376169556,-140549.84893431442,-0.9937632250485198,0.14860634588569901,42
0.3859974517334557,0.18908828211887466,0.8935723971254024,0.0027454656162140562,-185240.28571261733,-0.9860339330535153,0.14224945656590823,42
0.7209206180909646,0.030214037108284672,0.8310305230344863,0.12067851176148361,-491793.35744762473,-0.8577629332652815,0.14545290586771464,42
0.40538298369113357,0.016862661099585192,0.8639905038263826,0.1539936621396037,-502466.4656667591,-0.8454394389127033,0.15063604898799235,42
0.3859974517334557,0.014504451339271182,0.8663334092594706,0.0007209123895638159,-259326.23479968708,-0.9921850537037936,0.1572200634873515,42
0.45349055464137056,0.012970863905714468,0.8963732912311654,3.665550846446153e-05,-191088.9481286507,-0.9921336057264565,0.156535603168072,42
0.7180839738379233,0.09674049618212331,0.9802304834339034,0.3806573338635493,-80244.68879198623,-0.789681051108249,0.14191312111286702,42
0.7291050776917269,0.19917892502603107,0.3202011353763224,0.019176512841675666,-378263.83381348994,-0.9843028581532075,0.15083422648379485,42
0.3733950795205919,0.05867463072387512,0.9538928970961588,0.17205963078694061,-217003.06673098364,-0.8684984365992202,0.14398587513653566,42
0.45349055464137056,0.010661041420354768,0.8663334092594706,0.001380651984032949,-282430.829419731,-0.9889028223452261,0.1558820297199257,42
0.023434559447946257,0.005226092527269749,0.8662694799648395,0.01309144673864833,-345209.95630788215,-0.9842679076564197,0.14546654879745416,42
0.3733950795205919,0.05867463072387512,0.2821987859856934,0.011454011218197599,-274731.0583165496,-0.9846970786868096,0.1531273957957114,42
0.8381517649657664,0.014504451339271182,0.8799540958277776,0.0007209123895638159,-316878.7558728782,-0.9846419154489113,0.15444903810249416,42
0.21643490707984364,0.09759991209184295,0.9540995304725521,0.15748713629853509,-278746.85958952806,-0.8227853415096127,0.14422903146236882,42
0.7200738715174895,0.19917892502603107,0.3202011353763224,0.019176512841675666,-466385.96873625665,-0.9738403027908019,0.17208617098403908,42
0.7180839738379233,0.013060689737550035,0.9802304834339034,0.0038088145079852587,-417037.7295649669,-0.9847488521543272,0.15620048879400802,42
0.8256174678482833,0.031058792562655698,0.30417328153498363,0.16114374713333451,-428995.19871814497,-0.9088829710664031,0.1594152273350834,42
0.9946412624884851,0.1537659921282482,0.22020995294490753,0.004228221965882413,-431874.75525316224,-0.9861590369742154,0.16329595031722646,42
0.9849407250630926,0.093982423225346,0.24273439553436815,0.020694024412539924,-448185.9274228033,-0.958180346421066,0.1604214980821315,42
0.07748564795401323,0.04577021798444211,0.9370271972407596,0.00408670623664641,-376805.9876987293,-0.9912122283583672,0.1601855922903557,42
0.15661810190484526,0.061568757893939716,0.24273439553436815,0.004091708060715349,-287674.18366212136,-0.9893438321589293,0.159726721203822,42
0.4215862966013826,0.01446956007595744,0.8872416961312798,0.0025259594416232878,-292755.5581625726,-0.9857164527740455,0.15717558010681867,42
0.3855883543351072,0.014509695992530578,0.8685232641397574,0.00046865057727228654,-266169.44246819284,-0.9902580517597462,0.15939142042294271,42
0.0977328831194931,0.04616804148446529,0.9889391266685172,0.00408670623664641,-182836.33288404052,-0.9899638252906243,0.15291019391436217,42
0.7211219902784607,0.014469148764885394,0.8550374903074687,0.14579387152642528,-107134.65773229739,-0.847742814117446,0.14277177198175361,42
0.3859974517334557,0.012965619252455072,0.8703029551636557,0.05095188869342024,-138105.3993003884,-0.9451352207567694,0.14308457866527502,42
0.3859974517334557,0.011289386255854936,0.9348868348959974,0.0007209123895638159,-155114.51869375558,-0.9855904976923933,0.14808779701020888,42
0.5028310347633032,0.02358857475630867,0.3420581671973376,0.1362082167976782,-486442.0535813304,-0.8186306855487725,0.15474457527950172,42
0.4618462419921284,0.014469148764885394,0.8600214078203516,0.1539936621396037,-273843.16895062005,-0.8561100734879251,0.14633100955801168,42
0.8498979522407372,0.01257005620249213,0.8723496193900131,0.07170845803171,-135053.90129127295,-0.8957166777218263,0.14313814382245452,42
0.43559809275142525,0.025567851659930366,0.9863766949222246,0.17962417112528606,-420757.1986111973,-0.8965247425686637,0.16775827456658968,42
0.3859974517334557,0.011575346238763317,0.8663334092594706,3.758662583258632e-07,-47672.67969234232,-0.9912709801241989,0.1581817732337503,42
0.0228256453282705,0.061568757893939716,0.28949798550178146,0.00408670623664641,-353745.4849632157,-0.9882310405896179,0.1701057623674336,42
0.3543393558660951,0.19836405030744286,0.8324385055584189,0.02304032814208161,-204864.77970273726,-0.9451733935128717,0.14848223375207745,42
0.7291050776917269,0.008332047753944083,0.35408333158439703,0.019176512841675666,-265492.32143801166,-0.9772727844406762,0.16154162462365107,42
0.45349055464137056,0.010269599736416477,0.8663334092594706,0.0007209123895638159,-243554.33638383518,-0.9953330434480806,0.1525934590932602,43
0.3821950888511097,0.09634320918359607,0.9802304834339034,0.1616665289365557,-432583.5259732025,-0.8874903309801815,0.15211739165383897,43
0.4367185469908368,0.02555653853572407,0.9579257982280166,6.44447264502579e-05,-281201.34141234827,-0.9919589395347764,0.15477551585509705,43
0.2769825337498971,0.03223562204615772,0.8663334092594706,0.0007209123895638159,-265882.158136522,-0.9932203262676665,0.15339954002295617,43
0.8501496067714331,0.014469148764885394,0.8600214078203516,0.15200655090641021,-170052.18460929734,-0.8233146538559222,0.14100605853483658,43
0.05832096267005962,0.019536150977604857,0.8663334600919584,0.08275123346184682,-472544.38692810544,-0.9523763896166143,0.16499331314157092,43
0.36693048167327247,0.013193309014343305,0.8723496193900131,9.317156214134429e-05,-230993.00601182538,-0.9968583740291,0.1606776631576091,43
0.3859974517334557,0.014504451339271182,0.8935723971254024,0.0028747774357947425,-399055.65586233925,-0.990084851014637,0.14267028436721008,43
0.7301711136618857,0.19917892502603107,0.3040988610178258,0.00881518411267325,-466468.6665288428,-0.9831215175040344,0.16074043147643502,43
0.4120125439260629,0.014509695992530578,0.8924037453269801,3.665550846446153e-05,-427048.1131868974,-0.9919691749755531,0.15611634018367904,43
0.3859974517334557,0.019573135386418673,0.8935723971254024,0.00026785486649295864,-450494.181962254,-0.9915384111656754,0.1571023669803789,43
0.7180839738379233,0.10449234876662546,0.9978009769591036,0.3806573338635493,-513362.43540127185,-0.7695922697073622,0.1469270240152292,43
0.36693048167327247,0.10056333893199994,0.8070189060998301,9.317156214134429e-05,-294783.06446974265,-0.9938711516250325,0.162213126260608,43
0.86567851912179,0.01257005620249213,0.8723496193900131,0.0001868342801812639,-253073.497239721,-0.9919820816976271,0.14974128548163915,43
0.39692287192152526,0.10056333893199994,0.8070189060998301,9.317156214134429e-05,-253589.06424003828,-0.9936766259386416,0.16097206753720267,43
0.07748564795401323,0.04844847488150951,0.9025320028015414,0.004089325376169556,-140549.84893431442,-0.9937632250485198,0.14860634588569901,43
0.3859974517334557,0.18908828211887466,0.8935723971254024,0.0027454656162140562,-185240.28571261733,-0.9860339330535153,0.14224945656590823,43
0.7209206180909646,0.030214037108284672,0.8310305230344863,0.12067851176148361,-491793.35744762473,-0.8577629332652815,0.14545290586771464,43
0.40538298369113357,0.016862661099585192,0.8639905038263826,0.1539936621396037,-502466.4656667591,-0.8454394389127033,0.15063604898799235,43
0.3859974517334557,0.014504451339271182,0.8672691837829731,0.0007209123895638159,-265403.07552807877,-0.9935022896983488,0.15167921528750322,43
0.3859974517334557,0.0027509339710587756,0.8663334092594706,3.758662583258632e-07,-287155.3514778528,-0.9950752357182188,0.1683502273841142,43
0.7180839738379233,0.09674049618212331,0.9802304834339034,0.3806573338635493,-80244.68879198623,-0.789681051108249,0.14191312111286702,43
0.7291050776917269,0.19917892502603107,0.3202011353763224,0.019176512841675666,-378263.83381348994,-0.9843028581532075,0.15083422648379485,43
0.3733950795205919,0.05867463072387512,0.9538928970961588,0.17205963078694061,-217003.06673098364,-0.8684984365992202,0.14398587513653566,43
0.45349055464137056,0.010661041420354768,0.8663334092594706,0.001380651984032949,-282430.829419731,-0.9889028223452261,0.1558820297199257,43
0.023434559447946257,0.005226092527269749,0.8662694799648395,0.01309144673864833,-345209.95630788215,-0.9842679076564197,0.14546654879745416,43
0.3733950795205919,0.05867463072387512,0.2821987859856934,0.011454011218197599,-274731.0583165496,-0.9846970786868096,0.1531273957957114,43
0.8381517649657664,0.014504451339271182,0.8799540958277776,0.0007209123895638159,-316878.7558728782,-0.9846419154489113,0.15444903810249416,43
0.21643490707984364,0.09759991209184295,0.9540995304725521,0.15748713629853509,-278746.85958952806,-0.8227853415096127,0.14422903146236882,43
0.7200738715174895,0.19917892502603107,0.3202011353763224,0.019176512841675666,-466385.96873625665,-0.9738403027908019,0.17208617098403908,43
0.7180839738379233,0.013060689737550035,0.9802304834339034,0.0038088145079852587,-417037.7295649669,-0.9847488521543272,0.15620048879400802,43
0.8256174678482833,0.031058792562655698,0.30417328153498363,0.16114374713333451,-428995.19871814497,-0.9088829710664031,0.1594152273350834,43
0.9946412624884851,0.1537659921282482,0.22020995294490753,0.004228221965882413,-431874.75525316224,-0.9861590369742154,0.16329595031722646,43
0.9849407250630926,0.093982423225346,0.24273439553436815,0.020694024412539924,-448185.9274228033,-0.958180346421066,0.1604214980821315,43
0.07748564795401323,0.04577021798444211,0.9370271972407596,0.00408670623664641,-376805.9876987293,-0.9912122283583672,0.1601855922903557,43
0.15661810190484526,0.061568757893939716,0.24273439553436815,0.004091708060715349,-287674.18366212136,-0.9893438321589293,0.159726721203822,43
0.4215862966013826,0.01446956007595744,0.8872416961312798,0.0025259594416232878,-292755.5581625726,-0.9857164527740455,0.15717558010681867,43
0.3855883543351072,0.014509695992530578,0.8685232641397574,0.00046865057727228654,-266169.44246819284,-0.9902580517597462,0.15939142042294271,43
0.7211219902784607,0.014469148764885394,0.8550374903074687,0.14579387152642528,-107134.65773229739,-0.847742814117446,0.14277177198175361,43
0.3859974517334557,0.012965619252455072,0.8703029551636557,0.05095188869342024,-138105.3993003884,-0.9451352207567694,0.14308457866527502,43
0.3859974517334557,0.011289386255854936,0.9348868348959974,0.0007209123895638159,-155114.51869375558,-0.9855904976923933,0.14808779701020888,43
0.5028310347633032,0.02358857475630867,0.3420581671973376,0.1362082167976782,-486442.0535813304,-0.8186306855487725,0.15474457527950172,43
0.3859974517334557,0.014504451339271182,0.8663334092594706,0.0007209123895638159,-259326.23479968708,-0.9921850537037936,0.1572200634873515,43
0.45349055464137056,0.012970863905714468,0.8963732912311654,3.665550846446153e-05,-191088.9481286507,-0.9921336057264565,0.156535603168072,43
0.0977328831194931,0.04616804148446529,0.9889391266685172,0.00408670623664641,-182836.33288404052,-0.9899638252906243,0.15291019391436217,43
0.0228256453282705,0.061568757893939716,0.28949798550178146,0.00408670623664641,-353745.4849632157,-0.9882310405896179,0.1701057623674336,43
0.43559809275142525,0.025567851659930366,0.9863766949222246,0.17962417112528606,-420757.1986111973,-0.8965247425686637,0.16775827456658968,43
0.023434559447946257,0.003995192951061641,0.8662694799648395,0.00011876763666491576,-187094.60524222246,-0.9914446912157814,0.15898740915785095,43
0.3859974517334557,0.011575346238763317,0.8663334092594706,3.758662583258632e-07,-47672.67969234232,-0.9912709801241989,0.1581817732337503,43
0.8498979522407372,0.01257005620249213,0.8723496193900131,0.07170845803171,-135053.90129127295,-0.8957166777218263,0.14313814382245452,43
0.45349055464137056,0.010269599736416477,0.8663334092594706,0.0007209123895638159,-243554.33638383518,-0.9953330434480806,0.1525934590932602,44
0.3821950888511097,0.09634320918359607,0.9802304834339034,0.1616665289365557,-432583.5259732025,-0.8874903309801815,0.15211739165383897,44
0.4367185469908368,0.02555653853572407,0.9579257982280166,6.44447264502579e-05,-281201.34141234827,-0.9919589395347764,0.15477551585509705,44
0.2769825337498971,0.03223562204615772,0.8663334092594706,0.0007209123895638159,-265882.158136522,-0.9932203262676665,0.15339954002295617,44
0.8501496067714331,0.014469148764885394,0.8600214078203516,0.15200655090641021,-170052.18460929734,-0.8233146538559222,0.14100605853483658,44
0.05832096267005962,0.019536150977604857,0.8663334600919584,0.08275123346184682,-472544.38692810544,-0.9523763896166143,0.16499331314157092,44
0.36693048167327247,0.013193309014343305,0.8723496193900131,9.317156214134429e-05,-230993.00601182538,-0.9968583740291,0.1606776631576091,44
0.3859974517334557,0.014504451339271182,0.8935723971254024,0.0028747774357947425,-399055.65586233925,-0.990084851014637,0.14267028436721008,44
0.7301711136618857,0.19917892502603107,0.3040988610178258,0.00881518411267325,-466468.6665288428,-0.9831215175040344,0.16074043147643502,44
0.4120125439260629,0.014509695992530578,0.8924037453269801,3.665550846446153e-05,-427048.1131868974,-0.9919691749755531,0.15611634018367904,44
0.3859974517334557,0.019573135386418673,0.8935723971254024,0.00026785486649295864,-450494.181962254,-0.9915384111656754,0.1571023669803789,44
0.7180839738379233,0.10449234876662546,0.9978009769591036,0.3806573338635493,-513362.43540127185,-0.7695922697073622,0.1469270240152292,44
0.36693048167327247,0.10056333893199994,0.8070189060998301,9.317156214134429e-05,-294783.06446974265,-0.9938711516250325,0.162213126260608,44
0.86567851912179,0.01257005620249213,0.8723496193900131,0.0001868342801812639,-253073.497239721,-0.9919820816976271,0.14974128548163915,44
0.39692287192152526,0.10056333893199994,0.8070189060998301,9.317156214134429e-05,-253589.06424003828,-0.9936766259386416,0.16097206753720267,44
0.07748564795401323,0.04844847488150951,0.9025320028015414,0.004089325376169556,-140549.84893431442,-0.9937632250485198,0.14860634588569901,44
0.3859974517334557,0.18908828211887466,0.8935723971254024,0.0027454656162140562,-185240.28571261733,-0.9860339330535153,0.14224945656590823,44
0.7209206180909646,0.030214037108284672,0.8310305230344863,0.12067851176148361,-491793.35744762473,-0.8577629332652815,0.14545290586771464,44
0.40538298369113357,0.016862661099585192,0.8639905038263826,0.1539936621396037,-502466.4656667591,-0.8454394389127033,0.15063604898799235,44
0.3859974517334557,0.014504451339271182,0.8672691837829731,0.0007209123895638159,-265403.07552807877,-0.9935022896983488,0.15167921528750322,44
0.3859974517334557,0.0027509339710587756,0.8663334092594706,3.758662583258632e-07,-287155.3514778528,-0.9950752357182188,0.1683502273841142,44
0.7180839738379233,0.09674049618212331,0.9802304834339034,0.3806573338635493,-80244.68879198623,-0.789681051108249,0.14191312111286702,44
0.7291050776917269,0.19917892502603107,0.3202011353763224,0.019176512841675666,-378263.83381348994,-0.9843028581532075,0.15083422648379485,44
0.45349055464137056,0.010661041420354768,0.8663334092594706,0.001380651984032949,-282430.829419731,-0.9889028223452261,0.1558820297199257,44
0.023434559447946257,0.005226092527269749,0.8662694799648395,0.01309144673864833,-345209.95630788215,-0.9842679076564197,0.14546654879745416,44
0.3733950795205919,0.05867463072387512,0.2821987859856934,0.011454011218197599,-274731.0583165496,-0.9846970786868096,0.1531273957957114,44
0.8381517649657664,0.014504451339271182,0.8799540958277776,0.0007209123895638159,-316878.7558728782,-0.9846419154489113,0.15444903810249416,44
0.7180839738379233,0.009601096131228538,0.9804309561315919,0.005766190712427871,-300399.23156349675,-0.9808290374421101,0.14368014654996308,44
0.7200738715174895,0.19917892502603107,0.3202011353763224,0.019176512841675666,-466385.96873625665,-0.9738403027908019,0.17208617098403908,44
0.7180839738379233,0.013060689737550035,0.9802304834339034,0.0038088145079852587,-417037.7295649669,-0.9847488521543272,0.15620048879400802,44
0.8256174678482833,0.031058792562655698,0.30417328153498363,0.16114374713333451,-428995.19871814497,-0.9088829710664031,0.1594152273350834,44
0.9946412624884851,0.1537659921282482,0.22020995294490753,0.004228221965882413,-431874.75525316224,-0.9861590369742154,0.16329595031722646,44
0.9849407250630926,0.093982423225346,0.24273439553436815,0.020694024412539924,-448185.9274228033,-0.958180346421066,0.1604214980821315,44
0.07748564795401323,0.04577021798444211,0.9370271972407596,0.00408670623664641,-376805.9876987293,-0.9912122283583672,0.1601855922903557,44
0.15661810190484526,0.061568757893939716,0.24273439553436815,0.004091708060715349,-287674.18366212136,-0.9893438321589293,0.159726721203822,44
0.4215862966013826,0.01446956007595744,0.8872416961312798,0.0025259594416232878,-292755.5581625726,-0.9857164527740455,0.15717558010681867,44
0.3855883543351072,0.014509695992530578,0.8685232641397574,0.00046865057727228654,-266169.44246819284,-0.9902580517597462,0.15939142042294271,44
0.7211219902784607,0.014469148764885394,0.8550374903074687,0.14579387152642528,-107134.65773229739,-0.847742814117446,0.14277177198175361,44
0.3859974517334557,0.012965619252455072,0.8703029551636557,0.05095188869342024,-138105.3993003884,-0.9451352207567694,0.14308457866527502,44
0.3859974517334557,0.011289386255854936,0.9348868348959974,0.0007209123895638159,-155114.51869375558,-0.9855904976923933,0.14808779701020888,44
0.5028310347633032,0.02358857475630867,0.3420581671973376,0.1362082167976782,-486442.0535813304,-0.8186306855487725,0.15474457527950172,44
0.3859974517334557,0.014504451339271182,0.8663334092594706,0.0007209123895638159,-259326.23479968708,-0.9921850537037936,0.1572200634873515,44
0.45349055464137056,0.012970863905714468,0.8963732912311654,3.665550846446153e-05,-191088.9481286507,-0.9921336057264565,0.156535603168072,44
0.0977328831194931,0.04616804148446529,0.9889391266685172,0.00408670623664641,-182836.33288404052,-0.9899638252906243,0.15291019391436217,44
0.21643490707984364,0.09759991209184295,0.9540995304725521,0.15748713629853509,-278746.85958952806,-0.8227853415096127,0.14422903146236882,44
0.0228256453282705,0.061568757893939716,0.28949798550178146,0.00408670623664641,-353745.4849632157,-0.9882310405896179,0.1701057623674336,44
0.023434559447946257,0.003995192951061641,0.8662694799648395,0.00011876763666491576,-187094.60524222246,-0.9914446912157814,0.15898740915785095,44
0.3859974517334557,0.011575346238763317,0.8663334092594706,3.758662583258632e-07,-47672.67969234232,-0.9912709801241989,0.1581817732337503,44
0.8498979522407372,0.01257005620249213,0.8723496193900131,0.07170845803171,-135053.90129127295,-0.8957166777218263,0.14313814382245452,44
0.43559809275142525,0.025567851659930366,0.9863766949222246,0.17962417112528606,-420757.1986111973,-0.8965247425686637,0.16775827456658968,44
0.45349055464137056,0.010269599736416477,0.8663334092594706,0.0007209123895638159,-243554.33638383518,-0.9953330434480806,0.1525934590932602,45
0.3821950888511097,0.09634320918359607,0.9802304834339034,0.1616665289365557,-432583.5259732025,-0.8874903309801815,0.15211739165383897,45
0.4367185469908368,0.02555653853572407,0.9579257982280166,6.44447264502579e-05,-281201.34141234827,-0.9919589395347764,0.15477551585509705,45
0.2769825337498971,0.03223562204615772,0.8663334092594706,0.0007209123895638159,-265882.158136522,-0.9932203262676665,0.15339954002295617,45
0.8501496067714331,0.014469148764885394,0.8600214078203516,0.15200655090641021,-170052.18460929734,-0.8233146538559222,0.14100605853483658,45
0.05832096267005962,0.019536150977604857,0.8663334600919584,0.08275123346184682,-472544.38692810544,-0.9523763896166143,0.16499331314157092,45
0.36693048167327247,0.013193309014343305,0.8723496193900131,9.317156214134429e-05,-230993.00601182538,-0.9968583740291,0.1606776631576091,45
0.3859974517334557,0.014504451339271182,0.8935723971254024,0.0028747774357947425,-399055.65586233925,-0.990084851014637,0.14267028436721008,45
0.7301711136618857,0.19917892502603107,0.3040988610178258,0.00881518411267325,-466468.6665288428,-0.9831215175040344,0.16074043147643502,45
0.4120125439260629,0.014509695992530578,0.8924037453269801,3.665550846446153e-05,-427048.1131868974,-0.9919691749755531,0.15611634018367904,45
0.3859974517334557,0.019573135386418673,0.8935723971254024,0.00026785486649295864,-450494.181962254,-0.9915384111656754,0.1571023669803789,45
0.7180839738379233,0.10449234876662546,0.9978009769591036,0.3806573338635493,-513362.43540127185,-0.7695922697073622,0.1469270240152292,45
0.36693048167327247,0.10056333893199994,0.8070189060998301,9.317156214134429e-05,-294783.06446974265,-0.9938711516250325,0.162213126260608,45
0.86567851912179,0.01257005620249213,0.8723496193900131,0.0001868342801812639,-253073.497239721,-0.9919820816976271,0.14974128548163915,45
0.39692287192152526,0.10056333893199994,0.8070189060998301,9.317156214134429e-05,-253589.06424003828,-0.9936766259386416,0.16097206753720267,45
0.07748564795401323,0.04844847488150951,0.9025320028015414,0.004089325376169556,-140549.84893431442,-0.9937632250485198,0.14860634588569901,45
0.3859974517334557,0.18908828211887466,0.8935723971254024,0.0027454656162140562,-185240.28571261733,-0.9860339330535153,0.14224945656590823,45
0.7209206180909646,0.030214037108284672,0.8310305230344863,0.12067851176148361,-491793.35744762473,-0.8577629332652815,0.14545290586771464,45
0.40538298369113357,0.016862661099585192,0.8639905038263826,0.1539936621396037,-502466.4656667591,-0.8454394389127033,0.15063604898799235,45
0.3859974517334557,0.014504451339271182,0.8672691837829731,0.0007209123895638159,-265403.07552807877,-0.9935022896983488,0.15167921528750322,45
0.3859974517334557,0.0027509339710587756,0.8663334092594706,3.758662583258632e-07,-287155.3514778528,-0.9950752357182188,0.1683502273841142,45
0.3859974517334557,0.0027509339710587756,0.8675906223801364,3.758662583258632e-07,-155384.15177522926,-0.9931718910701157,0.1384868781151408,45
0.7291050776917269,0.19917892502603107,0.3202011353763224,0.019176512841675666,-378263.83381348994,-0.9843028581532075,0.15083422648379485,45
0.45349055464137056,0.010661041420354768,0.8663334092594706,0.001380651984032949,-282430.829419731,-0.9889028223452261,0.1558820297199257,45
0.023434559447946257,0.005226092527269749,0.8662694799648395,0.01309144673864833,-345209.95630788215,-0.9842679076564197,0.14546654879745416,45
0.3733950795205919,0.05867463072387512,0.2821987859856934,0.011454011218197599,-274731.0583165496,-0.9846970786868096,0.1531273957957114,45
0.8381517649657664,0.014504451339271182,0.8799540958277776,0.0007209123895638159,-316878.7558728782,-0.9846419154489113,0.15444903810249416,45
0.7180839738379233,0.009601096131228538,0.9804309561315919,0.005766190712427871,-300399.23156349675,-0.9808290374421101,0.14368014654996308,45
0.7200738715174895,0.19917892502603107,0.3202011353763224,0.019176512841675666,-466385.96873625665,-0.9738403027908019,0.17208617098403908,45
0.7180839738379233,0.013060689737550035,0.9802304834339034,0.0038088145079852587,-417037.7295649669,-0.9847488521543272,0.15620048879400802,45
0.8256174678482833,0.031058792562655698,0.30417328153498363,0.16114374713333451,-428995.19871814497,-0.9088829710664031,0.1594152273350834,45
0.9946412624884851,0.1537659921282482,0.22020995294490753,0.004228221965882413,-431874.75525316224,-0.9861590369742154,0.16329595031722646,45
0.9849407250630926,0.093982423225346,0.24273439553436815,0.020694024412539924,-448185.9274228033,-0.958180346421066,0.1604214980821315,45
0.07748564795401323,0.04577021798444211,0.9370271972407596,0.00408670623664641,-376805.9876987293,-0.9912122283583672,0.1601855922903557,45
0.15661810190484526,0.061568757893939716,0.24273439553436815,0.004091708060715349,-287674.18366212136,-0.9893438321589293,0.159726721203822,45
0.4215862966013826,0.01446956007595744,0.8872416961312798,0.0025259594416232878,-292755.5581625726,-0.9857164527740455,0.15717558010681867,45
0.3855883543351072,0.014509695992530578,0.8685232641397574,0.00046865057727228654,-266169.44246819284,-0.9902580517597462,0.15939142042294271,45
0.9849407250630926,0.08831710527809625,0.26987984724831965,0.020457600144006736,-419420.4161420369,-0.9431510085206426,0.15996363211596434,45
0.5028310347633032,0.02358857475630867,0.3420581671973376,0.1362082167976782,-486442.0535813304,-0.8186306855487725,0.15474457527950172,45
0.3859974517334557,0.014504451339271182,0.8663334092594706,0.0007209123895638159,-259326.23479968708,-0.9921850537037936,0.1572200634873515,45
0.45349055464137056,0.012970863905714468,0.8963732912311654,3.665550846446153e-05,-191088.9481286507,-0.9921336057264565,0.156535603168072,45
0.0977328831194931,0.04616804148446529,0.9889391266685172,0.00408670623664641,-182836.33288404052,-0.9899638252906243,0.15291019391436217,45
0.7180839738379233,0.09674049618212331,0.9802304834339034,0.3806573338635493,-80244.68879198623,-0.789681051108249,0.14191312111286702,45
0.7211219902784607,0.014469148764885394,0.8550374903074687,0.14579387152642528,-107134.65773229739,-0.847742814117446,0.14277177198175361,45
0.3859974517334557,0.012965619252455072,0.8703029551636557,0.05095188869342024,-138105.3993003884,-0.9451352207567694,0.14308457866527502,45
0.3859974517334557,0.011289386255854936,0.9348868348959974,0.0007209123895638159,-155114.51869375558,-0.9855904976923933,0.14808779701020888,45
0.8218303459316725,0.013882183099782876,0.9791581477247466,0.0024662027602802283,-145211.592823169,-0.9861701557866906,0.14756392605135268,45
0.8498979522407372,0.01257005620249213,0.8723496193900131,0.07170845803171,-135053.90129127295,-0.8957166777218263,0.14313814382245452,45
0.3859974517334557,0.011575346238763317,0.8663334092594706,3.758662583258632e-07,-47672.67969234232,-0.9912709801241989,0.1581817732337503,45
0.023434559447946257,0.003995192951061641,0.8662694799648395,0.00011876763666491576,-187094.60524222246,-0.9914446912157814,0.15898740915785095,45
0.45349055464137056,0.010269599736416477,0.8663334092594706,0.0007209123895638159,-243554.33638383518,-0.9953330434480806,0.1525934590932602,46
0.3821950888511097,0.09634320918359607,0.9802304834339034,0.1616665289365557,-432583.5259732025,-0.8874903309801815,0.15211739165383897,46
0.4367185469908368,0.02555653853572407,0.9579257982280166,6.44447264502579e-05,-281201.34141234827,-0.9919589395347764,0.15477551585509705,46
0.2769825337498971,0.03223562204615772,0.8663334092594706,0.0007209123895638159,-265882.158136522,-0.9932203262676665,0.15339954002295617,46
0.8501496067714331,0.014469148764885394,0.8600214078203516,0.15200655090641021,-170052.18460929734,-0.8233146538559222,0.14100605853483658,46
0.05832096267005962,0.019536150977604857,0.8663334600919584,0.08275123346184682,-472544.38692810544,-0.9523763896166143,0.16499331314157092,46
0.36693048167327247,0.013193309014343305,0.8723496193900131,9.317156214134429e-05,-230993.00601182538,-0.9968583740291,0.1606776631576091,46
0.3859974517334557,0.014504451339271182,0.8935723971254024,0.0028747774357947425,-399055.65586233925,-0.990084851014637,0.14267028436721008,46
0.7301711136618857,0.19917892502603107,0.3040988610178258,0.00881518411267325,-466468.6665288428,-0.9831215175040344,0.16074043147643502,46
0.4120125439260629,0.014509695992530578,0.8924037453269801,3.665550846446153e-05,-427048.1131868974,-0.9919691749755531,0.15611634018367904,46
0.3859974517334557,0.019573135386418673,0.8935723971254024,0.00026785486649295864,-450494.181962254,-0.9915384111656754,0.1571023669803789,46
0.7180839738379233,0.10449234876662546,0.9978009769591036,0.3806573338635493,-513362.43540127185,-0.7695922697073622,0.1469270240152292,46
0.36693048167327247,0.10056333893199994,0.8070189060998301,9.317156214134429e-05,-294783.06446974265,-0.9938711516250325,0.162213126260608,46
0.86567851912179,0.01257005620249213,0.8723496193900131,0.0001868342801812639,-253073.497239721,-0.9919820816976271,0.14974128548163915,46
0.39692287192152526,0.10056333893199994,0.8070189060998301,9.317156214134429e-05,-253589.06424003828,-0.9936766259386416,0.16097206753720267,46
0.07748564795401323,0.04844847488150951,0.9025320028015414,0.004089325376169556,-140549.84893431442,-0.9937632250485198,0.14860634588569901,46
0.3859974517334557,0.18908828211887466,0.8935723971254024,0.0027454656162140562,-185240.28571261733,-0.9860339330535153,0.14224945656590823,46
0.7209206180909646,0.030214037108284672,0.8310305230344863,0.12067851176148361,-491793.35744762473,-0.8577629332652815,0.14545290586771464,46
0.40538298369113357,0.016862661099585192,0.8639905038263826,0.1539936621396037,-502466.4656667591,-0.8454394389127033,0.15063604898799235,46
0.3859974517334557,0.014504451339271182,0.8672691837829731,0.0007209123895638159,-265403.07552807877,-0.9935022896983488,0.15167921528750322,46
0.3859974517334557,0.0027509339710587756,0.8663334092594706,3.758662583258632e-07,-287155.3514778528,-0.9950752357182188,0.1683502273841142,46
0.3859974517334557,0.0027509339710587756,0.8675906223801364,3.758662583258632e-07,-155384.15177522926,-0.9931718910701157,0.1384868781151408,46
0.9946412624884851,0.15479303601862068,0.22020995294490753,0.0008393499271973151,-378829.8793402322,-0.9938672404934773,0.17042259945370797,46
0.7291050776917269,0.19917892502603107,0.3202011353763224,0.019176512841675666,-378263.83381348994,-0.9843028581532075,0.15083422648379485,46
0.45349055464137056,0.010661041420354768,0.8663334092594706,0.001380651984032949,-282430.829419731,-0.9889028223452261,0.1558820297199257,46
0.023434559447946257,0.005226092527269749,0.8662694799648395,0.01309144673864833,-345209.95630788215,-0.9842679076564197,0.14546654879745416,46
0.3733950795205919,0.05867463072387512,0.2821987859856934,0.011454011218197599,-274731.0583165496,-0.9846970786868096,0.1531273957957114,46
0.8381517649657664,0.014504451339271182,0.8799540958277776,0.0007209123895638159,-316878.7558728782,-0.9846419154489113,0.15444903810249416,46
0.7180839738379233,0.009601096131228538,0.9804309561315919,0.005766190712427871,-300399.23156349675,-0.9808290374421101,0.14368014654996308,46
0.7200738715174895,0.19917892502603107,0.3202011353763224,0.019176512841675666,-466385.96873625665,-0.9738403027908019,0.17208617098403908,46
0.7180839738379233,0.013060689737550035,0.9802304834339034,0.0038088145079852587,-417037.7295649669,-0.9847488521543272,0.15620048879400802,46
0.8256174678482833,0.031058792562655698,0.30417328153498363,0.16114374713333451,-428995.19871814497,-0.9088829710664031,0.1594152273350834,46
0.9946412624884851,0.1537659921282482,0.22020995294490753,0.004228221965882413,-431874.75525316224,-0.9861590369742154,0.16329595031722646,46
0.9849407250630926,0.093982423225346,0.24273439553436815,0.020694024412539924,-448185.9274228033,-0.958180346421066,0.1604214980821315,46
0.07748564795401323,0.04577021798444211,0.9370271972407596,0.00408670623664641,-376805.9876987293,-0.9912122283583672,0.1601855922903557,46
0.15661810190484526,0.061568757893939716,0.24273439553436815,0.004091708060715349,-287674.18366212136,-0.9893438321589293,0.159726721203822,46
0.4215862966013826,0.01446956007595744,0.8872416961312798,0.0025259594416232878,-292755.5581625726,-0.9857164527740455,0.15717558010681867,46
0.3855883543351072,0.014509695992530578,0.8685232641397574,0.00046865057727228654,-266169.44246819284,-0.9902580517597462,0.15939142042294271,46
0.9849407250630926,0.08831710527809625,0.26987984724831965,0.020457600144006736,-419420.4161420369,-0.9431510085206426,0.15996363211596434,46
0.5028310347633032,0.02358857475630867,0.3420581671973376,0.1362082167976782,-486442.0535813304,-0.8186306855487725,0.15474457527950172,46
0.3859974517334557,0.014504451339271182,0.8663334092594706,0.0007209123895638159,-259326.23479968708,-0.9921850537037936,0.1572200634873515,46
0.45349055464137056,0.012970863905714468,0.8963732912311654,3.665550846446153e-05,-191088.9481286507,-0.9921336057264565,0.156535603168072,46
0.0977328831194931,0.04616804148446529,0.9889391266685172,0.00408670623664641,-182836.33288404052,-0.9899638252906243,0.15291019391436217,46
0.7180839738379233,0.09674049618212331,0.9802304834339034,0.3806573338635493,-80244.68879198623,-0.789681051108249,0.14191312111286702,46
0.7211219902784607,0.014469148764885394,0.8550374903074687,0.14579387152642528,-107134.65773229739,-0.847742814117446,0.14277177198175361,46
0.3859974517334557,0.012965619252455072,0.8703029551636557,0.05095188869342024,-138105.3993003884,-0.9451352207567694,0.14308457866527502,46
0.3859974517334557,0.011289386255854936,0.9348868348959974,0.0007209123895638159,-155114.51869375558,-0.9855904976923933,0.14808779701020888,46
0.8218303459316725,0.013882183099782876,0.9791581477247466,0.0024662027602802283,-145211.592823169,-0.9861701557866906,0.14756392605135268,46
0.38231232232608964,0.1793690209283712,0.8935707282320858,0.00011114997456695367,-188271.33928671898,-0.9918800643009072,0.1573877480686797,46
0.9730024923596032,0.011575346238763317,0.8697312623457628,0.020575618187209058,-376644.0207787271,-0.9709942278346859,0.15887788400613523,46
0.45349055464137056,0.010269599736416477,0.8663334092594706,0.0007209123895638159,-243554.33638383518,-0.9953330434480806,0.1525934590932602,47
0.3821950888511097,0.09634320918359607,0.9802304834339034,0.1616665289365557,-432583.5259732025,-0.8874903309801815,0.15211739165383897,47
0.4367185469908368,0.02555653853572407,0.9579257982280166,6.44447264502579e-05,-281201.34141234827,-0.9919589395347764,0.15477551585509705,47
0.2769825337498971,0.03223562204615772,0.8663334092594706,0.0007209123895638159,-265882.158136522,-0.9932203262676665,0.15339954002295617,47
0.8501496067714331,0.014469148764885394,0.8600214078203516,0.15200655090641021,-170052.18460929734,-0.8233146538559222,0.14100605853483658,47
0.05832096267005962,0.019536150977604857,0.8663334600919584,0.08275123346184682,-472544.38692810544,-0.9523763896166143,0.16499331314157092,47
0.36693048167327247,0.013193309014343305,0.8723496193900131,9.317156214134429e-05,-230993.00601182538,-0.9968583740291,0.1606776631576091,47
0.3859974517334557,0.014504451339271182,0.8935723971254024,0.0028747774357947425,-399055.65586233925,-0.990084851014637,0.14267028436721008,47
0.7301711136618857,0.19917892502603107,0.3040988610178258,0.00881518411267325,-466468.6665288428,-0.9831215175040344,0.16074043147643502,47
0.4120125439260629,0.014509695992530578,0.8924037453269801,3.665550846446153e-05,-427048.1131868974,-0.9919691749755531,0.15611634018367904,47
0.3859974517334557,0.019573135386418673,0.8935723971254024,0.00026785486649295864,-450494.181962254,-0.9915384111656754,0.1571023669803789,47
0.7180839738379233,0.10449234876662546,0.9978009769591036,0.3806573338635493,-513362.43540127185,-0.7695922697073622,0.1469270240152292,47
0.36693048167327247,0.10056333893199994,0.8070189060998301,9.317156214134429e-05,-294783.06446974265,-0.9938711516250325,0.162213126260608,47
0.86567851912179,0.01257005620249213,0.8723496193900131,0.0001868342801812639,-253073.497239721,-0.9919820816976271,0.14974128548163915,47
0.39692287192152526,0.10056333893199994,0.8070189060998301,9.317156214134429e-05,-253589.06424003828,-0.9936766259386416,0.16097206753720267,47
0.07748564795401323,0.04844847488150951,0.9025320028015414,0.004089325376169556,-140549.84893431442,-0.9937632250485198,0.14860634588569901,47
0.3859974517334557,0.18908828211887466,0.8935723971254024,0.0027454656162140562,-185240.28571261733,-0.9860339330535153,0.14224945656590823,47
0.7209206180909646,0.030214037108284672,0.8310305230344863,0.12067851176148361,-491793.35744762473,-0.8577629332652815,0.14545290586771464,47
0.40538298369113357,0.016862661099585192,0.8639905038263826,0.1539936621396037,-502466.4656667591,-0.8454394389127033,0.15063604898799235,47
0.3859974517334557,0.014504451339271182,0.8672691837829731,0.0007209123895638159,-265403.07552807877,-0.9935022896983488,0.15167921528750322,47
0.3859974517334557,0.0027509339710587756,0.8663334092594706,3.758662583258632e-07,-287155.3514778528,-0.9950752357182188,0.1683502273841142,47
0.3859974517334557,0.0027509339710587756,0.8675906223801364,3.758662583258632e-07,-155384.15177522926,-0.9931718910701157,0.1384868781151408,47
0.9946412624884851,0.15479303601862068,0.22020995294490753,0.0008393499271973151,-378829.8793402322,-0.9938672404934773,0.17042259945370797,47
0.7291050776917269,0.19917892502603107,0.3202011353763224,0.019176512841675666,-378263.83381348994,-0.9843028581532075,0.15083422648379485,47
0.45349055464137056,0.010661041420354768,0.8663334092594706,0.001380651984032949,-282430.829419731,-0.9889028223452261,0.1558820297199257,47
0.023434559447946257,0.005226092527269749,0.8662694799648395,0.01309144673864833,-345209.95630788215,-0.9842679076564197,0.14546654879745416,47
0.3733950795205919,0.05867463072387512,0.2821987859856934,0.011454011218197599,-274731.0583165496,-0.9846970786868096,0.1531273957957114,47
0.8381517649657664,0.014504451339271182,0.8799540958277776,0.0007209123895638159,-316878.7558728782,-0.9846419154489113,0.15444903810249416,47
0.7180839738379233,0.009601096131228538,0.9804309561315919,0.005766190712427871,-300399.23156349675,-0.9808290374421101,0.14368014654996308,47
0.7200738715174895,0.19917892502603107,0.3202011353763224,0.019176512841675666,-466385.96873625665,-0.9738403027908019,0.17208617098403908,47
0.7180839738379233,0.013060689737550035,0.9802304834339034,0.0038088145079852587,-417037.7295649669,-0.9847488521543272,0.15620048879400802,47
0.8256174678482833,0.031058792562655698,0.30417328153498363,0.16114374713333451,-428995.19871814497,-0.9088829710664031,0.1594152273350834,47
0.9946412624884851,0.1537659921282482,0.22020995294490753,0.004228221965882413,-431874.75525316224,-0.9861590369742154,0.16329595031722646,47
0.9849407250630926,0.093982423225346,0.24273439553436815,0.020694024412539924,-448185.9274228033,-0.958180346421066,0.1604214980821315,47
0.07748564795401323,0.04577021798444211,0.9370271972407596,0.00408670623664641,-376805.9876987293,-0.9912122283583672,0.1601855922903557,47
0.15661810190484526,0.061568757893939716,0.24273439553436815,0.004091708060715349,-287674.18366212136,-0.9893438321589293,0.159726721203822,47
0.4215862966013826,0.01446956007595744,0.8872416961312798,0.0025259594416232878,-292755.5581625726,-0.9857164527740455,0.15717558010681867,47
0.3855883543351072,0.014509695992530578,0.8685232641397574,0.00046865057727228654,-266169.44246819284,-0.9902580517597462,0.15939142042294271,47
0.9849407250630926,0.08831710527809625,0.26987984724831965,0.020457600144006736,-419420.4161420369,-0.9431510085206426,0.15996363211596434,47
0.038499989752207864,0.005142959915873506,0.8657881098042115,0.012025585070484818,-441630.8545767767,-0.9608535737310842,0.1638961811911551,47
0.7180839738379233,0.10433131346174955,0.9978171254064757,0.3806573338635493,-457913.52542868425,-0.7974452989281579,0.14901478020702177,47
0.5028310347633032,0.02358857475630867,0.3420581671973376,0.1362082167976782,-486442.0535813304,-0.8186306855487725,0.15474457527950172,47
0.3859974517334557,0.014504451339271182,0.8663334092594706,0.0007209123895638159,-259326.23479968708,-0.9921850537037936,0.1572200634873515,47
0.45349055464137056,0.012970863905714468,0.8963732912311654,3.665550846446153e-05,-191088.9481286507,-0.9921336057264565,0.156535603168072,47
0.0977328831194931,0.04616804148446529,0.9889391266685172,0.00408670623664641,-182836.33288404052,-0.9899638252906243,0.15291019391436217,47
0.7180839738379233,0.09674049618212331,0.9802304834339034,0.3806573338635493,-80244.68879198623,-0.789681051108249,0.14191312111286702,47
0.7211219902784607,0.014469148764885394,0.8550374903074687,0.14579387152642528,-107134.65773229739,-0.847742814117446,0.14277177198175361,47
0.3859974517334557,0.012965619252455072,0.8703029551636557,0.05095188869342024,-138105.3993003884,-0.9451352207567694,0.14308457866527502,47
0.3859974517334557,0.011289386255854936,0.9348868348959974,0.0007209123895638159,-155114.51869375558,-0.9855904976923933,0.14808779701020888,47
0.8218303459316725,0.013882183099782876,0.9791581477247466,0.0024662027602802283,-145211.592823169,-0.9861701557866906,0.14756392605135268,47
0.45349055464137056,0.010269599736416477,0.8663334092594706,0.0007209123895638159,-243554.33638383518,-0.9953330434480806,0.1525934590932602,48
0.3821950888511097,0.09634320918359607,0.9802304834339034,0.1616665289365557,-432583.5259732025,-0.8874903309801815,0.15211739165383897,48
0.4367185469908368,0.02555653853572407,0.9579257982280166,6.44447264502579e-05,-281201.34141234827,-0.9919589395347764,0.15477551585509705,48
0.2769825337498971,0.03223562204615772,0.8663334092594706,0.0007209123895638159,-265882.158136522,-0.9932203262676665,0.15339954002295617,48
0.8501496067714331,0.014469148764885394,0.8600214078203516,0.15200655090641021,-170052.18460929734,-0.8233146538559222,0.14100605853483658,48
0.05832096267005962,0.019536150977604857,0.8663334600919584,0.08275123346184682,-472544.38692810544,-0.9523763896166143,0.16499331314157092,48
0.36693048167327247,0.013193309014343305,0.8723496193900131,9.317156214134429e-05,-230993.00601182538,-0.9968583740291,0.1606776631576091,48
0.3859974517334557,0.014504451339271182,0.8935723971254024,0.0028747774357947425,-399055.65586233925,-0.990084851014637,0.14267028436721008,48
0.7301711136618857,0.19917892502603107,0.3040988610178258,0.00881518411267325,-466468.6665288428,-0.9831215175040344,0.16074043147643502,48
0.4120125439260629,0.014509695992530578,0.8924037453269801,3.665550846446153e-05,-427048.1131868974,-0.9919691749755531,0.15611634018367904,48
0.3859974517334557,0.019573135386418673,0.8935723971254024,0.00026785486649295864,-450494.181962254,-0.9915384111656754,0.1571023669803789,48
0.7180839738379233,0.10449234876662546,0.9978009769591036,0.3806573338635493,-513362.43540127185,-0.7695922697073622,0.1469270240152292,48
0.36693048167327247,0.10056333893199994,0.8070189060998301,9.317156214134429e-05,-294783.06446974265,-0.9938711516250325,0.162213126260608,48
0.86567851912179,0.01257005620249213,0.8723496193900131,0.0001868342801812639,-253073.497239721,-0.9919820816976271,0.14974128548163915,48
0.39692287192152526,0.10056333893199994,0.8070189060998301,9.317156214134429e-05,-253589.06424003828,-0.9936766259386416,0.16097206753720267,48
0.07748564795401323,0.04844847488150951,0.9025320028015414,0.004089325376169556,-140549.84893431442,-0.9937632250485198,0.14860634588569901,48
0.3859974517334557,0.18908828211887466,0.8935723971254024,0.0027454656162140562,-185240.28571261733,-0.9860339330535153,0.14224945656590823,48
0.7209206180909646,0.030214037108284672,0.8310305230344863,0.12067851176148361,-491793.35744762473,-0.8577629332652815,0.14545290586771464,48
0.40538298369113357,0.016862661099585192,0.8639905038263826,0.1539936621396037,-502466.4656667591,-0.8454394389127033,0.15063604898799235,48
0.3859974517334557,0.014504451339271182,0.8672691837829731,0.0007209123895638159,-265403.07552807877,-0.9935022896983488,0.15167921528750322,48
0.3859974517334557,0.0027509339710587756,0.8663334092594706,3.758662583258632e-07,-287155.3514778528,-0.9950752357182188,0.1683502273841142,48
0.3859974517334557,0.0027509339710587756,0.8675906223801364,3.758662583258632e-07,-155384.15177522926,-0.9931718910701157,0.1384868781151408,48
0.9946412624884851,0.15479303601862068,0.22020995294490753,0.0008393499271973151,-378829.8793402322,-0.9938672404934773,0.17042259945370797,48
0.7200738715174895,0.19917892502603107,0.3202011353763224,0.019176512841675666,-466385.96873625665,-0.9738403027908019,0.17208617098403908,48
0.3859974517334557,0.018745391947243843,0.8663093666281579,1.1569266913450608e-05,-247762.38871567193,-0.9928716100714454,0.16120114786619386,48
0.5028310347633032,0.02358857475630867,0.3420581671973376,0.1362082167976782,-486442.0535813304,-0.8186306855487725,0.15474457527950172,48
0.7180839738379233,0.09674049618212331,0.9802304834339034,0.3806573338635493,-80244.68879198623,-0.789681051108249,0.14191312111286702,48
0.7211219902784607,0.014469148764885394,0.8550374903074687,0.14579387152642528,-107134.65773229739,-0.847742814117446,0.14277177198175361,48
0.8256174678482833,0.031058792562655698,0.30417328153498363,0.16114374713333451,-428995.19871814497,-0.9088829710664031,0.1594152273350834,48
0.038499989752207864,0.005142959915873506,0.8657881098042115,0.012025585070484818,-441630.8545767767,-0.9608535737310842,0.1638961811911551,48
0.023434559447946257,0.005226092527269749,0.8662694799648395,0.01309144673864833,-345209.95630788215,-0.9842679076564197,0.14546654879745416,48
0.7180839738379233,0.10433131346174955,0.9978171254064757,0.3806573338635493,-457913.52542868425,-0.7974452989281579,0.14901478020702177,48
0.7291050776917269,0.19917892502603107,0.3202011353763224,0.019176512841675666,-378263.83381348994,-0.9843028581532075,0.15083422648379485,48
0.9849407250630926,0.08831710527809625,0.26987984724831965,0.020457600144006736,-419420.4161420369,-0.9431510085206426,0.15996363211596434,48
0.3859974517334557,0.012965619252455072,0.8703029551636557,0.05095188869342024,-138105.3993003884,-0.9451352207567694,0.14308457866527502,48
0.45349055464137056,0.012970863905714468,0.8963732912311654,3.665550846446153e-05,-191088.9481286507,-0.9921336057264565,0.156535603168072,48
0.7180839738379233,0.009601096131228538,0.9804309561315919,0.005766190712427871,-300399.23156349675,-0.9808290374421101,0.14368014654996308,48
0.0977328831194931,0.04616804148446529,0.9889391266685172,0.00408670623664641,-182836.33288404052,-0.9899638252906243,0.15291019391436217,48
0.8381517649657664,0.014504451339271182,0.8799540958277776,0.0007209123895638159,-316878.7558728782,-0.9846419154489113,0.15444903810249416,48
0.9849407250630926,0.093982423225346,0.24273439553436815,0.020694024412539924,-448185.9274228033,-0.958180346421066,0.1604214980821315,48
0.3859974517334557,0.011289386255854936,0.9348868348959974,0.0007209123895638159,-155114.51869375558,-0.9855904976923933,0.14808779701020888,48
0.8618317190608521,0.10056333893199994,0.874714123864651,9.317156214134429e-05,-84549.65259970604,-0.9870920563928465,0.14921304429566068,48
0.8218303459316725,0.013882183099782876,0.9791581477247466,0.0024662027602802283,-145211.592823169,-0.9861701557866906,0.14756392605135268,48
0.7180839738379233,0.013060689737550035,0.9802304834339034,0.0038088145079852587,-417037.7295649669,-0.9847488521543272,0.15620048879400802,48
0.9946412624884851,0.1537659921282482,0.22020995294490753,0.004228221965882413,-431874.75525316224,-0.9861590369742154,0.16329595031722646,48
0.3859974517334557,0.014504451339271182,0.8663334092594706,0.0007209123895638159,-259326.23479968708,-0.9921850537037936,0.1572200634873515,48
0.3855883543351072,0.014509695992530578,0.8685232641397574,0.00046865057727228654,-266169.44246819284,-0.9902580517597462,0.15939142042294271,48
0.07748564795401323,0.04577021798444211,0.9370271972407596,0.00408670623664641,-376805.9876987293,-0.9912122283583672,0.1601855922903557,48
0.3733950795205919,0.05867463072387512,0.2821987859856934,0.011454011218197599,-274731.0583165496,-0.9846970786868096,0.1531273957957114,48
0.45349055464137056,0.010661041420354768,0.8663334092594706,0.001380651984032949,-282430.829419731,-0.9889028223452261,0.1558820297199257,48
0.45349055464137056,0.010269599736416477,0.8663334092594706,0.0007209123895638159,-243554.33638383518,-0.9953330434480806,0.1525934590932602,49
0.3821950888511097,0.09634320918359607,0.9802304834339034,0.1616665289365557,-432583.5259732025,-0.8874903309801815,0.15211739165383897,49
0.4367185469908368,0.02555653853572407,0.9579257982280166,6.44447264502579e-05,-281201.34141234827,-0.9919589395347764,0.15477551585509705,49
0.2769825337498971,0.03223562204615772,0.8663334092594706,0.0007209123895638159,-265882.158136522,-0.9932203262676665,0.15339954002295617,49
0.8501496067714331,0.014469148764885394,0.8600214078203516,0.15200655090641021,-170052.18460929734,-0.8233146538559222,0.14100605853483658,49
0.05832096267005962,0.019536150977604857,0.8663334600919584,0.08275123346184682,-472544.38692810544,-0.9523763896166143,0.16499331314157092,49
0.36693048167327247,0.013193309014343305,0.8723496193900131,9.317156214134429e-05,-230993.00601182538,-0.9968583740291,0.1606776631576091,49
0.3859974517334557,0.014504451339271182,0.8935723971254024,0.0028747774357947425,-399055.65586233925,-0.990084851014637,0.14267028436721008,49
0.7301711136618857,0.19917892502603107,0.3040988610178258,0.00881518411267325,-466468.6665288428,-0.9831215175040344,0.16074043147643502,49
0.4120125439260629,0.014509695992530578,0.8924037453269801,3.665550846446153e-05,-427048.1131868974,-0.9919691749755531,0.15611634018367904,49
0.3859974517334557,0.019573135386418673,0.8935723971254024,0.00026785486649295864,-450494.181962254,-0.9915384111656754,0.1571023669803789,49
0.7180839738379233,0.10449234876662546,0.9978009769591036,0.3806573338635493,-513362.43540127185,-0.7695922697073622,0.1469270240152292,49
0.36693048167327247,0.10056333893199994,0.8070189060998301,9.317156214134429e-05,-294783.06446974265,-0.9938711516250325,0.162213126260608,49
0.86567851912179,0.01257005620249213,0.8723496193900131,0.0001868342801812639,-253073.497239721,-0.9919820816976271,0.14974128548163915,49
0.39692287192152526,0.10056333893199994,0.8070189060998301,9.317156214134429e-05,-253589.06424003828,-0.9936766259386416,0.16097206753720267,49
0.07748564795401323,0.04844847488150951,0.9025320028015414,0.004089325376169556,-140549.84893431442,-0.9937632250485198,0.14860634588569901,49
0.3859974517334557,0.18908828211887466,0.8935723971254024,0.0027454656162140562,-185240.28571261733,-0.9860339330535153,0.14224945656590823,49
0.7209206180909646,0.030214037108284672,0.8310305230344863,0.12067851176148361,-491793.35744762473,-0.8577629332652815,0.14545290586771464,49
0.40538298369113357,0.016862661099585192,0.8639905038263826,0.1539936621396037,-502466.4656667591,-0.8454394389127033,0.15063604898799235,49
0.3859974517334557,0.014504451339271182,0.8672691837829731,0.0007209123895638159,-265403.07552807877,-0.9935022896983488,0.15167921528750322,49
0.3859974517334557,0.0027509339710587756,0.8663334092594706,3.758662583258632e-07,-287155.3514778528,-0.9950752357182188,0.1683502273841142,49
0.3859974517334557,0.0027509339710587756,0.8675906223801364,3.758662583258632e-07,-155384.15177522926,-0.9931718910701157,0.1384868781151408,49
0.9946412624884851,0.15479303601862068,0.22020995294490753,0.0008393499271973151,-378829.8793402322,-0.9938672404934773,0.17042259945370797,49
0.3859974517334557,0.014253660723721261,0.8663334092594706,3.758662583258632e-07,-292643.5714937511,-0.9923645873871095,0.15810266328261835,49
0.7200738715174895,0.19917892502603107,0.3202011353763224,0.019176512841675666,-466385.96873625665,-0.9738403027908019,0.17208617098403908,49
0.7180839738379233,0.09674049618212331,0.9802304834339034,0.3806573338635493,-80244.68879198623,-0.789681051108249,0.14191312111286702,49
0.3859974517334557,0.018745391947243843,0.8663093666281579,1.1569266913450608e-05,-247762.38871567193,-0.9928716100714454,0.16120114786619386,49
0.5028310347633032,0.02358857475630867,0.3420581671973376,0.1362082167976782,-486442.0535813304,-0.8186306855487725,0.15474457527950172,49
0.7211219902784607,0.014469148764885394,0.8550374903074687,0.14579387152642528,-107134.65773229739,-0.847742814117446,0.14277177198175361,49
0.8256174678482833,0.031058792562655698,0.30417328153498363,0.16114374713333451,-428995.19871814497,-0.9088829710664031,0.1594152273350834,49
0.038499989752207864,0.005142959915873506,0.8657881098042115,0.012025585070484818,-441630.8545767767,-0.9608535737310842,0.1638961811911551,49
0.023434559447946257,0.005226092527269749,0.8662694799648395,0.01309144673864833,-345209.95630788215,-0.9842679076564197,0.14546654879745416,49
0.9849407250630926,0.08831710527809625,0.26987984724831965,0.020457600144006736,-419420.4161420369,-0.9431510085206426,0.15996363211596434,49
0.7180839738379233,0.10433131346174955,0.9978171254064757,0.3806573338635493,-457913.52542868425,-0.7974452989281579,0.14901478020702177,49
0.7291050776917269,0.19917892502603107,0.3202011353763224,0.019176512841675666,-378263.83381348994,-0.9843028581532075,0.15083422648379485,49
0.7180839738379233,0.009601096131228538,0.9804309561315919,0.005766190712427871,-300399.23156349675,-0.9808290374421101,0.14368014654996308,49
0.45349055464137056,0.012970863905714468,0.8963732912311654,3.665550846446153e-05,-191088.9481286507,-0.9921336057264565,0.156535603168072,49
0.3859974517334557,0.012965619252455072,0.8703029551636557,0.05095188869342024,-138105.3993003884,-0.9451352207567694,0.14308457866527502,49
0.0977328831194931,0.04616804148446529,0.9889391266685172,0.00408670623664641,-182836.33288404052,-0.9899638252906243,0.15291019391436217,49
0.8381517649657664,0.014504451339271182,0.8799540958277776,0.0007209123895638159,-316878.7558728782,-0.9846419154489113,0.15444903810249416,49
0.9849407250630926,0.093982423225346,0.24273439553436815,0.020694024412539924,-448185.9274228033,-0.958180346421066,0.1604214980821315,49
0.3859974517334557,0.011289386255854936,0.9348868348959974,0.0007209123895638159,-155114.51869375558,-0.9855904976923933,0.14808779701020888,49
0.3859974517334557,0.014504451339271182,0.8663334092594706,0.0007209123895638159,-259326.23479968708,-0.9921850537037936,0.1572200634873515,49
0.8618317190608521,0.10056333893199994,0.874714123864651,9.317156214134429e-05,-84549.65259970604,-0.9870920563928465,0.14921304429566068,49
0.8218303459316725,0.013882183099782876,0.9791581477247466,0.0024662027602802283,-145211.592823169,-0.9861701557866906,0.14756392605135268,49
0.7180839738379233,0.013060689737550035,0.9802304834339034,0.0038088145079852587,-417037.7295649669,-0.9847488521543272,0.15620048879400802,49
0.45349055464137056,0.010661041420354768,0.8663334092594706,0.001380651984032949,-282430.829419731,-0.9889028223452261,0.1558820297199257,49
0.9946412624884851,0.1537659921282482,0.22020995294490753,0.004228221965882413,-431874.75525316224,-0.9861590369742154,0.16329595031722646,49
0.3855883543351072,0.014509695992530578,0.8685232641397574,0.00046865057727228654,-266169.44246819284,-0.9902580517597462,0.15939142042294271,49
0.07748564795401323,0.04577021798444211,0.9370271972407596,0.00408670623664641,-376805.9876987293,-0.9912122283583672,0.1601855922903557,49
0.45349055464137056,0.010269599736416477,0.8663334092594706,0.0007209123895638159,-243554.33638383518,-0.9953330434480806,0.1525934590932602,50
0.3821950888511097,0.09634320918359607,0.9802304834339034,0.1616665289365557,-432583.5259732025,-0.8874903309801815,0.15211739165383897,50
0.4367185469908368,0.02555653853572407,0.9579257982280166,6.44447264502579e-05,-281201.34141234827,-0.9919589395347764,0.15477551585509705,50
0.2769825337498971,0.03223562204615772,0.8663334092594706,0.0007209123895638159,-265882.158136522,-0.9932203262676665,0.15339954002295617,50
0.8501496067714331,0.014469148764885394,0.8600214078203516,0.15200655090641021,-170052.18460929734,-0.8233146538559222,0.14100605853483658,50
0.05832096267005962,0.019536150977604857,0.8663334600919584,0.08275123346184682,-472544.38692810544,-0.9523763896166143,0.16499331314157092,50
0.36693048167327247,0.013193309014343305,0.8723496193900131,9.317156214134429e-05,-230993.00601182538,-0.9968583740291,0.1606776631576091,50
0.3859974517334557,0.014504451339271182,0.8935723971254024,0.0028747774357947425,-399055.65586233925,-0.990084851014637,0.14267028436721008,50
0.7301711136618857,0.19917892502603107,0.3040988610178258,0.00881518411267325,-466468.6665288428,-0.9831215175040344,0.16074043147643502,50
0.4120125439260629,0.014509695992530578,0.8924037453269801,3.665550846446153e-05,-427048.1131868974,-0.9919691749755531,0.15611634018367904,50
0.3859974517334557,0.019573135386418673,0.8935723971254024,0.00026785486649295864,-450494.181962254,-0.9915384111656754,0.1571023669803789,50
0.7180839738379233,0.10449234876662546,0.9978009769591036,0.3806573338635493,-513362.43540127185,-0.7695922697073622,0.1469270240152292,50
0.36693048167327247,0.10056333893199994,0.8070189060998301,9.317156214134429e-05,-294783.06446974265,-0.9938711516250325,0.162213126260608,50
0.86567851912179,0.01257005620249213,0.8723496193900131,0.0001868342801812639,-253073.497239721,-0.9919820816976271,0.14974128548163915,50
0.39692287192152526,0.10056333893199994,0.8070189060998301,9.317156214134429e-05,-253589.06424003828,-0.9936766259386416,0.16097206753720267,50
0.07748564795401323,0.04844847488150951,0.9025320028015414,0.004089325376169556,-140549.84893431442,-0.9937632250485198,0.14860634588569901,50
0.3859974517334557,0.18908828211887466,0.8935723971254024,0.0027454656162140562,-185240.28571261733,-0.9860339330535153,0.14224945656590823,50
0.7209206180909646,0.030214037108284672,0.8310305230344863,0.12067851176148361,-491793.35744762473,-0.8577629332652815,0.14545290586771464,50
0.40538298369113357,0.016862661099585192,0.8639905038263826,0.1539936621396037,-502466.4656667591,-0.8454394389127033,0.15063604898799235,50
0.3859974517334557,0.014504451339271182,0.8672691837829731,0.0007209123895638159,-265403.07552807877,-0.9935022896983488,0.15167921528750322,50
0.3859974517334557,0.0027509339710587756,0.8663334092594706,3.758662583258632e-07,-287155.3514778528,-0.9950752357182188,0.1683502273841142,50
0.3859974517334557,0.0027509339710587756,0.8675906223801364,3.758662583258632e-07,-155384.15177522926,-0.9931718910701157,0.1384868781151408,50
0.9946412624884851,0.15479303601862068,0.22020995294490753,0.0008393499271973151,-378829.8793402322,-0.9938672404934773,0.17042259945370797,50
0.3859974517334557,0.014253660723721261,0.8663334092594706,3.758662583258632e-07,-292643.5714937511,-0.9923645873871095,0.15810266328261835,50
0.3821950888511097,0.10295166288967486,0.9806237591618474,0.00020635130392344936,-341940.9154781575,-0.9923965591409756,0.16934866571985543,50
0.3859974517334557,0.018745391947243843,0.8663093666281579,1.1569266913450608e-05,-247762.38871567193,-0.9928716100714454,0.16120114786619386,50
0.5028310347633032,0.02358857475630867,0.3420581671973376,0.1362082167976782,-486442.0535813304,-0.8186306855487725,0.15474457527950172,50
0.7180839738379233,0.09674049618212331,0.9802304834339034,0.3806573338635493,-80244.68879198623,-0.789681051108249,0.14191312111286702,50
0.7200738715174895,0.19917892502603107,0.3202011353763224,0.019176512841675666,-466385.96873625665,-0.9738403027908019,0.17208617098403908,50
0.7211219902784607,0.014469148764885394,0.8550374903074687,0.14579387152642528,-107134.65773229739,-0.847742814117446,0.14277177198175361,50
0.8256174678482833,0.031058792562655698,0.30417328153498363,0.16114374713333451,-428995.19871814497,-0.9088829710664031,0.1594152273350834,50
0.038499989752207864,0.005142959915873506,0.8657881098042115,0.012025585070484818,-441630.8545767767,-0.9608535737310842,0.1638961811911551,50
0.023434559447946257,0.005226092527269749,0.8662694799648395,0.01309144673864833,-345209.95630788215,-0.9842679076564197,0.14546654879745416,50
0.9849407250630926,0.08831710527809625,0.26987984724831965,0.020457600144006736,-419420.4161420369,-0.9431510085206426,0.15996363211596434,50
0.7180839738379233,0.10433131346174955,0.9978171254064757,0.3806573338635493,-457913.52542868425,-0.7974452989281579,0.14901478020702177,50
0.7291050776917269,0.19917892502603107,0.3202011353763224,0.019176512841675666,-378263.83381348994,-0.9843028581532075,0.15083422648379485,50
0.7180839738379233,0.009601096131228538,0.9804309561315919,0.005766190712427871,-300399.23156349675,-0.9808290374421101,0.14368014654996308,50
0.3859974517334557,0.012965619252455072,0.8703029551636557,0.05095188869342024,-138105.3993003884,-0.9451352207567694,0.14308457866527502,50
0.45349055464137056,0.012970863905714468,0.8963732912311654,3.665550846446153e-05,-191088.9481286507,-0.9921336057264565,0.156535603168072,50
0.8381517649657664,0.014504451339271182,0.8799540958277776,0.0007209123895638159,-316878.7558728782,-0.9846419154489113,0.15444903810249416,50
0.0977328831194931,0.04616804148446529,0.9889391266685172,0.00408670623664641,-182836.33288404052,-0.9899638252906243,0.15291019391436217,50
0.9849407250630926,0.093982423225346,0.24273439553436815,0.020694024412539924,-448185.9274228033,-0.958180346421066,0.1604214980821315,50
0.3859974517334557,0.011289386255854936,0.9348868348959974,0.0007209123895638159,-155114.51869375558,-0.9855904976923933,0.14808779701020888,50
0.45349055464137056,0.010661041420354768,0.8663334092594706,0.001380651984032949,-282430.829419731,-0.9889028223452261,0.1558820297199257,50
0.8618317190608521,0.10056333893199994,0.874714123864651,9.317156214134429e-05,-84549.65259970604,-0.9870920563928465,0.14921304429566068,50
0.3855883543351072,0.014509695992530578,0.8685232641397574,0.00046865057727228654,-266169.44246819284,-0.9902580517597462,0.15939142042294271,50
0.8218303459316725,0.013882183099782876,0.9791581477247466,0.0024662027602802283,-145211.592823169,-0.9861701557866906,0.14756392605135268,50
0.3859974517334557,0.014504451339271182,0.8663334092594706,0.0007209123895638159,-259326.23479968708,-0.9921850537037936,0.1572200634873515,50
0.7180839738379233,0.013060689737550035,0.9802304834339034,0.0038088145079852587,-417037.7295649669,-0.9847488521543272,0.15620048879400802,50
0.9946412624884851,0.1537659921282482,0.22020995294490753,0.004228221965882413,-431874.75525316224,-0.9861590369742154,0.16329595031722646,50
