bridging-capital-weight,innovation-diffusion-rate,policy-effectiveness,cultural-diffusion-rate,Obj_Innov_Neg,Obj_Div_Neg,Obj_Gini,Generation
0.3745401188473625,0.19014286128198324,0.7319939418114051,0.2993292420985183,-264185.2556893789,-0.7968811624731055,0.14549370910963585,1
0.388677289689482,0.05426980635477918,0.8287375091519293,0.17837666334679464,-309914.007504504,-0.914319576920441,0.15565479824767647,1
0.7712703466859457,0.014808930346818072,0.3584657285442726,0.05793452976256486,-311939.96416662534,-0.9466086718214431,0.1674796339310621,1
0.8631034258755935,0.12465962536551159,0.3308980248526492,0.03177917514301182,-194519.07048632833,-0.9486932476906095,0.17016098249526126,1
0.5227328293819941,0.08550820367170993,0.02541912674409519,0.053945713496652226,-196007.87565257677,-0.9524009638306002,0.17616838168722737,1
0.22879816549162246,0.0153959819657586,0.289751452913768,0.08061064362700221,-169688.27716160865,-0.9573114128551031,0.15743520561240096,1
0.22793516254194168,0.08542155772525127,0.8180147659224931,0.4303652916281717,-364571.5315149774,-0.7170624578582623,0.15293052512220554,1
0.006952130531190703,0.10214946051551316,0.417411003148779,0.11105390523536512,-200774.1240405821,-0.873518883599916,0.15351050923481005,1
0.0902897700544083,0.1670604991178476,0.32078006497173583,0.09325925519992712,-487122.49853110575,-0.9185202804192606,0.15872176038049832,1
0.040775141554763916,0.11817858863764837,0.6775643618422824,0.008293914463928076,-164928.25574532276,-0.9761572856928025,0.14977954485727155,1
0.3046137691733707,0.019534422801276777,0.6842330265121569,0.22007624686980065,-231003.2056783554,-0.8322559661551998,0.15686335757989386,1
0.05147875124998935,0.05572929284732229,0.9082658859666537,0.11978094533348621,-183087.70051739554,-0.9008358366136032,0.15837935751163895,1
0.5924145688620425,0.009290082543999545,0.6075448519014384,0.08526206184364576,-283027.2233840444,-0.9134026608361681,0.1592517940439428,1
0.8074401551640625,0.17921825998469865,0.3180034749718639,0.05502596226383838,-346141.993294342,-0.9154131029285949,0.16128298900211963,1
0.5296505783560065,0.04837045818009034,0.09310276780589921,0.4486078789766634,-436220.4636319965,-0.5938195935746574,0.16451983894873243,1
0.3042422429595377,0.10495128632644757,0.43194501864211576,0.14561457009902096,-93630.1554640036,-0.9167364674142235,0.1677178923568449,1
0.07455064367977082,0.19737738732010346,0.7722447692966574,0.0993578407670862,-83825.72486056504,-0.9142280938372687,0.1515352928795271,1
0.1448948720912231,0.09789055205551261,0.9856504541106007,0.1210276357557502,-114079.46766091308,-0.8513009301836855,0.15559819000867495,1
0.3410663510502585,0.022694704248117814,0.9246936182785628,0.4386696766904905,-124106.54599359226,-0.7141068702424973,0.15142996924872293,1
0.3109823217156622,0.06503666440534941,0.7296061783380641,0.31877873567760656,-175011.64158918502,-0.6784816793401657,0.15796381222021172,1
0.6721355474058786,0.15232392306574352,0.23763754399239967,0.3641081743059298,-142980.6459397228,-0.7841057114807025,0.15926682118506305,1
0.6011150117432088,0.1416145155592091,0.020584494295802447,0.48495492608099716,-310843.73584125936,-0.7171877578690822,0.17601718084045828,1
0.6118528947223795,0.027898772130408367,0.29214464853521815,0.18318092164684585,-217912.1510013664,-0.8446850389617561,0.16168046469204075,1
0.2587799816000169,0.1325044568707964,0.31171107608941095,0.2600340105889054,-307891.41384236113,-0.8405933934991215,0.17531841101225656,1
0.5467102793432796,0.03697089110510541,0.9695846277645586,0.3875664116805573,-279136.8804816695,-0.7801261520865035,0.16241820740113275,1
0.8872127425763265,0.09444298503238986,0.1195942459383017,0.3566223936114975,-304628.2994860238,-0.7684103498746563,0.1674451584948482,1
0.9296976523425731,0.1616240759128834,0.6334037565104235,0.43573029509385885,-346059.69505301147,-0.713807241836678,0.1621854910947054,1
0.512093058299281,0.04529915503958759,0.6451727904094499,0.08718321450249572,-114063.6619087587,-0.8926353173367346,0.16244846816521774,1
0.690937738102466,0.07734706926010748,0.9367299887367345,0.06876047207299663,-266379.2892286489,-0.9040159662155088,0.16266506408527157,1
0.1198653673336828,0.06752303428072559,0.9429097039125192,0.16160146601037761,-62770.67790419384,-0.7827192398919767,0.15870315722605213,1
0.907566473926093,0.04985844582977499,0.41038292303562973,0.37777556927152434,-98787.29289951564,-0.7606957750662949,0.16149539528925275,1
0.7607850486168974,0.11225543951389926,0.770967179954561,0.24689779818219537,-165195.86813949127,-0.7491526699722405,0.16215731017703264,1
0.005522117123602399,0.16309228569096684,0.7068573438476171,0.36450358402049365,-235235.32557621622,-0.775545450630613,0.16260568080337187,1
0.06505159298527952,0.18977710745066667,0.9656320330745594,0.40419867405823057,-276758.43381209805,-0.6826730746687902,0.16529765156968704,1
0.8324426408004217,0.04246782213565523,0.18182496720710062,0.09170225492671691,-233311.30492712476,-0.8754374769691254,0.16307697632514656,1
0.9394989415641891,0.17896547008552977,0.5978999788110851,0.4609371175115584,-248141.32320372458,-0.7606393336264542,0.16476780647526124,1
0.9624472949421112,0.05035645916507284,0.49724850589238545,0.15043915490838483,-262436.8300682427,-0.8189066662306436,0.17176962629830198,1
0.3677831327192532,0.1264611661187159,0.6335297107608947,0.26788734203737924,-186658.5765075943,-0.8849049479702997,0.1674847791077817,1
0.2579416277151556,0.13199680920683582,0.8172222002012158,0.27760040579973116,-236247.52079308822,-0.7890710966072669,0.16285852823966104,1
0.8036720768991145,0.03731401177720717,0.8925589984899778,0.26967112095782536,-158832.11784645583,-0.756159331740755,0.16277187933239626,1
0.2848404943774676,0.007377389470906559,0.6095643339798968,0.25133951161443074,-127364.6604028367,-0.8161804434841501,0.16693369270857975,1
0.9004180571633305,0.1266202914546536,0.3390297910487007,0.17460478730633044,-43797.634394537454,-0.8098693539650273,0.16610047754184173,1
0.03142918568673425,0.12728208225275608,0.3143559810763267,0.2542853455823514,-241486.10448856675,-0.7112182654266602,0.1652664626421688,1
0.45606998421703593,0.15703519227860274,0.19967378215835974,0.2571172192068058,-156430.06768534184,-0.7893518645606252,0.1690954714848599,1
0.0884925020519195,0.039196572483829045,0.045227288910538066,0.16266516538163217,-152247.73423021552,-0.8733231898422282,0.17176486836759333,1
0.28093450968738076,0.1085392166316497,0.14092422497476265,0.40109849037701983,-113047.06986448048,-0.7119942178991546,0.16646704795090853,1
0.15601864044243652,0.031198904067240532,0.05808361216819946,0.4330880728874676,-96640.41710438866,-0.7885640333330106,0.1687331096671801,1
0.5187906217433661,0.14060379177903556,0.363629602379294,0.48589104136048034,-157976.0949825668,-0.668601347787495,0.16600997419039834,1
0.12203823484477883,0.09903538202225404,0.034388521115218396,0.45466020103939103,-129374.41589751349,-0.7487864934746423,0.17204469837614333,1
0.7259556788702394,0.17942205199051542,0.8870864242651173,0.38993777292881193,-79111.91274978693,-0.6974868432303776,0.1704515411957868,1
0.3745401188473625,0.19014286128198324,0.7319939418114051,0.2993292420985183,-264185.2556893789,-0.7968811624731055,0.14549370910963585,2
0.388677289689482,0.05426980635477918,0.8287375091519293,0.17837666334679464,-309914.007504504,-0.914319576920441,0.15565479824767647,2
0.7712703466859457,0.014808930346818072,0.3584657285442726,0.05793452976256486,-311939.96416662534,-0.9466086718214431,0.1674796339310621,2
0.8631034258755935,0.12465962536551159,0.3308980248526492,0.03177917514301182,-194519.07048632833,-0.9486932476906095,0.17016098249526126,2
0.5227328293819941,0.08550820367170993,0.02541912674409519,0.053945713496652226,-196007.87565257677,-0.9524009638306002,0.17616838168722737,2
0.22879816549162246,0.0153959819657586,0.289751452913768,0.08061064362700221,-169688.27716160865,-0.9573114128551031,0.15743520561240096,2
0.22793516254194168,0.08542155772525127,0.8180147659224931,0.4303652916281717,-364571.5315149774,-0.7170624578582623,0.15293052512220554,2
0.006952130531190703,0.10214946051551316,0.417411003148779,0.11105390523536512,-200774.1240405821,-0.873518883599916,0.15351050923481005,2
0.0902897700544083,0.1670604991178476,0.32078006497173583,0.09325925519992712,-487122.49853110575,-0.9185202804192606,0.15872176038049832,2
0.040775141554763916,0.11817858863764837,0.6775643618422824,0.008293914463928076,-164928.25574532276,-0.9761572856928025,0.14977954485727155,2
0.0902897700544083,0.1670604991178476,0.31774575327868065,0.15063935118646354,-354838.35791837843,-0.8726206025211288,0.15465348001265064,2
0.05147875124998935,0.05572929284732229,0.9082658859666537,0.11978094533348621,-183087.70051739554,-0.9008358366136032,0.15837935751163895,2
0.5924145688620425,0.009290082543999545,0.6075448519014384,0.08526206184364576,-283027.2233840444,-0.9134026608361681,0.1592517940439428,2
0.8074401551640625,0.17921825998469865,0.3180034749718639,0.05502596226383838,-346141.993294342,-0.9154131029285949,0.16128298900211963,2
0.5296505783560065,0.04837045818009034,0.09310276780589921,0.4486078789766634,-436220.4636319965,-0.5938195935746574,0.16451983894873243,2
0.3042422429595377,0.10495128632644757,0.43194501864211576,0.14561457009902096,-93630.1554640036,-0.9167364674142235,0.1677178923568449,2
0.07455064367977082,0.19737738732010346,0.7722447692966574,0.0993578407670862,-83825.72486056504,-0.9142280938372687,0.1515352928795271,2
0.3410663510502585,0.022694704248117814,0.9246936182785628,0.4386696766904905,-124106.54599359226,-0.7141068702424973,0.15142996924872293,2
0.8814662746016395,0.04417816278188065,0.1190521270708305,0.44933900791830356,-333443.60302372597,-0.8114306259221298,0.16058265338619718,2
0.22752615446502014,0.018082438776574637,0.289751452913768,0.12168415765819862,-268050.6624213551,-0.8725928634079408,0.15488072451588855,2
0.2587799816000169,0.1325044568707964,0.31171107608941095,0.2600340105889054,-307891.41384236113,-0.8405933934991215,0.17531841101225656,2
0.9296976523425731,0.1616240759128834,0.6334037565104235,0.43573029509385885,-346059.69505301147,-0.713807241836678,0.1621854910947054,2
0.512093058299281,0.04529915503958759,0.6451727904094499,0.08718321450249572,-114063.6619087587,-0.8926353173367346,0.16244846816521774,2
0.690937738102466,0.07734706926010748,0.9367299887367345,0.06876047207299663,-266379.2892286489,-0.9040159662155088,0.16266506408527157,2
0.6638536965122624,0.07577291928436973,0.02541912674409519,0.053945713496652226,-279152.0790664882,-0.877755328690592,0.16525767836389085,2
0.9624472949421112,0.05035645916507284,0.500282817585593,0.09305905892194226,-77129.089035641,-0.8880968090993572,0.16030053409785983,2
0.6011150117432088,0.1416145155592091,0.020584494295802447,0.48495492608099716,-310843.73584125936,-0.7171877578690822,0.17601718084045828,2
0.5467102793432796,0.03697089110510541,0.9695846277645586,0.3875664116805573,-279136.8804816695,-0.7801261520865035,0.16241820740113275,2
0.8872127425763265,0.09444298503238986,0.1195942459383017,0.3566223936114975,-304628.2994860238,-0.7684103498746563,0.1674451584948482,2
0.3046137691733707,0.019534422801276777,0.6842330265121569,0.22007624686980065,-231003.2056783554,-0.8322559661551998,0.15686335757989386,2
0.1448948720912231,0.09789055205551261,0.9856504541106007,0.1210276357557502,-114079.46766091308,-0.8513009301836855,0.15559819000867495,2
0.6118528947223795,0.027898772130408367,0.29214464853521815,0.18318092164684585,-217912.1510013664,-0.8446850389617561,0.16168046469204075,2
0.03421173852918122,0.05304289850315961,0.7552936239724612,0.12448513152746685,-81644.25684010693,-0.8711889069301145,0.15707058605697113,2
0.3109823217156622,0.06503666440534941,0.7317934066695421,0.31877873567760656,-189869.35878973675,-0.7890429925547062,0.15540928385854938,2
0.8324426408004217,0.04246782213565523,0.18182496720710062,0.09170225492671691,-233311.30492712476,-0.8754374769691254,0.16307697632514656,2
0.3677831327192532,0.1264611661187159,0.6335297107608947,0.26788734203737924,-186658.5765075943,-0.8849049479702997,0.1674847791077817,2
0.2579416277151556,0.13199680920683582,0.8172222002012158,0.27760040579973116,-236247.52079308822,-0.7890710966072669,0.16285852823966104,2
0.9624472949421112,0.05035645916507284,0.49724850589238545,0.15043915490838483,-262436.8300682427,-0.8189066662306436,0.17176962629830198,2
0.005522117123602399,0.16309228569096684,0.7068573438476171,0.36450358402049365,-235235.32557621622,-0.775545450630613,0.16260568080337187,2
0.06505159298527952,0.18977710745066667,0.9656320330745594,0.40419867405823057,-276758.43381209805,-0.6826730746687902,0.16529765156968704,2
0.9394989415641891,0.17896547008552977,0.5978999788110851,0.4609371175115584,-248141.32320372458,-0.7606393336264542,0.16476780647526124,2
0.449711794184407,0.1616240759128834,0.61582435906455,0.4821267958803691,-252454.5425765752,-0.7118276246024781,0.16550660223147626,2
0.3109823217156622,0.06503666440534941,0.7296061783380641,0.31877873567760656,-175011.64158918502,-0.6784816793401657,0.15796381222021172,2
0.6721355474058786,0.15232392306574352,0.23763754399239967,0.3641081743059298,-142980.6459397228,-0.7841057114807025,0.15926682118506305,2
0.1198653673336828,0.06752303428072559,0.9429097039125192,0.16160146601037761,-62770.67790419384,-0.7827192398919767,0.15870315722605213,2
0.7607850486168974,0.11225543951389926,0.770967179954561,0.24689779818219537,-165195.86813949127,-0.7491526699722405,0.16215731017703264,2
0.907566473926093,0.04985844582977499,0.41038292303562973,0.37777556927152434,-98787.29289951564,-0.7606957750662949,0.16149539528925275,2
0.0884925020519195,0.039196572483829045,0.045227288910538066,0.16266516538163217,-152247.73423021552,-0.8733231898422282,0.17176486836759333,2
0.9004180571633305,0.1266202914546536,0.3390297910487007,0.17460478730633044,-43797.634394537454,-0.8098693539650273,0.16610047754184173,2
0.03142918568673425,0.12728208225275608,0.3143559810763267,0.2542853455823514,-241486.10448856675,-0.7112182654266602,0.1652664626421688,2
0.3745401188473625,0.19014286128198324,0.7319939418114051,0.2993292420985183,-264185.2556893789,-0.7968811624731055,0.14549370910963585,3
0.388677289689482,0.05426980635477918,0.8287375091519293,0.17837666334679464,-309914.007504504,-0.914319576920441,0.15565479824767647,3
0.7712703466859457,0.014808930346818072,0.3584657285442726,0.05793452976256486,-311939.96416662534,-0.9466086718214431,0.1674796339310621,3
0.8631034258755935,0.12465962536551159,0.3308980248526492,0.03177917514301182,-194519.07048632833,-0.9486932476906095,0.17016098249526126,3
0.5227328293819941,0.08550820367170993,0.02541912674409519,0.053945713496652226,-196007.87565257677,-0.9524009638306002,0.17616838168722737,3
0.22879816549162246,0.0153959819657586,0.289751452913768,0.08061064362700221,-169688.27716160865,-0.9573114128551031,0.15743520561240096,3
0.22793516254194168,0.08542155772525127,0.8180147659224931,0.4303652916281717,-364571.5315149774,-0.7170624578582623,0.15293052512220554,3
0.006952130531190703,0.10214946051551316,0.417411003148779,0.11105390523536512,-200774.1240405821,-0.873518883599916,0.15351050923481005,3
0.0902897700544083,0.1670604991178476,0.32078006497173583,0.09325925519992712,-487122.49853110575,-0.9185202804192606,0.15872176038049832,3
0.040775141554763916,0.11817858863764837,0.6775643618422824,0.008293914463928076,-164928.25574532276,-0.9761572856928025,0.14977954485727155,3
0.0902897700544083,0.1670604991178476,0.31774575327868065,0.15063935118646354,-354838.35791837843,-0.8726206025211288,0.15465348001265064,3
0.05147875124998935,0.05572929284732229,0.9082658859666537,0.11978094533348621,-183087.70051739554,-0.9008358366136032,0.15837935751163895,3
0.5924145688620425,0.009290082543999545,0.6075448519014384,0.08526206184364576,-283027.2233840444,-0.9134026608361681,0.1592517940439428,3
0.8074401551640625,0.17921825998469865,0.3180034749718639,0.05502596226383838,-346141.993294342,-0.9154131029285949,0.16128298900211963,3
0.5296505783560065,0.04837045818009034,0.09310276780589921,0.4486078789766634,-436220.4636319965,-0.5938195935746574,0.16451983894873243,3
0.24293868750403425,0.019590684680857753,0.30027913249679256,0.09205409168976547,-409525.7417706526,-0.8877266336259294,0.16265564415381492,3
0.07455064367977082,0.19737738732010346,0.7722447692966574,0.0993578407670862,-83825.72486056504,-0.9142280938372687,0.1515352928795271,3
0.3410663510502585,0.022694704248117814,0.9246936182785628,0.4386696766904905,-124106.54599359226,-0.7141068702424973,0.15142996924872293,3
0.3046137691733707,0.017496851364725043,0.6842330265121569,0.17486001685781805,-162340.92112048384,-0.9271508419951061,0.15797103765845047,3
0.8814662746016395,0.04417816278188065,0.1190521270708305,0.44933900791830356,-333443.60302372597,-0.8114306259221298,0.16058265338619718,3
0.22752615446502014,0.018082438776574637,0.289751452913768,0.12168415765819862,-268050.6624213551,-0.8725928634079408,0.15488072451588855,3
0.9296976523425731,0.1616240759128834,0.6334037565104235,0.43573029509385885,-346059.69505301147,-0.713807241836678,0.1621854910947054,3
0.690937738102466,0.07734706926010748,0.9367299887367345,0.06876047207299663,-266379.2892286489,-0.9040159662155088,0.16266506408527157,3
0.2587799816000169,0.1325044568707964,0.31171107608941095,0.2600340105889054,-307891.41384236113,-0.8405933934991215,0.17531841101225656,3
0.6638536965122624,0.07577291928436973,0.02541912674409519,0.053945713496652226,-279152.0790664882,-0.877755328690592,0.16525767836389085,3
0.30286541653659743,0.09667151544837219,0.4246614067102509,0.12270156420760105,-282705.33473607275,-0.8462610782776218,0.16366171390642995,3
0.3042422429595377,0.10495128632644757,0.43194501864211576,0.14561457009902096,-93630.1554640036,-0.9167364674142235,0.1677178923568449,3
0.512093058299281,0.04529915503958759,0.6451727904094499,0.08718321450249572,-114063.6619087587,-0.8926353173367346,0.16244846816521774,3
0.6755253155658504,0.07583925367529278,0.9256338632106583,0.13091310467590717,-133260.73056311373,-0.8903761828362374,0.15896011833306226,3
0.6011150117432088,0.1416145155592091,0.020584494295802447,0.48495492608099716,-310843.73584125936,-0.7171877578690822,0.17601718084045828,3
0.5467102793432796,0.03697089110510541,0.9695846277645586,0.3875664116805573,-279136.8804816695,-0.7801261520865035,0.16241820740113275,3
0.8872127425763265,0.09444298503238986,0.1195942459383017,0.3566223936114975,-304628.2994860238,-0.7684103498746563,0.1674451584948482,3
0.3046137691733707,0.019534422801276777,0.6842330265121569,0.22007624686980065,-231003.2056783554,-0.8322559661551998,0.15686335757989386,3
0.1448948720912231,0.09789055205551261,0.9856504541106007,0.1210276357557502,-114079.46766091308,-0.8513009301836855,0.15559819000867495,3
0.6118528947223795,0.027898772130408367,0.29214464853521815,0.18318092164684585,-217912.1510013664,-0.8446850389617561,0.16168046469204075,3
0.03421173852918122,0.05304289850315961,0.7552936239724612,0.12448513152746685,-81644.25684010693,-0.8711889069301145,0.15707058605697113,3
0.3109823217156622,0.06503666440534941,0.7317934066695421,0.31877873567760656,-189869.35878973675,-0.7890429925547062,0.15540928385854938,3
0.06505159298527952,0.18977710745066667,0.9656320330745594,0.40419867405823057,-276758.43381209805,-0.6826730746687902,0.16529765156968704,3
0.9624472949421112,0.05035645916507284,0.500282817585593,0.09305905892194226,-77129.089035641,-0.8880968090993572,0.16030053409785983,3
0.9624472949421112,0.05035645916507284,0.49724850589238545,0.15043915490838483,-262436.8300682427,-0.8189066662306436,0.17176962629830198,3
0.1198653673336828,0.06752303428072559,0.9429097039125192,0.16160146601037761,-62770.67790419384,-0.7827192398919767,0.15870315722605213,3
0.3109823217156622,0.06503666440534941,0.7296061783380641,0.31877873567760656,-175011.64158918502,-0.6784816793401657,0.15796381222021172,3
0.3677831327192532,0.1264611661187159,0.6335297107608947,0.26788734203737924,-186658.5765075943,-0.8849049479702997,0.1674847791077817,3
0.6721355474058786,0.15232392306574352,0.23763754399239967,0.3641081743059298,-142980.6459397228,-0.7841057114807025,0.15926682118506305,3
0.7607850486168974,0.11225543951389926,0.770967179954561,0.24689779818219537,-165195.86813949127,-0.7491526699722405,0.16215731017703264,3
0.449711794184407,0.1616240759128834,0.61582435906455,0.4821267958803691,-252454.5425765752,-0.7118276246024781,0.16550660223147626,3
0.388677289689482,0.048104862509475356,0.8287375091519293,0.22359289335877724,-201169.55292076888,-0.8502449078870811,0.16273024142464096,3
0.8324426408004217,0.04246782213565523,0.18182496720710062,0.09170225492671691,-233311.30492712476,-0.8754374769691254,0.16307697632514656,3
0.9394989415641891,0.17896547008552977,0.5978999788110851,0.4609371175115584,-248141.32320372458,-0.7606393336264542,0.16476780647526124,3
0.2579416277151556,0.13199680920683582,0.8172222002012158,0.27760040579973116,-236247.52079308822,-0.7890710966072669,0.16285852823966104,3
0.3745401188473625,0.19014286128198324,0.7319939418114051,0.2993292420985183,-264185.2556893789,-0.7968811624731055,0.14549370910963585,4
0.388677289689482,0.05426980635477918,0.8287375091519293,0.17837666334679464,-309914.007504504,-0.914319576920441,0.15565479824767647,4
0.7712703466859457,0.014808930346818072,0.3584657285442726,0.05793452976256486,-311939.96416662534,-0.9466086718214431,0.1674796339310621,4
0.8631034258755935,0.12465962536551159,0.3308980248526492,0.03177917514301182,-194519.07048632833,-0.9486932476906095,0.17016098249526126,4
0.5227328293819941,0.08550820367170993,0.02541912674409519,0.053945713496652226,-196007.87565257677,-0.9524009638306002,0.17616838168722737,4
0.22879816549162246,0.0153959819657586,0.289751452913768,0.08061064362700221,-169688.27716160865,-0.9573114128551031,0.15743520561240096,4
0.22793516254194168,0.08542155772525127,0.8180147659224931,0.4303652916281717,-364571.5315149774,-0.7170624578582623,0.15293052512220554,4
0.0902897700544083,0.1670604991178476,0.32078006497173583,0.09325925519992712,-487122.49853110575,-0.9185202804192606,0.15872176038049832,4
0.040775141554763916,0.11817858863764837,0.6775643618422824,0.008293914463928076,-164928.25574532276,-0.9761572856928025,0.14977954485727155,4
0.0902897700544083,0.1670604991178476,0.31774575327868065,0.15063935118646354,-354838.35791837843,-0.8726206025211288,0.15465348001265064,4
0.3745401188473625,0.19014286128198324,0.7319939418114051,0.11537305722035998,-199279.23074886217,-0.8970268446837455,0.14943060343493844,4
0.388677289689482,0.05878318862465531,0.8287375091519293,0.17837666334679464,-107160.7907079893,-0.8279225274200805,0.1446633816251276,4
0.27963706866773386,0.01482219968643611,0.289751452913768,0.12168415765819862,-267357.1726415006,-0.8939692138659349,0.15294320883086568,4
0.05147875124998935,0.05572929284732229,0.9082658859666537,0.11978094533348621,-183087.70051739554,-0.9008358366136032,0.15837935751163895,4
0.5924145688620425,0.009290082543999545,0.6075448519014384,0.08526206184364576,-283027.2233840444,-0.9134026608361681,0.1592517940439428,4
0.8074401551640625,0.17921825998469865,0.3180034749718639,0.05502596226383838,-346141.993294342,-0.9154131029285949,0.16128298900211963,4
0.5296505783560065,0.04837045818009034,0.09310276780589921,0.4486078789766634,-436220.4636319965,-0.5938195935746574,0.16451983894873243,4
0.24293868750403425,0.019590684680857753,0.30027913249679256,0.09205409168976547,-409525.7417706526,-0.8877266336259294,0.16265564415381492,4
0.07455064367977082,0.19737738732010346,0.7722447692966574,0.0993578407670862,-83825.72486056504,-0.9142280938372687,0.1515352928795271,4
0.3046137691733707,0.017496851364725043,0.6842330265121569,0.17486001685781805,-162340.92112048384,-0.9271508419951061,0.15797103765845047,4
0.8814662746016395,0.04417816278188065,0.1190521270708305,0.44933900791830356,-333443.60302372597,-0.8114306259221298,0.16058265338619718,4
0.22752615446502014,0.018082438776574637,0.289751452913768,0.12168415765819862,-268050.6624213551,-0.8725928634079408,0.15488072451588855,4
0.3410663510502585,0.022694704248117814,0.9246936182785628,0.4386696766904905,-124106.54599359226,-0.7141068702424973,0.15142996924872293,4
0.006952130531190703,0.10214946051551316,0.417411003148779,0.11105390523536512,-200774.1240405821,-0.873518883599916,0.15351050923481005,4
0.9296976523425731,0.1616240759128834,0.6334037565104235,0.43573029509385885,-346059.69505301147,-0.713807241836678,0.1621854910947054,4
0.690937738102466,0.07734706926010748,0.9367299887367345,0.06876047207299663,-266379.2892286489,-0.9040159662155088,0.16266506408527157,4
0.5231537895105141,0.08550820367170993,0.020704294159250514,0.03804732631575625,-215494.14630856653,-0.9075793595345117,0.16655221712431612,4
0.2587799816000169,0.1325044568707964,0.31171107608941095,0.2600340105889054,-307891.41384236113,-0.8405933934991215,0.17531841101225656,4
0.6638536965122624,0.07577291928436973,0.02541912674409519,0.053945713496652226,-279152.0790664882,-0.877755328690592,0.16525767836389085,4
0.30286541653659743,0.09667151544837219,0.4246614067102509,0.12270156420760105,-282705.33473607275,-0.8462610782776218,0.16366171390642995,4
0.3042422429595377,0.10495128632644757,0.43194501864211576,0.14561457009902096,-93630.1554640036,-0.9167364674142235,0.1677178923568449,4
0.512093058299281,0.04529915503958759,0.6451727904094499,0.08718321450249572,-114063.6619087587,-0.8926353173367346,0.16244846816521774,4
0.6755253155658504,0.07583925367529278,0.9256338632106583,0.13091310467590717,-133260.73056311373,-0.8903761828362374,0.15896011833306226,4
0.6011150117432088,0.1416145155592091,0.020584494295802447,0.48495492608099716,-310843.73584125936,-0.7171877578690822,0.17601718084045828,4
0.5467102793432796,0.03697089110510541,0.9695846277645586,0.3875664116805573,-279136.8804816695,-0.7801261520865035,0.16241820740113275,4
0.8872127425763265,0.09444298503238986,0.1195942459383017,0.3566223936114975,-304628.2994860238,-0.7684103498746563,0.1674451584948482,4
0.3046137691733707,0.019534422801276777,0.6842330265121569,0.22007624686980065,-231003.2056783554,-0.8322559661551998,0.15686335757989386,4
0.6118528947223795,0.027898772130408367,0.29214464853521815,0.18318092164684585,-217912.1510013664,-0.8446850389617561,0.16168046469204075,4
0.21188949040221072,0.08310492702881901,0.8210973353088521,0.38460559295029123,-237772.14424103443,-0.8120100793618156,0.16068460622449135,4
0.1448948720912231,0.09789055205551261,0.9856504541106007,0.1210276357557502,-114079.46766091308,-0.8513009301836855,0.15559819000867495,4
0.03421173852918122,0.05304289850315961,0.7552936239724612,0.12448513152746685,-81644.25684010693,-0.8711889069301145,0.15707058605697113,4
0.3109823217156622,0.06503666440534941,0.7317934066695421,0.31877873567760656,-189869.35878973675,-0.7890429925547062,0.15540928385854938,4
0.33283131765022766,0.10495128632644757,0.4388594357562322,0.14561457009902096,-113041.69148178486,-0.8693975997731668,0.15534903106805664,4
0.9624472949421112,0.05035645916507284,0.49724850589238545,0.15043915490838483,-262436.8300682427,-0.8189066662306436,0.17176962629830198,4
0.1198653673336828,0.06752303428072559,0.9429097039125192,0.16160146601037761,-62770.67790419384,-0.7827192398919767,0.15870315722605213,4
0.24293868750403425,0.1615421042355334,0.31810193677426735,0.09205409168976547,-168745.35164213373,-0.9034789886244198,0.16337568433936978,4
0.3109823217156622,0.06503666440534941,0.7296061783380641,0.31877873567760656,-175011.64158918502,-0.6784816793401657,0.15796381222021172,4
0.06505159298527952,0.18977710745066667,0.9656320330745594,0.40419867405823057,-276758.43381209805,-0.6826730746687902,0.16529765156968704,4
0.9624472949421112,0.05035645916507284,0.500282817585593,0.09305905892194226,-77129.089035641,-0.8880968090993572,0.16030053409785983,4
0.6721355474058786,0.15232392306574352,0.23763754399239967,0.3641081743059298,-142980.6459397228,-0.7841057114807025,0.15926682118506305,4
0.3745401188473625,0.19014286128198324,0.7319939418114051,0.2993292420985183,-264185.2556893789,-0.7968811624731055,0.14549370910963585,5
0.388677289689482,0.05426980635477918,0.8287375091519293,0.17837666334679464,-309914.007504504,-0.914319576920441,0.15565479824767647,5
0.7712703466859457,0.014808930346818072,0.3584657285442726,0.05793452976256486,-311939.96416662534,-0.9466086718214431,0.1674796339310621,5
0.8631034258755935,0.12465962536551159,0.3308980248526492,0.03177917514301182,-194519.07048632833,-0.9486932476906095,0.17016098249526126,5
0.22879816549162246,0.0153959819657586,0.289751452913768,0.08061064362700221,-169688.27716160865,-0.9573114128551031,0.15743520561240096,5
0.22793516254194168,0.08542155772525127,0.8180147659224931,0.4303652916281717,-364571.5315149774,-0.7170624578582623,0.15293052512220554,5
0.0902897700544083,0.1670604991178476,0.32078006497173583,0.09325925519992712,-487122.49853110575,-0.9185202804192606,0.15872176038049832,5
0.040775141554763916,0.11817858863764837,0.6775643618422824,0.008293914463928076,-164928.25574532276,-0.9761572856928025,0.14977954485727155,5
0.0902897700544083,0.1670604991178476,0.31774575327868065,0.15063935118646354,-354838.35791837843,-0.8726206025211288,0.15465348001265064,5
0.3745401188473625,0.19014286128198324,0.7319939418114051,0.11537305722035998,-199279.23074886217,-0.8970268446837455,0.14943060343493844,5
0.388677289689482,0.05878318862465531,0.8287375091519293,0.17837666334679464,-107160.7907079893,-0.8279225274200805,0.1446633816251276,5
0.27963706866773386,0.01482219968643611,0.289751452913768,0.12168415765819862,-267357.1726415006,-0.8939692138659349,0.15294320883086568,5
0.39619714601074296,0.060298300968691695,0.8287375091519293,0.20451784772188492,-133936.52089538457,-0.7810686629827309,0.13251226458610885,5
0.5760886109572688,0.009290082543999545,0.6075448519014384,0.08526206184364576,-388596.7154911286,-0.9258016915179744,0.15576143457690558,5
0.5227328293819941,0.08550820367170993,0.02541912674409519,0.038422953466752785,-279820.3924234293,-0.9596192314743494,0.17071181193574006,5
0.9300086359095301,0.045281278918369965,0.3161649511567944,0.0930757898628739,-257702.7148672842,-0.8968445889144084,0.1557602537378469,5
0.5296505783560065,0.04837045818009034,0.09310276780589921,0.4486078789766634,-436220.4636319965,-0.5938195935746574,0.16451983894873243,5
0.24293868750403425,0.019590684680857753,0.30027913249679256,0.09205409168976547,-409525.7417706526,-0.8877266336259294,0.16265564415381492,5
0.6721355474058786,0.14790798748646034,0.23763754399239967,0.33135474129035125,-464901.4979193288,-0.7285241704909836,0.17128822510590688,5
0.07455064367977082,0.19737738732010346,0.7722447692966574,0.0993578407670862,-83825.72486056504,-0.9142280938372687,0.1515352928795271,5
0.3046137691733707,0.017496851364725043,0.6842330265121569,0.17486001685781805,-162340.92112048384,-0.9271508419951061,0.15797103765845047,5
0.2731693055421476,0.17368009215792649,0.5022198032032558,0.09203736074883384,-76555.85990184988,-0.9254627915981621,0.15424053730701745,5
0.24293868750403425,0.018075628680822454,0.30027913249679256,0.09205409168976547,-16490.69910554815,-0.945544595332179,0.16354798711320637,5
0.22752615446502014,0.018082438776574637,0.289751452913768,0.12168415765819862,-268050.6624213551,-0.8725928634079408,0.15488072451588855,5
0.006952130531190703,0.10214946051551316,0.417411003148779,0.11105390523536512,-200774.1240405821,-0.873518883599916,0.15351050923481005,5
0.3410663510502585,0.022694704248117814,0.9246936182785628,0.4386696766904905,-124106.54599359226,-0.7141068702424973,0.15142996924872293,5
0.05147875124998935,0.05572929284732229,0.9082658859666537,0.11978094533348621,-183087.70051739554,-0.9008358366136032,0.15837935751163895,5
0.5924145688620425,0.009290082543999545,0.6075448519014384,0.08526206184364576,-283027.2233840444,-0.9134026608361681,0.1592517940439428,5
0.8074401551640625,0.17921825998469865,0.3180034749718639,0.05502596226383838,-346141.993294342,-0.9154131029285949,0.16128298900211963,5
0.8814662746016395,0.04417816278188065,0.1190521270708305,0.44933900791830356,-333443.60302372597,-0.8114306259221298,0.16058265338619718,5
0.3745401188473625,0.19014286128198324,0.7319939418114051,0.11036751574773243,-358133.46070711006,-0.8929489384176583,0.16707820764076323,5
0.5227328293819941,0.08550820367170993,0.02541912674409519,0.053945713496652226,-196007.87565257677,-0.9524009638306002,0.17616838168722737,5
0.33283131765022766,0.10495128632644757,0.4388594357562322,0.14561457009902096,-113041.69148178486,-0.8693975997731668,0.15534903106805664,5
0.03421173852918122,0.05304289850315961,0.7552936239724612,0.12448513152746685,-81644.25684010693,-0.8711889069301145,0.15707058605697113,5
0.3042422429595377,0.10495128632644757,0.43194501864211576,0.14561457009902096,-93630.1554640036,-0.9167364674142235,0.1677178923568449,5
0.6011150117432088,0.1416145155592091,0.020584494295802447,0.48495492608099716,-310843.73584125936,-0.7171877578690822,0.17601718084045828,5
0.9296976523425731,0.1616240759128834,0.6334037565104235,0.43573029509385885,-346059.69505301147,-0.713807241836678,0.1621854910947054,5
0.2587799816000169,0.1325044568707964,0.31171107608941095,0.2600340105889054,-307891.41384236113,-0.8405933934991215,0.17531841101225656,5
0.3109823217156622,0.06503666440534941,0.7317934066695421,0.31877873567760656,-189869.35878973675,-0.7890429925547062,0.15540928385854938,5
0.21188949040221072,0.08310492702881901,0.8210973353088521,0.38460559295029123,-237772.14424103443,-0.8120100793618156,0.16068460622449135,5
0.6755253155658504,0.07583925367529278,0.9256338632106583,0.13091310467590717,-133260.73056311373,-0.8903761828362374,0.15896011833306226,5
0.8872127425763265,0.09444298503238986,0.1195942459383017,0.3566223936114975,-304628.2994860238,-0.7684103498746563,0.1674451584948482,5
0.690937738102466,0.07734706926010748,0.9367299887367345,0.06876047207299663,-266379.2892286489,-0.9040159662155088,0.16266506408527157,5
0.3046137691733707,0.019534422801276777,0.6842330265121569,0.22007624686980065,-231003.2056783554,-0.8322559661551998,0.15686335757989386,5
0.5231537895105141,0.08550820367170993,0.020704294159250514,0.03804732631575625,-215494.14630856653,-0.9075793595345117,0.16655221712431612,5
0.1448948720912231,0.09789055205551261,0.9856504541106007,0.1210276357557502,-114079.46766091308,-0.8513009301836855,0.15559819000867495,5
0.30286541653659743,0.09667151544837219,0.4246614067102509,0.12270156420760105,-282705.33473607275,-0.8462610782776218,0.16366171390642995,5
0.6638536965122624,0.07577291928436973,0.02541912674409519,0.053945713496652226,-279152.0790664882,-0.877755328690592,0.16525767836389085,5
0.3042422429595377,0.052535294132873,0.42536486687838493,0.14561457009902096,-112346.71627414446,-0.8717540129465965,0.1585775170250361,5
0.5467102793432796,0.03697089110510541,0.9695846277645586,0.3875664116805573,-279136.8804816695,-0.7801261520865035,0.16241820740113275,5
0.3745401188473625,0.19014286128198324,0.7319939418114051,0.2993292420985183,-264185.2556893789,-0.7968811624731055,0.14549370910963585,6
0.388677289689482,0.05426980635477918,0.8287375091519293,0.17837666334679464,-309914.007504504,-0.914319576920441,0.15565479824767647,6
0.7712703466859457,0.014808930346818072,0.3584657285442726,0.05793452976256486,-311939.96416662534,-0.9466086718214431,0.1674796339310621,6
0.8631034258755935,0.12465962536551159,0.3308980248526492,0.03177917514301182,-194519.07048632833,-0.9486932476906095,0.17016098249526126,6
0.22879816549162246,0.0153959819657586,0.289751452913768,0.08061064362700221,-169688.27716160865,-0.9573114128551031,0.15743520561240096,6
0.22793516254194168,0.08542155772525127,0.8180147659224931,0.4303652916281717,-364571.5315149774,-0.7170624578582623,0.15293052512220554,6
0.0902897700544083,0.1670604991178476,0.32078006497173583,0.09325925519992712,-487122.49853110575,-0.9185202804192606,0.15872176038049832,6
0.040775141554763916,0.11817858863764837,0.6775643618422824,0.008293914463928076,-164928.25574532276,-0.9761572856928025,0.14977954485727155,6
0.0902897700544083,0.1670604991178476,0.31774575327868065,0.15063935118646354,-354838.35791837843,-0.8726206025211288,0.15465348001265064,6
0.3745401188473625,0.19014286128198324,0.7319939418114051,0.11537305722035998,-199279.23074886217,-0.8970268446837455,0.14943060343493844,6
0.388677289689482,0.05878318862465531,0.8287375091519293,0.17837666334679464,-107160.7907079893,-0.8279225274200805,0.1446633816251276,6
0.27963706866773386,0.01482219968643611,0.289751452913768,0.12168415765819862,-267357.1726415006,-0.8939692138659349,0.15294320883086568,6
0.39619714601074296,0.060298300968691695,0.8287375091519293,0.20451784772188492,-133936.52089538457,-0.7810686629827309,0.13251226458610885,6
0.5760886109572688,0.009290082543999545,0.6075448519014384,0.08526206184364576,-388596.7154911286,-0.9258016915179744,0.15576143457690558,6
0.5227328293819941,0.08550820367170993,0.02541912674409519,0.038422953466752785,-279820.3924234293,-0.9596192314743494,0.17071181193574006,6
0.36885589968278365,0.19014286128198324,0.7319939418114051,0.21737662876635472,-310000.4921860147,-0.7928812842823748,0.14983275550957886,6
0.9300086359095301,0.045281278918369965,0.3161649511567944,0.0930757898628739,-257702.7148672842,-0.8968445889144084,0.1557602537378469,6
0.5296505783560065,0.04837045818009034,0.09310276780589921,0.4486078789766634,-436220.4636319965,-0.5938195935746574,0.16451983894873243,6
0.24293868750403425,0.019590684680857753,0.30027913249679256,0.09205409168976547,-409525.7417706526,-0.8877266336259294,0.16265564415381492,6
0.6721355474058786,0.14790798748646034,0.23763754399239967,0.33135474129035125,-464901.4979193288,-0.7285241704909836,0.17128822510590688,6
0.07455064367977082,0.19737738732010346,0.7722447692966574,0.0993578407670862,-83825.72486056504,-0.9142280938372687,0.1515352928795271,6
0.3046137691733707,0.017496851364725043,0.6842330265121569,0.17486001685781805,-162340.92112048384,-0.9271508419951061,0.15797103765845047,6
0.2731693055421476,0.17368009215792649,0.5022198032032558,0.09203736074883384,-76555.85990184988,-0.9254627915981621,0.15424053730701745,6
0.24293868750403425,0.018075628680822454,0.30027913249679256,0.09205409168976547,-16490.69910554815,-0.945544595332179,0.16354798711320637,6
0.9320155778023429,0.04201771873924211,0.3161649511567944,0.0930757898628739,-102271.41479735106,-0.9311752709045278,0.16127413831215912,6
0.22752615446502014,0.018082438776574637,0.289751452913768,0.12168415765819862,-268050.6624213551,-0.8725928634079408,0.15488072451588855,6
0.006952130531190703,0.10214946051551316,0.417411003148779,0.11105390523536512,-200774.1240405821,-0.873518883599916,0.15351050923481005,6
0.05147875124998935,0.05572929284732229,0.9082658859666537,0.11978094533348621,-183087.70051739554,-0.9008358366136032,0.15837935751163895,6
0.5924145688620425,0.009290082543999545,0.6075448519014384,0.08526206184364576,-283027.2233840444,-0.9134026608361681,0.1592517940439428,6
0.8074401551640625,0.17921825998469865,0.3180034749718639,0.05502596226383838,-346141.993294342,-0.9154131029285949,0.16128298900211963,6
0.8814662746016395,0.04417816278188065,0.1190521270708305,0.44933900791830356,-333443.60302372597,-0.8114306259221298,0.16058265338619718,6
0.3745401188473625,0.19014286128198324,0.7319939418114051,0.11036751574773243,-358133.46070711006,-0.8929489384176583,0.16707820764076323,6
0.6721355474058786,0.14790798748646034,0.2094670130005457,0.33135474129035125,-345522.8696294624,-0.7769073858069181,0.1608255878163278,6
0.3102979883379495,0.019534422801276777,0.6842330265121569,0.2761276936362834,-344401.77599627816,-0.7438574552525363,0.15948233809020526,6
0.5227328293819941,0.08550820367170993,0.02541912674409519,0.053945713496652226,-196007.87565257677,-0.9524009638306002,0.17616838168722737,6
0.3410663510502585,0.022694704248117814,0.9246936182785628,0.4386696766904905,-124106.54599359226,-0.7141068702424973,0.15142996924872293,6
0.6339394596771784,0.009290082543999545,0.6306065339717235,0.06673650171766665,-103698.15515531076,-0.9181246411508676,0.1582405609047324,6
0.9296976523425731,0.1616240759128834,0.6334037565104235,0.43573029509385885,-346059.69505301147,-0.713807241836678,0.1621854910947054,6
0.17199419573777155,0.08201250191399388,0.8037204923313369,0.40204055012561135,-191445.71597641427,-0.7191308392809955,0.1543615270177435,6
0.6011150117432088,0.1416145155592091,0.020584494295802447,0.48495492608099716,-310843.73584125936,-0.7171877578690822,0.17601718084045828,6
0.03421173852918122,0.05304289850315961,0.7552936239724612,0.12448513152746685,-81644.25684010693,-0.8711889069301145,0.15707058605697113,6
0.8872127425763265,0.09444298503238986,0.1195942459383017,0.3566223936114975,-304628.2994860238,-0.7684103498746563,0.1674451584948482,6
0.2587799816000169,0.1325044568707964,0.31171107608941095,0.2600340105889054,-307891.41384236113,-0.8405933934991215,0.17531841101225656,6
0.21188949040221072,0.08310492702881901,0.8210973353088521,0.38460559295029123,-237772.14424103443,-0.8120100793618156,0.16068460622449135,6
0.388677289689482,0.05878318862465531,0.8287375091519293,0.18883125400900297,-144354.3124319221,-0.862690055087873,0.16056277200325747,6
0.3109823217156622,0.06503666440534941,0.7317934066695421,0.31877873567760656,-189869.35878973675,-0.7890429925547062,0.15540928385854938,6
0.6755253155658504,0.07583925367529278,0.9256338632106583,0.13091310467590717,-133260.73056311373,-0.8903761828362374,0.15896011833306226,6
0.5231537895105141,0.08550820367170993,0.020704294159250514,0.03804732631575625,-215494.14630856653,-0.9075793595345117,0.16655221712431612,6
0.690937738102466,0.07734706926010748,0.9367299887367345,0.06876047207299663,-266379.2892286489,-0.9040159662155088,0.16266506408527157,6
0.3046137691733707,0.019534422801276777,0.6842330265121569,0.22007624686980065,-231003.2056783554,-0.8322559661551998,0.15686335757989386,6
0.3745401188473625,0.19014286128198324,0.7319939418114051,0.2993292420985183,-264185.2556893789,-0.7968811624731055,0.14549370910963585,7
0.388677289689482,0.05426980635477918,0.8287375091519293,0.17837666334679464,-309914.007504504,-0.914319576920441,0.15565479824767647,7
0.7712703466859457,0.014808930346818072,0.3584657285442726,0.05793452976256486,-311939.96416662534,-0.9466086718214431,0.1674796339310621,7
0.8631034258755935,0.12465962536551159,0.3308980248526492,0.03177917514301182,-194519.07048632833,-0.9486932476906095,0.17016098249526126,7
0.22879816549162246,0.0153959819657586,0.289751452913768,0.08061064362700221,-169688.27716160865,-0.9573114128551031,0.15743520561240096,7
0.22793516254194168,0.08542155772525127,0.8180147659224931,0.4303652916281717,-364571.5315149774,-0.7170624578582623,0.15293052512220554,7
0.0902897700544083,0.1670604991178476,0.32078006497173583,0.09325925519992712,-487122.49853110575,-0.9185202804192606,0.15872176038049832,7
0.040775141554763916,0.11817858863764837,0.6775643618422824,0.008293914463928076,-164928.25574532276,-0.9761572856928025,0.14977954485727155,7
0.0902897700544083,0.1670604991178476,0.31774575327868065,0.15063935118646354,-354838.35791837843,-0.8726206025211288,0.15465348001265064,7
0.3745401188473625,0.19014286128198324,0.7319939418114051,0.11537305722035998,-199279.23074886217,-0.8970268446837455,0.14943060343493844,7
0.388677289689482,0.05878318862465531,0.8287375091519293,0.17837666334679464,-107160.7907079893,-0.8279225274200805,0.1446633816251276,7
0.27963706866773386,0.01482219968643611,0.289751452913768,0.12168415765819862,-267357.1726415006,-0.8939692138659349,0.15294320883086568,7
0.39619714601074296,0.060298300968691695,0.8287375091519293,0.20451784772188492,-133936.52089538457,-0.7810686629827309,0.13251226458610885,7
0.5760886109572688,0.009290082543999545,0.6075448519014384,0.08526206184364576,-388596.7154911286,-0.9258016915179744,0.15576143457690558,7
0.5227328293819941,0.08550820367170993,0.02541912674409519,0.038422953466752785,-279820.3924234293,-0.9596192314743494,0.17071181193574006,7
0.36885589968278365,0.19014286128198324,0.7319939418114051,0.21737662876635472,-310000.4921860147,-0.7928812842823748,0.14983275550957886,7
0.4436110574566141,0.08550820367170993,0.02541912674409519,0.038422953466752785,-183629.95875305324,-0.9599449674888305,0.16775508204199566,7
0.9296976523425731,0.1616240759128834,0.8224429929463714,0.4362271290987152,-326897.4165234652,-0.6540283085772836,0.1520320018766634,7
0.9300086359095301,0.045281278918369965,0.3161649511567944,0.0930757898628739,-257702.7148672842,-0.8968445889144084,0.1557602537378469,7
0.5296505783560065,0.04837045818009034,0.09310276780589921,0.4486078789766634,-436220.4636319965,-0.5938195935746574,0.16451983894873243,7
0.24293868750403425,0.019590684680857753,0.30027913249679256,0.09205409168976547,-409525.7417706526,-0.8877266336259294,0.16265564415381492,7
0.6721355474058786,0.14790798748646034,0.23763754399239967,0.33135474129035125,-464901.4979193288,-0.7285241704909836,0.17128822510590688,7
0.07455064367977082,0.19737738732010346,0.7722447692966574,0.0993578407670862,-83825.72486056504,-0.9142280938372687,0.1515352928795271,7
0.3046137691733707,0.017496851364725043,0.6842330265121569,0.17486001685781805,-162340.92112048384,-0.9271508419951061,0.15797103765845047,7
0.2731693055421476,0.17368009215792649,0.5022198032032558,0.09203736074883384,-76555.85990184988,-0.9254627915981621,0.15424053730701745,7
0.24293868750403425,0.018075628680822454,0.30027913249679256,0.09205409168976547,-16490.69910554815,-0.945544595332179,0.16354798711320637,7
0.9320155778023429,0.04201771873924211,0.3161649511567944,0.0930757898628739,-102271.41479735106,-0.9311752709045278,0.16127413831215912,7
0.22752615446502014,0.018082438776574637,0.289751452913768,0.12168415765819862,-268050.6624213551,-0.8725928634079408,0.15488072451588855,7
0.006952130531190703,0.10214946051551316,0.417411003148779,0.11105390523536512,-200774.1240405821,-0.873518883599916,0.15351050923481005,7
0.05147875124998935,0.05572929284732229,0.9082658859666537,0.11978094533348621,-183087.70051739554,-0.9008358366136032,0.15837935751163895,7
0.5924145688620425,0.009290082543999545,0.6075448519014384,0.08526206184364576,-283027.2233840444,-0.9134026608361681,0.1592517940439428,7
0.8074401551640625,0.17921825998469865,0.3180034749718639,0.05502596226383838,-346141.993294342,-0.9154131029285949,0.16128298900211963,7
0.8814662746016395,0.04417816278188065,0.1190521270708305,0.44933900791830356,-333443.60302372597,-0.8114306259221298,0.16058265338619718,7
0.3745401188473625,0.19014286128198324,0.7319939418114051,0.11036751574773243,-358133.46070711006,-0.8929489384176583,0.16707820764076323,7
0.6721355474058786,0.14790798748646034,0.2094670130005457,0.33135474129035125,-345522.8696294624,-0.7769073858069181,0.1608255878163278,7
0.3102979883379495,0.019534422801276777,0.6842330265121569,0.2761276936362834,-344401.77599627816,-0.7438574552525363,0.15948233809020526,7
0.5227328293819941,0.08550820367170993,0.02541912674409519,0.053945713496652226,-196007.87565257677,-0.9524009638306002,0.17616838168722737,7
0.3410663510502585,0.022694704248117814,0.9246936182785628,0.4386696766904905,-124106.54599359226,-0.7141068702424973,0.15142996924872293,7
0.6721355474058786,0.14790798748646034,0.2094670130005457,0.10538510562197449,-67334.01108829706,-0.92815870197379,0.17506059578512378,7
0.17199419573777155,0.08201250191399388,0.8037204923313369,0.40204055012561135,-191445.71597641427,-0.7191308392809955,0.1543615270177435,7
0.9296976523425731,0.1616240759128834,0.6334037565104235,0.43573029509385885,-346059.69505301147,-0.713807241836678,0.1621854910947054,7
0.8872127425763265,0.09444298503238986,0.1195942459383017,0.3566223936114975,-304628.2994860238,-0.7684103498746563,0.1674451584948482,7
0.22984029712339504,0.0153959819657586,0.289751452913768,0.08061064362700221,-331183.7345817906,-0.91265056329318,0.1680374568922177,7
0.690937738102466,0.07734706926010748,0.9367299887367345,0.06876047207299663,-266379.2892286489,-0.9040159662155088,0.16266506408527157,7
0.3109823217156622,0.06503666440534941,0.7317934066695421,0.31877873567760656,-189869.35878973675,-0.7890429925547062,0.15540928385854938,7
0.5231537895105141,0.08550820367170993,0.020704294159250514,0.03804732631575625,-215494.14630856653,-0.9075793595345117,0.16655221712431612,7
0.6755253155658504,0.07583925367529278,0.9256338632106583,0.13091310467590717,-133260.73056311373,-0.8903761828362374,0.15896011833306226,7
0.6339394596771784,0.009290082543999545,0.6306065339717235,0.06673650171766665,-103698.15515531076,-0.9181246411508676,0.1582405609047324,7
0.388677289689482,0.05878318862465531,0.8287375091519293,0.18883125400900297,-144354.3124319221,-0.862690055087873,0.16056277200325747,7
0.37484372365023216,0.06033087967905533,0.9464284821410098,0.27984300472557955,-154963.53557306677,-0.8132635812107347,0.1567318819479543,7
0.3745401188473625,0.19014286128198324,0.7319939418114051,0.2993292420985183,-264185.2556893789,-0.7968811624731055,0.14549370910963585,8
0.388677289689482,0.05426980635477918,0.8287375091519293,0.17837666334679464,-309914.007504504,-0.914319576920441,0.15565479824767647,8
0.22879816549162246,0.0153959819657586,0.289751452913768,0.08061064362700221,-169688.27716160865,-0.9573114128551031,0.15743520561240096,8
0.22793516254194168,0.08542155772525127,0.8180147659224931,0.4303652916281717,-364571.5315149774,-0.7170624578582623,0.15293052512220554,8
0.0902897700544083,0.1670604991178476,0.32078006497173583,0.09325925519992712,-487122.49853110575,-0.9185202804192606,0.15872176038049832,8
0.040775141554763916,0.11817858863764837,0.6775643618422824,0.008293914463928076,-164928.25574532276,-0.9761572856928025,0.14977954485727155,8
0.3745401188473625,0.19014286128198324,0.7319939418114051,0.11537305722035998,-199279.23074886217,-0.8970268446837455,0.14943060343493844,8
0.388677289689482,0.05878318862465531,0.8287375091519293,0.17837666334679464,-107160.7907079893,-0.8279225274200805,0.1446633816251276,8
0.27963706866773386,0.01482219968643611,0.289751452913768,0.12168415765819862,-267357.1726415006,-0.8939692138659349,0.15294320883086568,8
0.39619714601074296,0.060298300968691695,0.8287375091519293,0.20451784772188492,-133936.52089538457,-0.7810686629827309,0.13251226458610885,8
0.5760886109572688,0.009290082543999545,0.6075448519014384,0.08526206184364576,-388596.7154911286,-0.9258016915179744,0.15576143457690558,8
0.36885589968278365,0.19014286128198324,0.7319939418114051,0.21737662876635472,-310000.4921860147,-0.7928812842823748,0.14983275550957886,8
0.3599437129891291,0.030964845082872394,0.9550656520517004,0.41057563849444834,-336287.54569928197,-0.751970236407944,0.15152228682984645,8
0.1284348779956922,0.11817858863764837,0.6421795382020423,0.008293914463928076,-381100.067347893,-0.9806747163828883,0.1651975455995402,8
0.38997297382446805,0.05954846638817293,0.8037204923313369,0.1844669457796674,-311317.95243188326,-0.8198676658177914,0.15261699295931677,8
0.3745401188473625,0.19014286128198324,0.7494290681449964,0.15442374159654904,-371897.0350617105,-0.8962125714269634,0.15346229896710406,8
0.3745401188473625,0.17050947748496267,0.7319939418114051,0.14344352167657085,-204394.80504321036,-0.8818957748733892,0.15157920861847715,8
0.9300086359095301,0.045281278918369965,0.3161649511567944,0.0930757898628739,-257702.7148672842,-0.8968445889144084,0.1557602537378469,8
0.24293868750403425,0.019590684680857753,0.30027913249679256,0.09205409168976547,-409525.7417706526,-0.8877266336259294,0.16265564415381492,8
0.6721355474058786,0.14790798748646034,0.23763754399239967,0.33135474129035125,-464901.4979193288,-0.7285241704909836,0.17128822510590688,8
0.9923969257308627,0.04417816278188065,0.20660647797422166,0.44933900791830356,-463423.19409965974,-0.8342346502700132,0.16140673590735866,8
0.07455064367977082,0.19737738732010346,0.7722447692966574,0.0993578407670862,-83825.72486056504,-0.9142280938372687,0.1515352928795271,8
0.3046137691733707,0.017496851364725043,0.6842330265121569,0.17486001685781805,-162340.92112048384,-0.9271508419951061,0.15797103765845047,8
0.2731693055421476,0.17368009215792649,0.5022198032032558,0.09203736074883384,-76555.85990184988,-0.9254627915981621,0.15424053730701745,8
0.24293868750403425,0.018075628680822454,0.30027913249679256,0.09205409168976547,-16490.69910554815,-0.945544595332179,0.16354798711320637,8
0.9320155778023429,0.04201771873924211,0.3161649511567944,0.0930757898628739,-102271.41479735106,-0.9311752709045278,0.16127413831215912,8
0.05147875124998935,0.05572929284732229,0.9082658859666537,0.11978094533348621,-183087.70051739554,-0.9008358366136032,0.15837935751163895,8
0.5924145688620425,0.009290082543999545,0.6075448519014384,0.08526206184364576,-283027.2233840444,-0.9134026608361681,0.1592517940439428,8
0.8074401551640625,0.17921825998469865,0.3180034749718639,0.05502596226383838,-346141.993294342,-0.9154131029285949,0.16128298900211963,8
0.3410663510502585,0.022694704248117814,0.9246936182785628,0.4386696766904905,-124106.54599359226,-0.7141068702424973,0.15142996924872293,8
0.16991808600097139,0.08201250191399388,0.8037204923313369,0.35727437070862217,-198086.9060125551,-0.6537712457391748,0.1503927192852396,8
0.9296976523425731,0.1616240759128834,0.8224429929463714,0.4362271290987152,-326897.4165234652,-0.6540283085772836,0.1520320018766634,8
0.7712703466859457,0.014808930346818072,0.3584657285442726,0.05793452976256486,-311939.96416662534,-0.9466086718214431,0.1674796339310621,8
0.8631034258755935,0.12465962536551159,0.3308980248526492,0.03177917514301182,-194519.07048632833,-0.9486932476906095,0.17016098249526126,8
0.5227328293819941,0.08550820367170993,0.02541912674409519,0.038422953466752785,-279820.3924234293,-0.9596192314743494,0.17071181193574006,8
0.4436110574566141,0.08550820367170993,0.02541912674409519,0.038422953466752785,-183629.95875305324,-0.9599449674888305,0.16775508204199566,8
0.0902897700544083,0.1670604991178476,0.31774575327868065,0.15063935118646354,-354838.35791837843,-0.8726206025211288,0.15465348001265064,8
0.3745401188473625,0.19014286128198324,0.7319939418114051,0.11036751574773243,-358133.46070711006,-0.8929489384176583,0.16707820764076323,8
0.006952130531190703,0.10214946051551316,0.417411003148779,0.11105390523536512,-200774.1240405821,-0.873518883599916,0.15351050923481005,8
0.17199419573777155,0.08201250191399388,0.8037204923313369,0.40204055012561135,-191445.71597641427,-0.7191308392809955,0.1543615270177435,8
0.5227328293819941,0.08550820367170993,0.02541912674409519,0.053945713496652226,-196007.87565257677,-0.9524009638306002,0.17616838168722737,8
0.5296505783560065,0.04837045818009034,0.09310276780589921,0.4486078789766634,-436220.4636319965,-0.5938195935746574,0.16451983894873243,8
0.6721355474058786,0.14790798748646034,0.2094670130005457,0.10538510562197449,-67334.01108829706,-0.92815870197379,0.17506059578512378,8
0.9296976523425731,0.1616240759128834,0.6334037565104235,0.43573029509385885,-346059.69505301147,-0.713807241836678,0.1621854910947054,8
0.22984029712339504,0.0153959819657586,0.289751452913768,0.08061064362700221,-331183.7345817906,-0.91265056329318,0.1680374568922177,8
0.22752615446502014,0.018082438776574637,0.289751452913768,0.12168415765819862,-268050.6624213551,-0.8725928634079408,0.15488072451588855,8
0.6339394596771784,0.009290082543999545,0.6306065339717235,0.06673650171766665,-103698.15515531076,-0.9181246411508676,0.1582405609047324,8
0.6755253155658504,0.07583925367529278,0.9256338632106583,0.13091310467590717,-133260.73056311373,-0.8903761828362374,0.15896011833306226,8
0.5231537895105141,0.08550820367170993,0.020704294159250514,0.03804732631575625,-215494.14630856653,-0.9075793595345117,0.16655221712431612,8
0.8814662746016395,0.04417816278188065,0.1190521270708305,0.44933900791830356,-333443.60302372597,-0.8114306259221298,0.16058265338619718,8
0.3745401188473625,0.19014286128198324,0.7319939418114051,0.2993292420985183,-264185.2556893789,-0.7968811624731055,0.14549370910963585,9
0.388677289689482,0.05426980635477918,0.8287375091519293,0.17837666334679464,-309914.007504504,-0.914319576920441,0.15565479824767647,9
0.22879816549162246,0.0153959819657586,0.289751452913768,0.08061064362700221,-169688.27716160865,-0.9573114128551031,0.15743520561240096,9
0.0902897700544083,0.1670604991178476,0.32078006497173583,0.09325925519992712,-487122.49853110575,-0.9185202804192606,0.15872176038049832,9
0.040775141554763916,0.11817858863764837,0.6775643618422824,0.008293914463928076,-164928.25574532276,-0.9761572856928025,0.14977954485727155,9
0.3745401188473625,0.19014286128198324,0.7319939418114051,0.11537305722035998,-199279.23074886217,-0.8970268446837455,0.14943060343493844,9
0.388677289689482,0.05878318862465531,0.8287375091519293,0.17837666334679464,-107160.7907079893,-0.8279225274200805,0.1446633816251276,9
0.27963706866773386,0.01482219968643611,0.289751452913768,0.12168415765819862,-267357.1726415006,-0.8939692138659349,0.15294320883086568,9
0.39619714601074296,0.060298300968691695,0.8287375091519293,0.20451784772188492,-133936.52089538457,-0.7810686629827309,0.13251226458610885,9
0.5760886109572688,0.009290082543999545,0.6075448519014384,0.08526206184364576,-388596.7154911286,-0.9258016915179744,0.15576143457690558,9
0.1284348779956922,0.11817858863764837,0.6421795382020423,0.008293914463928076,-381100.067347893,-0.9806747163828883,0.1651975455995402,9
0.3745401188473625,0.19014286128198324,0.7494290681449964,0.15442374159654904,-371897.0350617105,-0.8962125714269634,0.15346229896710406,9
0.3745401188473625,0.17050947748496267,0.7319939418114051,0.14344352167657085,-204394.80504321036,-0.8818957748733892,0.15157920861847715,9
0.6659919510190668,0.19014286128198324,0.1900906799886637,0.2993292420985183,-389395.6887637836,-0.867531182586613,0.14916863612594095,9
0.38068371520605593,0.14790798748646034,0.7513734558269027,0.10538510562197449,-168099.82285637475,-0.906144783050419,0.1516782436764258,9
0.08599967469898467,0.009290082543999545,0.6043413280978748,0.06673650171766665,-264465.4055877502,-0.9445468745687174,0.15656432468943873,9
0.9300086359095301,0.045281278918369965,0.3161649511567944,0.0930757898628739,-257702.7148672842,-0.8968445889144084,0.1557602537378469,9
0.24293868750403425,0.019590684680857753,0.30027913249679256,0.09205409168976547,-409525.7417706526,-0.8877266336259294,0.16265564415381492,9
0.6721355474058786,0.14790798748646034,0.23763754399239967,0.33135474129035125,-464901.4979193288,-0.7285241704909836,0.17128822510590688,9
0.9923969257308627,0.04417816278188065,0.20660647797422166,0.44933900791830356,-463423.19409965974,-0.8342346502700132,0.16140673590735866,9
0.07455064367977082,0.19737738732010346,0.7722447692966574,0.0993578407670862,-83825.72486056504,-0.9142280938372687,0.1515352928795271,9
0.2731693055421476,0.17368009215792649,0.5022198032032558,0.09203736074883384,-76555.85990184988,-0.9254627915981621,0.15424053730701745,9
0.24293868750403425,0.018075628680822454,0.30027913249679256,0.09205409168976547,-16490.69910554815,-0.945544595332179,0.16354798711320637,9
0.5924145688620425,0.009290082543999545,0.6075448519014384,0.08526206184364576,-283027.2233840444,-0.9134026608361681,0.1592517940439428,9
0.8074401551640625,0.17921825998469865,0.3180034749718639,0.05502596226383838,-346141.993294342,-0.9154131029285949,0.16128298900211963,9
0.7712703466859457,0.014808930346818072,0.3584657285442726,0.05793452976256486,-311939.96416662534,-0.9466086718214431,0.1674796339310621,9
0.5227328293819941,0.08550820367170993,0.02541912674409519,0.038422953466752785,-279820.3924234293,-0.9596192314743494,0.17071181193574006,9
0.4436110574566141,0.08550820367170993,0.02541912674409519,0.038422953466752785,-183629.95875305324,-0.9599449674888305,0.16775508204199566,9
0.1284348779956922,0.11942612271893151,0.2716836400369689,0.007638044574442372,-217945.68850423698,-0.9793899164189451,0.1682342441542637,9
0.0902897700544083,0.1670604991178476,0.31774575327868065,0.15063935118646354,-354838.35791837843,-0.8726206025211288,0.15465348001265064,9
0.3745401188473625,0.19014286128198324,0.7319939418114051,0.11036751574773243,-358133.46070711006,-0.8929489384176583,0.16707820764076323,9
0.006952130531190703,0.10214946051551316,0.417411003148779,0.11105390523536512,-200774.1240405821,-0.873518883599916,0.15351050923481005,9
0.22793516254194168,0.08542155772525127,0.8180147659224931,0.4303652916281717,-364571.5315149774,-0.7170624578582623,0.15293052512220554,9
0.36885589968278365,0.19014286128198324,0.7319939418114051,0.21737662876635472,-310000.4921860147,-0.7928812842823748,0.14983275550957886,9
0.3599437129891291,0.030964845082872394,0.9550656520517004,0.41057563849444834,-336287.54569928197,-0.751970236407944,0.15152228682984645,9
0.38997297382446805,0.05954846638817293,0.8037204923313369,0.1844669457796674,-311317.95243188326,-0.8198676658177914,0.15261699295931677,9
0.3046137691733707,0.017496851364725043,0.6842330265121569,0.17486001685781805,-162340.92112048384,-0.9271508419951061,0.15797103765845047,9
0.9320155778023429,0.04201771873924211,0.3161649511567944,0.0930757898628739,-102271.41479735106,-0.9311752709045278,0.16127413831215912,9
0.05147875124998935,0.05572929284732229,0.9082658859666537,0.11978094533348621,-183087.70051739554,-0.9008358366136032,0.15837935751163895,9
0.16991808600097139,0.08201250191399388,0.8037204923313369,0.35727437070862217,-198086.9060125551,-0.6537712457391748,0.1503927192852396,9
0.5227328293819941,0.08550820367170993,0.02541912674409519,0.053945713496652226,-196007.87565257677,-0.9524009638306002,0.17616838168722737,9
0.5296505783560065,0.04837045818009034,0.09310276780589921,0.4486078789766634,-436220.4636319965,-0.5938195935746574,0.16451983894873243,9
0.6339394596771784,0.009290082543999545,0.6306065339717235,0.06673650171766665,-103698.15515531076,-0.9181246411508676,0.1582405609047324,9
0.22752615446502014,0.018082438776574637,0.289751452913768,0.12168415765819862,-268050.6624213551,-0.8725928634079408,0.15488072451588855,9
0.9296976523425731,0.1616240759128834,0.6334037565104235,0.43573029509385885,-346059.69505301147,-0.713807241836678,0.1621854910947054,9
0.8814662746016395,0.04417816278188065,0.1190521270708305,0.44933900791830356,-333443.60302372597,-0.8114306259221298,0.16058265338619718,9
0.9296976523425731,0.1616240759128834,0.8224429929463714,0.4362271290987152,-326897.4165234652,-0.6540283085772836,0.1520320018766634,9
0.17199419573777155,0.08201250191399388,0.8037204923313369,0.40204055012561135,-191445.71597641427,-0.7191308392809955,0.1543615270177435,9
0.8631034258755935,0.12465962536551159,0.3308980248526492,0.03177917514301182,-194519.07048632833,-0.9486932476906095,0.17016098249526126,9
0.5231537895105141,0.08550820367170993,0.020704294159250514,0.03804732631575625,-215494.14630856653,-0.9075793595345117,0.16655221712431612,9
0.3745401188473625,0.19014286128198324,0.7319939418114051,0.2993292420985183,-264185.2556893789,-0.7968811624731055,0.14549370910963585,10
0.388677289689482,0.05426980635477918,0.8287375091519293,0.17837666334679464,-309914.007504504,-0.914319576920441,0.15565479824767647,10
0.22879816549162246,0.0153959819657586,0.289751452913768,0.08061064362700221,-169688.27716160865,-0.9573114128551031,0.15743520561240096,10
0.0902897700544083,0.1670604991178476,0.32078006497173583,0.09325925519992712,-487122.49853110575,-0.9185202804192606,0.15872176038049832,10
0.040775141554763916,0.11817858863764837,0.6775643618422824,0.008293914463928076,-164928.25574532276,-0.9761572856928025,0.14977954485727155,10
0.3745401188473625,0.19014286128198324,0.7319939418114051,0.11537305722035998,-199279.23074886217,-0.8970268446837455,0.14943060343493844,10
0.388677289689482,0.05878318862465531,0.8287375091519293,0.17837666334679464,-107160.7907079893,-0.8279225274200805,0.1446633816251276,10
0.27963706866773386,0.01482219968643611,0.289751452913768,0.12168415765819862,-267357.1726415006,-0.8939692138659349,0.15294320883086568,10
0.39619714601074296,0.060298300968691695,0.8287375091519293,0.20451784772188492,-133936.52089538457,-0.7810686629827309,0.13251226458610885,10
0.5760886109572688,0.009290082543999545,0.6075448519014384,0.08526206184364576,-388596.7154911286,-0.9258016915179744,0.15576143457690558,10
0.1284348779956922,0.11817858863764837,0.6421795382020423,0.008293914463928076,-381100.067347893,-0.9806747163828883,0.1651975455995402,10
0.3745401188473625,0.19014286128198324,0.7494290681449964,0.15442374159654904,-371897.0350617105,-0.8962125714269634,0.15346229896710406,10
0.3745401188473625,0.17050947748496267,0.7319939418114051,0.14344352167657085,-204394.80504321036,-0.8818957748733892,0.15157920861847715,10
0.6659919510190668,0.19014286128198324,0.1900906799886637,0.2993292420985183,-389395.6887637836,-0.867531182586613,0.14916863612594095,10
0.38068371520605593,0.14790798748646034,0.7513734558269027,0.10538510562197449,-168099.82285637475,-0.906144783050419,0.1516782436764258,10
0.08599967469898467,0.009290082543999545,0.6043413280978748,0.06673650171766665,-264465.4055877502,-0.9445468745687174,0.15656432468943873,10
0.9300086359095301,0.045281278918369965,0.3161649511567944,0.0930757898628739,-257702.7148672842,-0.8968445889144084,0.1557602537378469,10
0.24293868750403425,0.019590684680857753,0.30027913249679256,0.09205409168976547,-409525.7417706526,-0.8877266336259294,0.16265564415381492,10
0.6721355474058786,0.14790798748646034,0.23763754399239967,0.33135474129035125,-464901.4979193288,-0.7285241704909836,0.17128822510590688,10
0.9923969257308627,0.04417816278188065,0.20660647797422166,0.44933900791830356,-463423.19409965974,-0.8342346502700132,0.16140673590735866,10
0.07455064367977082,0.19737738732010346,0.7722447692966574,0.0993578407670862,-83825.72486056504,-0.9142280938372687,0.1515352928795271,10
0.2731693055421476,0.17368009215792649,0.5022198032032558,0.09203736074883384,-76555.85990184988,-0.9254627915981621,0.15424053730701745,10
0.24293868750403425,0.018075628680822454,0.30027913249679256,0.09205409168976547,-16490.69910554815,-0.945544595332179,0.16354798711320637,10
0.388524629630532,0.060298300968691695,0.8287375091519293,0.1789762849062858,-176823.02371075517,-0.8750323707293326,0.150425103801725,10
0.5924145688620425,0.009290082543999545,0.6075448519014384,0.08526206184364576,-283027.2233840444,-0.9134026608361681,0.1592517940439428,10
0.8074401551640625,0.17921825998469865,0.3180034749718639,0.05502596226383838,-346141.993294342,-0.9154131029285949,0.16128298900211963,10
0.7712703466859457,0.014808930346818072,0.3584657285442726,0.05793452976256486,-311939.96416662534,-0.9466086718214431,0.1674796339310621,10
0.5227328293819941,0.08550820367170993,0.02541912674409519,0.038422953466752785,-279820.3924234293,-0.9596192314743494,0.17071181193574006,10
0.4436110574566141,0.08550820367170993,0.02541912674409519,0.038422953466752785,-183629.95875305324,-0.9599449674888305,0.16775508204199566,10
0.1284348779956922,0.11942612271893151,0.2716836400369689,0.007638044574442372,-217945.68850423698,-0.9793899164189451,0.1682342441542637,10
0.24673106872365733,0.019590684680857753,0.013732486719438192,0.09009991718995483,-327450.4800992867,-0.9447144467030714,0.17569280610992102,10
0.5308469838701045,0.10250907052446986,0.0009283959889261062,0.08378138733200066,-353117.2781213322,-0.9548823929763387,0.17969360998224718,10
0.0902897700544083,0.1670604991178476,0.31774575327868065,0.15063935118646354,-354838.35791837843,-0.8726206025211288,0.15465348001265064,10
0.3745401188473625,0.19014286128198324,0.7319939418114051,0.11036751574773243,-358133.46070711006,-0.8929489384176583,0.16707820764076323,10
0.006952130531190703,0.10214946051551316,0.417411003148779,0.11105390523536512,-200774.1240405821,-0.873518883599916,0.15351050923481005,10
0.22793516254194168,0.08542155772525127,0.8180147659224931,0.4303652916281717,-364571.5315149774,-0.7170624578582623,0.15293052512220554,10
0.36885589968278365,0.19014286128198324,0.7319939418114051,0.21737662876635472,-310000.4921860147,-0.7928812842823748,0.14983275550957886,10
0.3599437129891291,0.030964845082872394,0.9550656520517004,0.41057563849444834,-336287.54569928197,-0.751970236407944,0.15152228682984645,10
0.38997297382446805,0.05954846638817293,0.8037204923313369,0.1844669457796674,-311317.95243188326,-0.8198676658177914,0.15261699295931677,10
0.1629748345461845,0.08201250191399388,0.8037204923313369,0.35727437070862217,-864.6666666666666,-0.7780542980674694,0.1496902585912618,10
0.3046137691733707,0.017496851364725043,0.6842330265121569,0.17486001685781805,-162340.92112048384,-0.9271508419951061,0.15797103765845047,10
0.9320155778023429,0.04201771873924211,0.3161649511567944,0.0930757898628739,-102271.41479735106,-0.9311752709045278,0.16127413831215912,10
0.05147875124998935,0.05572929284732229,0.9082658859666537,0.11978094533348621,-183087.70051739554,-0.9008358366136032,0.15837935751163895,10
0.008007963234021642,0.08233199627601968,0.4626453025586522,0.10954568604366782,-105878.71266978818,-0.9313987128632734,0.16256253248252733,10
0.16991808600097139,0.08201250191399388,0.8037204923313369,0.35727437070862217,-198086.9060125551,-0.6537712457391748,0.1503927192852396,10
0.5296505783560065,0.04837045818009034,0.09310276780589921,0.4486078789766634,-436220.4636319965,-0.5938195935746574,0.16451983894873243,10
0.6339394596771784,0.009290082543999545,0.6306065339717235,0.06673650171766665,-103698.15515531076,-0.9181246411508676,0.1582405609047324,10
0.5227328293819941,0.08550820367170993,0.02541912674409519,0.053945713496652226,-196007.87565257677,-0.9524009638306002,0.17616838168722737,10
0.17199419573777155,0.08201250191399388,0.8037204923313369,0.40204055012561135,-191445.71597641427,-0.7191308392809955,0.1543615270177435,10
0.9296976523425731,0.1616240759128834,0.6334037565104235,0.43573029509385885,-346059.69505301147,-0.713807241836678,0.1621854910947054,10
0.3745401188473625,0.19014286128198324,0.7319939418114051,0.2993292420985183,-264185.2556893789,-0.7968811624731055,0.14549370910963585,11
0.388677289689482,0.05426980635477918,0.8287375091519293,0.17837666334679464,-309914.007504504,-0.914319576920441,0.15565479824767647,11
0.22879816549162246,0.0153959819657586,0.289751452913768,0.08061064362700221,-169688.27716160865,-0.9573114128551031,0.15743520561240096,11
0.0902897700544083,0.1670604991178476,0.32078006497173583,0.09325925519992712,-487122.49853110575,-0.9185202804192606,0.15872176038049832,11
0.040775141554763916,0.11817858863764837,0.6775643618422824,0.008293914463928076,-164928.25574532276,-0.9761572856928025,0.14977954485727155,11
0.3745401188473625,0.19014286128198324,0.7319939418114051,0.11537305722035998,-199279.23074886217,-0.8970268446837455,0.14943060343493844,11
0.388677289689482,0.05878318862465531,0.8287375091519293,0.17837666334679464,-107160.7907079893,-0.8279225274200805,0.1446633816251276,11
0.27963706866773386,0.01482219968643611,0.289751452913768,0.12168415765819862,-267357.1726415006,-0.8939692138659349,0.15294320883086568,11
0.39619714601074296,0.060298300968691695,0.8287375091519293,0.20451784772188492,-133936.52089538457,-0.7810686629827309,0.13251226458610885,11
0.5760886109572688,0.009290082543999545,0.6075448519014384,0.08526206184364576,-388596.7154911286,-0.9258016915179744,0.15576143457690558,11
0.1284348779956922,0.11817858863764837,0.6421795382020423,0.008293914463928076,-381100.067347893,-0.9806747163828883,0.1651975455995402,11
0.3745401188473625,0.19014286128198324,0.7494290681449964,0.15442374159654904,-371897.0350617105,-0.8962125714269634,0.15346229896710406,11
0.3745401188473625,0.17050947748496267,0.7319939418114051,0.14344352167657085,-204394.80504321036,-0.8818957748733892,0.15157920861847715,11
0.6659919510190668,0.19014286128198324,0.1900906799886637,0.2993292420985183,-389395.6887637836,-0.867531182586613,0.14916863612594095,11
0.38068371520605593,0.14790798748646034,0.7513734558269027,0.10538510562197449,-168099.82285637475,-0.906144783050419,0.1516782436764258,11
0.08599967469898467,0.009290082543999545,0.6043413280978748,0.06673650171766665,-264465.4055877502,-0.9445468745687174,0.15656432468943873,11
0.22545703263969052,0.014601396161534753,0.6386910457856626,0.004905928484404964,-165628.2511439904,-0.979133487354352,0.15126665877400527,11
0.9300086359095301,0.045281278918369965,0.3161649511567944,0.0930757898628739,-257702.7148672842,-0.8968445889144084,0.1557602537378469,11
0.24293868750403425,0.019590684680857753,0.30027913249679256,0.09205409168976547,-409525.7417706526,-0.8877266336259294,0.16265564415381492,11
0.9923969257308627,0.04417816278188065,0.20660647797422166,0.44933900791830356,-463423.19409965974,-0.8342346502700132,0.16140673590735866,11
0.13177601084982932,0.11538304655247954,0.29323994616803484,0.08436774732650268,-467513.32549273013,-0.8558676584976973,0.1693985760841431,11
0.388524629630532,0.060298300968691695,0.8287375091519293,0.1789762849062858,-176823.02371075517,-0.8750323707293326,0.150425103801725,11
0.5924145688620425,0.009290082543999545,0.6075448519014384,0.08526206184364576,-283027.2233840444,-0.9134026608361681,0.1592517940439428,11
0.8074401551640625,0.17921825998469865,0.3180034749718639,0.05502596226383838,-346141.993294342,-0.9154131029285949,0.16128298900211963,11
0.7712703466859457,0.014808930346818072,0.3584657285442726,0.05793452976256486,-311939.96416662534,-0.9466086718214431,0.1674796339310621,11
0.5227328293819941,0.08550820367170993,0.02541912674409519,0.038422953466752785,-279820.3924234293,-0.9596192314743494,0.17071181193574006,11
0.4436110574566141,0.08550820367170993,0.02541912674409519,0.038422953466752785,-183629.95875305324,-0.9599449674888305,0.16775508204199566,11
0.1284348779956922,0.11942612271893151,0.2716836400369689,0.007638044574442372,-217945.68850423698,-0.9793899164189451,0.1682342441542637,11
0.24673106872365733,0.019590684680857753,0.013732486719438192,0.09009991718995483,-327450.4800992867,-0.9447144467030714,0.17569280610992102,11
0.5308469838701045,0.10250907052446986,0.0009283959889261062,0.08378138733200066,-353117.2781213322,-0.9548823929763387,0.17969360998224718,11
0.5229989645906815,0.08550065481180079,0.025587450086128373,0.0562673067158986,-333589.03883515653,-0.9359685616058689,0.1683793539270336,11
0.0902897700544083,0.1670604991178476,0.31774575327868065,0.15063935118646354,-354838.35791837843,-0.8726206025211288,0.15465348001265064,11
0.3745401188473625,0.19014286128198324,0.7319939418114051,0.11036751574773243,-358133.46070711006,-0.8929489384176583,0.16707820764076323,11
0.006952130531190703,0.10214946051551316,0.417411003148779,0.11105390523536512,-200774.1240405821,-0.873518883599916,0.15351050923481005,11
0.22793516254194168,0.08542155772525127,0.8180147659224931,0.4303652916281717,-364571.5315149774,-0.7170624578582623,0.15293052512220554,11
0.36885589968278365,0.19014286128198324,0.7319939418114051,0.21737662876635472,-310000.4921860147,-0.7928812842823748,0.14983275550957886,11
0.3599437129891291,0.030964845082872394,0.9550656520517004,0.41057563849444834,-336287.54569928197,-0.751970236407944,0.15152228682984645,11
0.38997297382446805,0.05954846638817293,0.8037204923313369,0.1844669457796674,-311317.95243188326,-0.8198676658177914,0.15261699295931677,11
0.1629748345461845,0.08201250191399388,0.8037204923313369,0.35727437070862217,-864.6666666666666,-0.7780542980674694,0.1496902585912618,11
0.38068371520605593,0.14355332556860242,0.7528626960480048,0.2667557846520009,-72565.86232253785,-0.713412407804284,0.1492380707055572,11
0.05147875124998935,0.05572929284732229,0.9082658859666537,0.11978094533348621,-183087.70051739554,-0.9008358366136032,0.15837935751163895,11
0.07455064367977082,0.19737738732010346,0.7722447692966574,0.0993578407670862,-83825.72486056504,-0.9142280938372687,0.1515352928795271,11
0.2731693055421476,0.17368009215792649,0.5022198032032558,0.09203736074883384,-76555.85990184988,-0.9254627915981621,0.15424053730701745,11
0.24293868750403425,0.018075628680822454,0.30027913249679256,0.09205409168976547,-16490.69910554815,-0.945544595332179,0.16354798711320637,11
0.3046137691733707,0.017496851364725043,0.6842330265121569,0.17486001685781805,-162340.92112048384,-0.9271508419951061,0.15797103765845047,11
0.9320155778023429,0.04201771873924211,0.3161649511567944,0.0930757898628739,-102271.41479735106,-0.9311752709045278,0.16127413831215912,11
0.008007963234021642,0.08233199627601968,0.4626453025586522,0.10954568604366782,-105878.71266978818,-0.9313987128632734,0.16256253248252733,11
0.24293868750403425,0.1587744571338364,0.301528834905582,0.07283154050855117,-116340.09762748239,-0.951227379428987,0.16365840068635898,11
0.5296505783560065,0.04837045818009034,0.09310276780589921,0.4486078789766634,-436220.4636319965,-0.5938195935746574,0.16451983894873243,11
0.5481336312702627,0.10251661938437902,0.0009203490082783077,0.08145979411276355,-250937.72826892525,-0.9435928906481909,0.17861993709889956,11
0.3745401188473625,0.19014286128198324,0.7319939418114051,0.2993292420985183,-264185.2556893789,-0.7968811624731055,0.14549370910963585,12
0.388677289689482,0.05426980635477918,0.8287375091519293,0.17837666334679464,-309914.007504504,-0.914319576920441,0.15565479824767647,12
0.22879816549162246,0.0153959819657586,0.289751452913768,0.08061064362700221,-169688.27716160865,-0.9573114128551031,0.15743520561240096,12
0.0902897700544083,0.1670604991178476,0.32078006497173583,0.09325925519992712,-487122.49853110575,-0.9185202804192606,0.15872176038049832,12
0.040775141554763916,0.11817858863764837,0.6775643618422824,0.008293914463928076,-164928.25574532276,-0.9761572856928025,0.14977954485727155,12
0.3745401188473625,0.19014286128198324,0.7319939418114051,0.11537305722035998,-199279.23074886217,-0.8970268446837455,0.14943060343493844,12
0.388677289689482,0.05878318862465531,0.8287375091519293,0.17837666334679464,-107160.7907079893,-0.8279225274200805,0.1446633816251276,12
0.27963706866773386,0.01482219968643611,0.289751452913768,0.12168415765819862,-267357.1726415006,-0.8939692138659349,0.15294320883086568,12
0.39619714601074296,0.060298300968691695,0.8287375091519293,0.20451784772188492,-133936.52089538457,-0.7810686629827309,0.13251226458610885,12
0.5760886109572688,0.009290082543999545,0.6075448519014384,0.08526206184364576,-388596.7154911286,-0.9258016915179744,0.15576143457690558,12
0.1284348779956922,0.11817858863764837,0.6421795382020423,0.008293914463928076,-381100.067347893,-0.9806747163828883,0.1651975455995402,12
0.3745401188473625,0.19014286128198324,0.7494290681449964,0.15442374159654904,-371897.0350617105,-0.8962125714269634,0.15346229896710406,12
0.3745401188473625,0.17050947748496267,0.7319939418114051,0.14344352167657085,-204394.80504321036,-0.8818957748733892,0.15157920861847715,12
0.6659919510190668,0.19014286128198324,0.1900906799886637,0.2993292420985183,-389395.6887637836,-0.867531182586613,0.14916863612594095,12
0.38068371520605593,0.14790798748646034,0.7513734558269027,0.10538510562197449,-168099.82285637475,-0.906144783050419,0.1516782436764258,12
0.08599967469898467,0.009290082543999545,0.6043413280978748,0.06673650171766665,-264465.4055877502,-0.9445468745687174,0.15656432468943873,12
0.22545703263969052,0.014601396161534753,0.6386910457856626,0.004905928484404964,-165628.2511439904,-0.979133487354352,0.15126665877400527,12
0.4151771931257927,0.05426980635477918,0.8287375091519293,0.17837666334679464,-245984.6763284075,-0.8482871489188005,0.1470069890770362,12
0.3745401188473625,0.11435240396465488,0.7319939418114051,0.2907306241353117,-478065.92621219746,-0.7619569722945262,0.15869814654528216,12
0.1414771396138262,0.043061400271821995,0.6401966443770974,4.142920336580591e-05,-153301.68418418252,-0.9921537468787148,0.16063274609981873,12
0.5308469838701045,0.10250907052446986,0.0009283959889261062,0.08378138733200066,-353117.2781213322,-0.9548823929763387,0.17969360998224718,12
0.1629748345461845,0.08201250191399388,0.8037204923313369,0.35727437070862217,-864.6666666666666,-0.7780542980674694,0.1496902585912618,12
0.38068371520605593,0.14355332556860242,0.7528626960480048,0.2667557846520009,-72565.86232253785,-0.713412407804284,0.1492380707055572,12
0.13177601084982932,0.11538304655247954,0.29323994616803484,0.08436774732650268,-467513.32549273013,-0.8558676584976973,0.1693985760841431,12
0.05147875124998935,0.05936785214932698,0.9082658859666537,0.0074679460903095615,-143617.93711470594,-0.9816401048640758,0.16348846517299387,12
0.24673106872365733,0.019590684680857753,0.013732486719438192,0.09009991718995483,-327450.4800992867,-0.9447144467030714,0.17569280610992102,12
0.24293868750403425,0.019590684680857753,0.30027913249679256,0.09205409168976547,-409525.7417706526,-0.8877266336259294,0.16265564415381492,12
0.9923969257308627,0.04417816278188065,0.20660647797422166,0.44933900791830356,-463423.19409965974,-0.8342346502700132,0.16140673590735866,12
0.3599437129891291,0.030964845082872394,0.9550656520517004,0.41057563849444834,-336287.54569928197,-0.751970236407944,0.15152228682984645,12
0.5227328293819941,0.08550820367170993,0.02541912674409519,0.038422953466752785,-279820.3924234293,-0.9596192314743494,0.17071181193574006,12
0.22793516254194168,0.08542155772525127,0.8180147659224931,0.4303652916281717,-364571.5315149774,-0.7170624578582623,0.15293052512220554,12
0.9300086359095301,0.045281278918369965,0.3161649511567944,0.0930757898628739,-257702.7148672842,-0.8968445889144084,0.1557602537378469,12
0.36885589968278365,0.19014286128198324,0.7319939418114051,0.21737662876635472,-310000.4921860147,-0.7928812842823748,0.14983275550957886,12
0.1284348779956922,0.11942612271893151,0.2716836400369689,0.007638044574442372,-217945.68850423698,-0.9793899164189451,0.1682342441542637,12
0.5924145688620425,0.009290082543999545,0.6075448519014384,0.08526206184364576,-283027.2233840444,-0.9134026608361681,0.1592517940439428,12
0.38997297382446805,0.05954846638817293,0.8037204923313369,0.1844669457796674,-311317.95243188326,-0.8198676658177914,0.15261699295931677,12
0.3745401188473625,0.19014286128198324,0.7319939418114051,0.11036751574773243,-358133.46070711006,-0.8929489384176583,0.16707820764076323,12
0.3046137691733707,0.017496851364725043,0.6842330265121569,0.17486001685781805,-162340.92112048384,-0.9271508419951061,0.15797103765845047,12
0.388524629630532,0.060298300968691695,0.8287375091519293,0.1789762849062858,-176823.02371075517,-0.8750323707293326,0.150425103801725,12
0.008007963234021642,0.08233199627601968,0.4626453025586522,0.10954568604366782,-105878.71266978818,-0.9313987128632734,0.16256253248252733,12
0.37501376539298015,0.19014286128198324,0.7494290681449964,0.15442374159654904,-362808.53954052576,-0.8704562299532834,0.16116082623889771,12
0.4436110574566141,0.08550820367170993,0.02541912674409519,0.038422953466752785,-183629.95875305324,-0.9599449674888305,0.16775508204199566,12
0.006952130531190703,0.10214946051551316,0.417411003148779,0.11105390523536512,-200774.1240405821,-0.873518883599916,0.15351050923481005,12
0.05147875124998935,0.05572929284732229,0.9082658859666537,0.11978094533348621,-183087.70051739554,-0.9008358366136032,0.15837935751163895,12
0.5229989645906815,0.08550065481180079,0.025587450086128373,0.0562673067158986,-333589.03883515653,-0.9359685616058689,0.1683793539270336,12
0.2731693055421476,0.17368009215792649,0.5022198032032558,0.09203736074883384,-76555.85990184988,-0.9254627915981621,0.15424053730701745,12
0.07455064367977082,0.19737738732010346,0.7722447692966574,0.0993578407670862,-83825.72486056504,-0.9142280938372687,0.1515352928795271,12
0.7712703466859457,0.014808930346818072,0.3584657285442726,0.05793452976256486,-311939.96416662534,-0.9466086718214431,0.1674796339310621,12
0.8074401551640625,0.17921825998469865,0.3180034749718639,0.05502596226383838,-346141.993294342,-0.9154131029285949,0.16128298900211963,12
0.0902897700544083,0.1670604991178476,0.31774575327868065,0.15063935118646354,-354838.35791837843,-0.8726206025211288,0.15465348001265064,12
0.3745401188473625,0.19014286128198324,0.7319939418114051,0.2993292420985183,-264185.2556893789,-0.7968811624731055,0.14549370910963585,13
0.388677289689482,0.05426980635477918,0.8287375091519293,0.17837666334679464,-309914.007504504,-0.914319576920441,0.15565479824767647,13
0.22879816549162246,0.0153959819657586,0.289751452913768,0.08061064362700221,-169688.27716160865,-0.9573114128551031,0.15743520561240096,13
0.0902897700544083,0.1670604991178476,0.32078006497173583,0.09325925519992712,-487122.49853110575,-0.9185202804192606,0.15872176038049832,13
0.040775141554763916,0.11817858863764837,0.6775643618422824,0.008293914463928076,-164928.25574532276,-0.9761572856928025,0.14977954485727155,13
0.388677289689482,0.05878318862465531,0.8287375091519293,0.17837666334679464,-107160.7907079893,-0.8279225274200805,0.1446633816251276,13
0.27963706866773386,0.01482219968643611,0.289751452913768,0.12168415765819862,-267357.1726415006,-0.8939692138659349,0.15294320883086568,13
0.39619714601074296,0.060298300968691695,0.8287375091519293,0.20451784772188492,-133936.52089538457,-0.7810686629827309,0.13251226458610885,13
0.5760886109572688,0.009290082543999545,0.6075448519014384,0.08526206184364576,-388596.7154911286,-0.9258016915179744,0.15576143457690558,13
0.1284348779956922,0.11817858863764837,0.6421795382020423,0.008293914463928076,-381100.067347893,-0.9806747163828883,0.1651975455995402,13
0.3745401188473625,0.19014286128198324,0.7494290681449964,0.15442374159654904,-371897.0350617105,-0.8962125714269634,0.15346229896710406,13
0.6659919510190668,0.19014286128198324,0.1900906799886637,0.2993292420985183,-389395.6887637836,-0.867531182586613,0.14916863612594095,13
0.38068371520605593,0.14790798748646034,0.7513734558269027,0.10538510562197449,-168099.82285637475,-0.906144783050419,0.1516782436764258,13
0.08599967469898467,0.009290082543999545,0.6043413280978748,0.06673650171766665,-264465.4055877502,-0.9445468745687174,0.15656432468943873,13
0.22545703263969052,0.014601396161534753,0.6386910457856626,0.004905928484404964,-165628.2511439904,-0.979133487354352,0.15126665877400527,13
0.4151771931257927,0.05426980635477918,0.8287375091519293,0.17837666334679464,-245984.6763284075,-0.8482871489188005,0.1470069890770362,13
0.3745401188473625,0.11435240396465488,0.7319939418114051,0.2907306241353117,-478065.92621219746,-0.7619569722945262,0.15869814654528216,13
0.1414771396138262,0.043061400271821995,0.6401966443770974,4.142920336580591e-05,-153301.68418418252,-0.9921537468787148,0.16063274609981873,13
0.36885589968278365,0.19014286128198324,0.7850748349501987,0.15153867763458118,-315346.9365917912,-0.8021139879138457,0.14747788980755133,13
0.1284348779956922,0.11817858863764837,0.6421795382020423,0.017292410682725412,-142268.27092917854,-0.9738606189368966,0.14623615855306804,13
0.05147875124998935,0.0530179661496286,0.9509741676594695,0.08428673175027718,-241540.93502941026,-0.9047957091902994,0.14775726751747478,13
0.9300086359095301,0.045281278918369965,0.3161649511567944,0.0930757898628739,-257702.7148672842,-0.8968445889144084,0.1557602537378469,13
0.13177601084982932,0.11538304655247954,0.29323994616803484,0.08436774732650268,-467513.32549273013,-0.8558676584976973,0.1693985760841431,13
0.24293868750403425,0.019590684680857753,0.30027913249679256,0.09205409168976547,-409525.7417706526,-0.8877266336259294,0.16265564415381492,13
0.9923969257308627,0.04417816278188065,0.20660647797422166,0.44933900791830356,-463423.19409965974,-0.8342346502700132,0.16140673590735866,13
0.5924145688620425,0.009290082543999545,0.6075448519014384,0.08526206184364576,-283027.2233840444,-0.9134026608361681,0.1592517940439428,13
0.8074401551640625,0.17921825998469865,0.3180034749718639,0.05502596226383838,-346141.993294342,-0.9154131029285949,0.16128298900211963,13
0.5308469838701045,0.10250907052446986,0.0009283959889261062,0.08378138733200066,-353117.2781213322,-0.9548823929763387,0.17969360998224718,13
0.24673106872365733,0.019590684680857753,0.013732486719438192,0.09009991718995483,-327450.4800992867,-0.9447144467030714,0.17569280610992102,13
0.5227328293819941,0.08550820367170993,0.02541912674409519,0.038422953466752785,-279820.3924234293,-0.9596192314743494,0.17071181193574006,13
0.1284348779956922,0.11942612271893151,0.2716836400369689,0.007638044574442372,-217945.68850423698,-0.9793899164189451,0.1682342441542637,13
0.4436110574566141,0.08550820367170993,0.02541912674409519,0.038422953466752785,-183629.95875305324,-0.9599449674888305,0.16775508204199566,13
0.5229989645906815,0.08550065481180079,0.025587450086128373,0.0562673067158986,-333589.03883515653,-0.9359685616058689,0.1683793539270336,13
0.7712703466859457,0.014808930346818072,0.3584657285442726,0.05793452976256486,-311939.96416662534,-0.9466086718214431,0.1674796339310621,13
0.3745401188473625,0.19014286128198324,0.7319939418114051,0.11036751574773243,-358133.46070711006,-0.8929489384176583,0.16707820764076323,13
0.37501376539298015,0.19014286128198324,0.7494290681449964,0.15442374159654904,-362808.53954052576,-0.8704562299532834,0.16116082623889771,13
0.0902897700544083,0.1670604991178476,0.31774575327868065,0.15063935118646354,-354838.35791837843,-0.8726206025211288,0.15465348001265064,13
0.3599437129891291,0.030964845082872394,0.9550656520517004,0.41057563849444834,-336287.54569928197,-0.751970236407944,0.15152228682984645,13
0.22793516254194168,0.08542155772525127,0.8180147659224931,0.4303652916281717,-364571.5315149774,-0.7170624578582623,0.15293052512220554,13
0.38997297382446805,0.05954846638817293,0.8037204923313369,0.1844669457796674,-311317.95243188326,-0.8198676658177914,0.15261699295931677,13
0.3046137691733707,0.017496851364725043,0.6842330265121569,0.17486001685781805,-162340.92112048384,-0.9271508419951061,0.15797103765845047,13
0.05147875124998935,0.05936785214932698,0.9082658859666537,0.0074679460903095615,-143617.93711470594,-0.9816401048640758,0.16348846517299387,13
0.36885589968278365,0.19014286128198324,0.7319939418114051,0.21737662876635472,-310000.4921860147,-0.7928812842823748,0.14983275550957886,13
0.008007963234021642,0.08233199627601968,0.4626453025586522,0.10954568604366782,-105878.71266978818,-0.9313987128632734,0.16256253248252733,13
0.2731693055421476,0.17368009215792649,0.5022198032032558,0.09203736074883384,-76555.85990184988,-0.9254627915981621,0.15424053730701745,13
0.07455064367977082,0.19737738732010346,0.7722447692966574,0.0993578407670862,-83825.72486056504,-0.9142280938372687,0.1515352928795271,13
0.3745401188473625,0.19014286128198324,0.7319939418114051,0.11537305722035998,-199279.23074886217,-0.8970268446837455,0.14943060343493844,13
0.3745401188473625,0.17050947748496267,0.7319939418114051,0.14344352167657085,-204394.80504321036,-0.8818957748733892,0.15157920861847715,13
0.38068371520605593,0.14355332556860242,0.7528626960480048,0.2667557846520009,-72565.86232253785,-0.713412407804284,0.1492380707055572,13
0.05147875124998935,0.05572929284732229,0.9082658859666537,0.11978094533348621,-183087.70051739554,-0.9008358366136032,0.15837935751163895,13
0.3745401188473625,0.19014286128198324,0.7319939418114051,0.2993292420985183,-264185.2556893789,-0.7968811624731055,0.14549370910963585,14
0.388677289689482,0.05426980635477918,0.8287375091519293,0.17837666334679464,-309914.007504504,-0.914319576920441,0.15565479824767647,14
0.0902897700544083,0.1670604991178476,0.32078006497173583,0.09325925519992712,-487122.49853110575,-0.9185202804192606,0.15872176038049832,14
0.040775141554763916,0.11817858863764837,0.6775643618422824,0.008293914463928076,-164928.25574532276,-0.9761572856928025,0.14977954485727155,14
0.388677289689482,0.05878318862465531,0.8287375091519293,0.17837666334679464,-107160.7907079893,-0.8279225274200805,0.1446633816251276,14
0.27963706866773386,0.01482219968643611,0.289751452913768,0.12168415765819862,-267357.1726415006,-0.8939692138659349,0.15294320883086568,14
0.39619714601074296,0.060298300968691695,0.8287375091519293,0.20451784772188492,-133936.52089538457,-0.7810686629827309,0.13251226458610885,14
0.5760886109572688,0.009290082543999545,0.6075448519014384,0.08526206184364576,-388596.7154911286,-0.9258016915179744,0.15576143457690558,14
0.1284348779956922,0.11817858863764837,0.6421795382020423,0.008293914463928076,-381100.067347893,-0.9806747163828883,0.1651975455995402,14
0.3745401188473625,0.19014286128198324,0.7494290681449964,0.15442374159654904,-371897.0350617105,-0.8962125714269634,0.15346229896710406,14
0.6659919510190668,0.19014286128198324,0.1900906799886637,0.2993292420985183,-389395.6887637836,-0.867531182586613,0.14916863612594095,14
0.38068371520605593,0.14790798748646034,0.7513734558269027,0.10538510562197449,-168099.82285637475,-0.906144783050419,0.1516782436764258,14
0.08599967469898467,0.009290082543999545,0.6043413280978748,0.06673650171766665,-264465.4055877502,-0.9445468745687174,0.15656432468943873,14
0.22545703263969052,0.014601396161534753,0.6386910457856626,0.004905928484404964,-165628.2511439904,-0.979133487354352,0.15126665877400527,14
0.4151771931257927,0.05426980635477918,0.8287375091519293,0.17837666334679464,-245984.6763284075,-0.8482871489188005,0.1470069890770362,14
0.3745401188473625,0.11435240396465488,0.7319939418114051,0.2907306241353117,-478065.92621219746,-0.7619569722945262,0.15869814654528216,14
0.1414771396138262,0.043061400271821995,0.6401966443770974,4.142920336580591e-05,-153301.68418418252,-0.9921537468787148,0.16063274609981873,14
0.36885589968278365,0.19014286128198324,0.7850748349501987,0.15153867763458118,-315346.9365917912,-0.8021139879138457,0.14747788980755133,14
0.1284348779956922,0.11817858863764837,0.6421795382020423,0.017292410682725412,-142268.27092917854,-0.9738606189368966,0.14623615855306804,14
0.05147875124998935,0.0530179661496286,0.9509741676594695,0.08428673175027718,-241540.93502941026,-0.9047957091902994,0.14775726751747478,14
0.09183038096932257,0.16727410214087762,0.6421795382020423,0.008293914463928076,-254097.92537956234,-0.9812217224030445,0.15285264497149545,14
0.13382815436476833,0.043061400271821995,0.6593453328677562,4.142920336580591e-05,-202473.38966329707,-0.9937230425269415,0.16066105103347492,14
0.38068371520605593,0.14355332556860242,0.7528626960480048,0.2667557846520009,-72565.86232253785,-0.713412407804284,0.1492380707055572,14
0.3745401188473625,0.19281365677249465,0.9073414976630599,0.00855098154048261,-141471.02422274757,-0.9852336147055013,0.16276362310633707,14
0.5308469838701045,0.10250907052446986,0.0009283959889261062,0.08378138733200066,-353117.2781213322,-0.9548823929763387,0.17969360998224718,14
0.13177601084982932,0.11538304655247954,0.29323994616803484,0.08436774732650268,-467513.32549273013,-0.8558676584976973,0.1693985760841431,14
0.24673106872365733,0.019590684680857753,0.013732486719438192,0.09009991718995483,-327450.4800992867,-0.9447144467030714,0.17569280610992102,14
0.36885589968278365,0.19014286128198324,0.7319939418114051,0.21737662876635472,-310000.4921860147,-0.7928812842823748,0.14983275550957886,14
0.24293868750403425,0.019590684680857753,0.30027913249679256,0.09205409168976547,-409525.7417706526,-0.8877266336259294,0.16265564415381492,14
0.9923969257308627,0.04417816278188065,0.20660647797422166,0.44933900791830356,-463423.19409965974,-0.8342346502700132,0.16140673590735866,14
0.3599437129891291,0.030964845082872394,0.9550656520517004,0.41057563849444834,-336287.54569928197,-0.751970236407944,0.15152228682984645,14
0.22793516254194168,0.08542155772525127,0.8180147659224931,0.4303652916281717,-364571.5315149774,-0.7170624578582623,0.15293052512220554,14
0.5227328293819941,0.08550820367170993,0.02541912674409519,0.038422953466752785,-279820.3924234293,-0.9596192314743494,0.17071181193574006,14
0.1284348779956922,0.11942612271893151,0.2716836400369689,0.007638044574442372,-217945.68850423698,-0.9793899164189451,0.1682342441542637,14
0.5924145688620425,0.009290082543999545,0.6075448519014384,0.08526206184364576,-283027.2233840444,-0.9134026608361681,0.1592517940439428,14
0.22879816549162246,0.0153959819657586,0.289751452913768,0.08061064362700221,-169688.27716160865,-0.9573114128551031,0.15743520561240096,14
0.38997297382446805,0.05954846638817293,0.8037204923313369,0.1844669457796674,-311317.95243188326,-0.8198676658177914,0.15261699295931677,14
0.07455064367977082,0.19737738732010346,0.7722447692966574,0.0993578407670862,-83825.72486056504,-0.9142280938372687,0.1515352928795271,14
0.3046137691733707,0.04601196208513536,0.7229738585156452,0.17486001685781805,-256142.122143744,-0.8777937635433726,0.15500300970531283,14
0.05147875124998935,0.05936785214932698,0.9082658859666537,0.0074679460903095615,-143617.93711470594,-0.9816401048640758,0.16348846517299387,14
0.05147875124998935,0.05936785214932698,0.732918300017281,0.10947013870701958,-258768.95708541447,-0.8582489672962207,0.15127922549691394,14
0.25438005399927827,0.019590684680857753,0.013732486719438192,0.09009991718995483,-257872.98353941157,-0.9256432283526431,0.16512656727096353,14
0.05147875124998935,0.05572929284732229,0.9082658859666537,0.11978094533348621,-183087.70051739554,-0.9008358366136032,0.15837935751163895,14
0.4436110574566141,0.08550820367170993,0.02541912674409519,0.038422953466752785,-183629.95875305324,-0.9599449674888305,0.16775508204199566,14
0.37501376539298015,0.19014286128198324,0.7494290681449964,0.15442374159654904,-362808.53954052576,-0.8704562299532834,0.16116082623889771,14
0.3745401188473625,0.19014286128198324,0.7319939418114051,0.11036751574773243,-358133.46070711006,-0.8929489384176583,0.16707820764076323,14
0.5229989645906815,0.08550065481180079,0.025587450086128373,0.0562673067158986,-333589.03883515653,-0.9359685616058689,0.1683793539270336,14
0.2731693055421476,0.17368009215792649,0.5022198032032558,0.09203736074883384,-76555.85990184988,-0.9254627915981621,0.15424053730701745,14
0.3745401188473625,0.17050947748496267,0.7319939418114051,0.14344352167657085,-204394.80504321036,-0.8818957748733892,0.15157920861847715,14
0.7712703466859457,0.014808930346818072,0.3584657285442726,0.05793452976256486,-311939.96416662534,-0.9466086718214431,0.1674796339310621,14
0.3745401188473625,0.19014286128198324,0.7319939418114051,0.2993292420985183,-264185.2556893789,-0.7968811624731055,0.14549370910963585,15
0.388677289689482,0.05426980635477918,0.8287375091519293,0.17837666334679464,-309914.007504504,-0.914319576920441,0.15565479824767647,15
0.0902897700544083,0.1670604991178476,0.32078006497173583,0.09325925519992712,-487122.49853110575,-0.9185202804192606,0.15872176038049832,15
0.040775141554763916,0.11817858863764837,0.6775643618422824,0.008293914463928076,-164928.25574532276,-0.9761572856928025,0.14977954485727155,15
0.388677289689482,0.05878318862465531,0.8287375091519293,0.17837666334679464,-107160.7907079893,-0.8279225274200805,0.1446633816251276,15
0.27963706866773386,0.01482219968643611,0.289751452913768,0.12168415765819862,-267357.1726415006,-0.8939692138659349,0.15294320883086568,15
0.39619714601074296,0.060298300968691695,0.8287375091519293,0.20451784772188492,-133936.52089538457,-0.7810686629827309,0.13251226458610885,15
0.5760886109572688,0.009290082543999545,0.6075448519014384,0.08526206184364576,-388596.7154911286,-0.9258016915179744,0.15576143457690558,15
0.1284348779956922,0.11817858863764837,0.6421795382020423,0.008293914463928076,-381100.067347893,-0.9806747163828883,0.1651975455995402,15
0.3745401188473625,0.19014286128198324,0.7494290681449964,0.15442374159654904,-371897.0350617105,-0.8962125714269634,0.15346229896710406,15
0.6659919510190668,0.19014286128198324,0.1900906799886637,0.2993292420985183,-389395.6887637836,-0.867531182586613,0.14916863612594095,15
0.38068371520605593,0.14790798748646034,0.7513734558269027,0.10538510562197449,-168099.82285637475,-0.906144783050419,0.1516782436764258,15
0.08599967469898467,0.009290082543999545,0.6043413280978748,0.06673650171766665,-264465.4055877502,-0.9445468745687174,0.15656432468943873,15
0.22545703263969052,0.014601396161534753,0.6386910457856626,0.004905928484404964,-165628.2511439904,-0.979133487354352,0.15126665877400527,15
0.4151771931257927,0.05426980635477918,0.8287375091519293,0.17837666334679464,-245984.6763284075,-0.8482871489188005,0.1470069890770362,15
0.3745401188473625,0.11435240396465488,0.7319939418114051,0.2907306241353117,-478065.92621219746,-0.7619569722945262,0.15869814654528216,15
0.1414771396138262,0.043061400271821995,0.6401966443770974,4.142920336580591e-05,-153301.68418418252,-0.9921537468787148,0.16063274609981873,15
0.36885589968278365,0.19014286128198324,0.7850748349501987,0.15153867763458118,-315346.9365917912,-0.8021139879138457,0.14747788980755133,15
0.1284348779956922,0.11817858863764837,0.6421795382020423,0.017292410682725412,-142268.27092917854,-0.9738606189368966,0.14623615855306804,15
0.05147875124998935,0.0530179661496286,0.9509741676594695,0.08428673175027718,-241540.93502941026,-0.9047957091902994,0.14775726751747478,15
0.09183038096932257,0.16727410214087762,0.6421795382020423,0.008293914463928076,-254097.92537956234,-0.9812217224030445,0.15285264497149545,15
0.13382815436476833,0.043061400271821995,0.6593453328677562,4.142920336580591e-05,-202473.38966329707,-0.9937230425269415,0.16066105103347492,15
0.3778823732147299,0.12097539278624184,0.7494290681449964,0.0016410649600007432,-144768.1298040974,-0.9902517607216357,0.14848483109952978,15
0.1300807561729404,0.11538304655247954,0.8296729198175729,0.17766612881891986,-220934.17679170295,-0.8523884679706103,0.14512013508147306,15
0.13177601084982932,0.11538304655247954,0.29323994616803484,0.08436774732650268,-467513.32549273013,-0.8558676584976973,0.1693985760841431,15
0.5308469838701045,0.10250907052446986,0.0009283959889261062,0.08378138733200066,-353117.2781213322,-0.9548823929763387,0.17969360998224718,15
0.3745401188473625,0.19281365677249465,0.9073414976630599,0.00855098154048261,-141471.02422274757,-0.9852336147055013,0.16276362310633707,15
0.38068371520605593,0.14355332556860242,0.7528626960480048,0.2667557846520009,-72565.86232253785,-0.713412407804284,0.1492380707055572,15
0.36885589968278365,0.19014286128198324,0.7319939418114051,0.21737662876635472,-310000.4921860147,-0.7928812842823748,0.14983275550957886,15
0.3599437129891291,0.030964845082872394,0.9550656520517004,0.41057563849444834,-336287.54569928197,-0.751970236407944,0.15152228682984645,15
0.9923969257308627,0.04417816278188065,0.20660647797422166,0.44933900791830356,-463423.19409965974,-0.8342346502700132,0.16140673590735866,15
0.24293868750403425,0.019590684680857753,0.30027913249679256,0.09205409168976547,-409525.7417706526,-0.8877266336259294,0.16265564415381492,15
0.22793516254194168,0.08542155772525127,0.8180147659224931,0.4303652916281717,-364571.5315149774,-0.7170624578582623,0.15293052512220554,15
0.24673106872365733,0.019590684680857753,0.013732486719438192,0.09009991718995483,-327450.4800992867,-0.9447144467030714,0.17569280610992102,15
0.22879816549162246,0.0153959819657586,0.289751452913768,0.08061064362700221,-169688.27716160865,-0.9573114128551031,0.15743520561240096,15
0.07455064367977082,0.19737738732010346,0.7722447692966574,0.0993578407670862,-83825.72486056504,-0.9142280938372687,0.1515352928795271,15
0.38997297382446805,0.05954846638817293,0.8037204923313369,0.1844669457796674,-311317.95243188326,-0.8198676658177914,0.15261699295931677,15
0.3046137691733707,0.04601196208513536,0.7229738585156452,0.17486001685781805,-256142.122143744,-0.8777937635433726,0.15500300970531283,15
0.3745401188473625,0.19281365677249465,0.7854475745546963,0.00855098154048261,-236582.2984430831,-0.980081927707885,0.17416942962093726,15
0.1284348779956922,0.11942612271893151,0.2716836400369689,0.007638044574442372,-217945.68850423698,-0.9793899164189451,0.1682342441542637,15
0.5227328293819941,0.08550820367170993,0.02541912674409519,0.038422953466752785,-279820.3924234293,-0.9596192314743494,0.17071181193574006,15
0.05147875124998935,0.05936785214932698,0.9082658859666537,0.0074679460903095615,-143617.93711470594,-0.9816401048640758,0.16348846517299387,15
0.5924145688620425,0.009290082543999545,0.6075448519014384,0.08526206184364576,-283027.2233840444,-0.9134026608361681,0.1592517940439428,15
0.37501376539298015,0.19014286128198324,0.7494290681449964,0.15442374159654904,-362808.53954052576,-0.8704562299532834,0.16116082623889771,15
0.2479574447024477,0.019590684680857753,0.013732486719438192,0.09009991718995483,-334035.37721377896,-0.9296146515880858,0.17346139936474303,15
0.3745401188473625,0.17050947748496267,0.7319939418114051,0.14344352167657085,-204394.80504321036,-0.8818957748733892,0.15157920861847715,15
0.05147875124998935,0.05572929284732229,0.9082658859666537,0.11978094533348621,-183087.70051739554,-0.9008358366136032,0.15837935751163895,15
0.05147875124998935,0.05936785214932698,0.732918300017281,0.10947013870701958,-258768.95708541447,-0.8582489672962207,0.15127922549691394,15
0.3745401188473625,0.19014286128198324,0.7319939418114051,0.11036751574773243,-358133.46070711006,-0.8929489384176583,0.16707820764076323,15
0.25438005399927827,0.019590684680857753,0.013732486719438192,0.09009991718995483,-257872.98353941157,-0.9256432283526431,0.16512656727096353,15
0.3745401188473625,0.19014286128198324,0.7319939418114051,0.2993292420985183,-264185.2556893789,-0.7968811624731055,0.14549370910963585,16
0.388677289689482,0.05426980635477918,0.8287375091519293,0.17837666334679464,-309914.007504504,-0.914319576920441,0.15565479824767647,16
0.0902897700544083,0.1670604991178476,0.32078006497173583,0.09325925519992712,-487122.49853110575,-0.9185202804192606,0.15872176038049832,16
0.040775141554763916,0.11817858863764837,0.6775643618422824,0.008293914463928076,-164928.25574532276,-0.9761572856928025,0.14977954485727155,16
0.388677289689482,0.05878318862465531,0.8287375091519293,0.17837666334679464,-107160.7907079893,-0.8279225274200805,0.1446633816251276,16
0.27963706866773386,0.01482219968643611,0.289751452913768,0.12168415765819862,-267357.1726415006,-0.8939692138659349,0.15294320883086568,16
0.39619714601074296,0.060298300968691695,0.8287375091519293,0.20451784772188492,-133936.52089538457,-0.7810686629827309,0.13251226458610885,16
0.5760886109572688,0.009290082543999545,0.6075448519014384,0.08526206184364576,-388596.7154911286,-0.9258016915179744,0.15576143457690558,16
0.1284348779956922,0.11817858863764837,0.6421795382020423,0.008293914463928076,-381100.067347893,-0.9806747163828883,0.1651975455995402,16
0.3745401188473625,0.19014286128198324,0.7494290681449964,0.15442374159654904,-371897.0350617105,-0.8962125714269634,0.15346229896710406,16
0.6659919510190668,0.19014286128198324,0.1900906799886637,0.2993292420985183,-389395.6887637836,-0.867531182586613,0.14916863612594095,16
0.38068371520605593,0.14790798748646034,0.7513734558269027,0.10538510562197449,-168099.82285637475,-0.906144783050419,0.1516782436764258,16
0.08599967469898467,0.009290082543999545,0.6043413280978748,0.06673650171766665,-264465.4055877502,-0.9445468745687174,0.15656432468943873,16
0.22545703263969052,0.014601396161534753,0.6386910457856626,0.004905928484404964,-165628.2511439904,-0.979133487354352,0.15126665877400527,16
0.4151771931257927,0.05426980635477918,0.8287375091519293,0.17837666334679464,-245984.6763284075,-0.8482871489188005,0.1470069890770362,16
0.3745401188473625,0.11435240396465488,0.7319939418114051,0.2907306241353117,-478065.92621219746,-0.7619569722945262,0.15869814654528216,16
0.1414771396138262,0.043061400271821995,0.6401966443770974,4.142920336580591e-05,-153301.68418418252,-0.9921537468787148,0.16063274609981873,16
0.36885589968278365,0.19014286128198324,0.7850748349501987,0.15153867763458118,-315346.9365917912,-0.8021139879138457,0.14747788980755133,16
0.1284348779956922,0.11817858863764837,0.6421795382020423,0.017292410682725412,-142268.27092917854,-0.9738606189368966,0.14623615855306804,16
0.05147875124998935,0.0530179661496286,0.9509741676594695,0.08428673175027718,-241540.93502941026,-0.9047957091902994,0.14775726751747478,16
0.09183038096932257,0.16727410214087762,0.6421795382020423,0.008293914463928076,-254097.92537956234,-0.9812217224030445,0.15285264497149545,16
0.13382815436476833,0.043061400271821995,0.6593453328677562,4.142920336580591e-05,-202473.38966329707,-0.9937230425269415,0.16066105103347492,16
0.3778823732147299,0.12097539278624184,0.7494290681449964,0.0016410649600007432,-144768.1298040974,-0.9902517607216357,0.14848483109952978,16
0.1300807561729404,0.11538304655247954,0.8296729198175729,0.17766612881891986,-220934.17679170295,-0.8523884679706103,0.14512013508147306,16
0.3745401188473625,0.19281365677249465,0.9073414976630599,0.00855098154048261,-141471.02422274757,-0.9852336147055013,0.16276362310633707,16
0.13177601084982932,0.11538304655247954,0.29323994616803484,0.08436774732650268,-467513.32549273013,-0.8558676584976973,0.1693985760841431,16
0.5308469838701045,0.10250907052446986,0.0009283959889261062,0.08378138733200066,-353117.2781213322,-0.9548823929763387,0.17969360998224718,16
0.38068371520605593,0.14355332556860242,0.7528626960480048,0.2667557846520009,-72565.86232253785,-0.713412407804284,0.1492380707055572,16
0.36885589968278365,0.19014286128198324,0.7319939418114051,0.21737662876635472,-310000.4921860147,-0.7928812842823748,0.14983275550957886,16
0.22793516254194168,0.08542155772525127,0.8180147659224931,0.4303652916281717,-364571.5315149774,-0.7170624578582623,0.15293052512220554,16
0.3599437129891291,0.030964845082872394,0.9550656520517004,0.41057563849444834,-336287.54569928197,-0.751970236407944,0.15152228682984645,16
0.24673106872365733,0.019590684680857753,0.013732486719438192,0.09009991718995483,-327450.4800992867,-0.9447144467030714,0.17569280610992102,16
0.9923969257308627,0.04417816278188065,0.20660647797422166,0.44933900791830356,-463423.19409965974,-0.8342346502700132,0.16140673590735866,16
0.24293868750403425,0.019590684680857753,0.30027913249679256,0.09205409168976547,-409525.7417706526,-0.8877266336259294,0.16265564415381492,16
0.5924145688620425,0.009290082543999545,0.6075448519014384,0.08526206184364576,-283027.2233840444,-0.9134026608361681,0.1592517940439428,16
0.38997297382446805,0.05954846638817293,0.8037204923313369,0.1844669457796674,-311317.95243188326,-0.8198676658177914,0.15261699295931677,16
0.5172208418958274,0.1154137501526875,0.6421795382020423,0.020524449753063112,-138213.520307643,-0.9775255523301137,0.15703977954999104,16
0.22879816549162246,0.0153959819657586,0.289751452913768,0.08061064362700221,-169688.27716160865,-0.9573114128551031,0.15743520561240096,16
0.3745401188473625,0.19014286128198324,0.7319939418114051,0.11036751574773243,-358133.46070711006,-0.8929489384176583,0.16707820764076323,16
0.5227328293819941,0.08550820367170993,0.02541912674409519,0.038422953466752785,-279820.3924234293,-0.9596192314743494,0.17071181193574006,16
0.07455064367977082,0.19737738732010346,0.7722447692966574,0.0993578407670862,-83825.72486056504,-0.9142280938372687,0.1515352928795271,16
0.2479574447024477,0.019590684680857753,0.013732486719438192,0.09009991718995483,-334035.37721377896,-0.9296146515880858,0.17346139936474303,16
0.3745401188473625,0.17050947748496267,0.7319939418114051,0.14344352167657085,-204394.80504321036,-0.8818957748733892,0.15157920861847715,16
0.25438005399927827,0.019590684680857753,0.013732486719438192,0.09009991718995483,-257872.98353941157,-0.9256432283526431,0.16512656727096353,16
0.05147875124998935,0.05936785214932698,0.9082658859666537,0.0074679460903095615,-143617.93711470594,-0.9816401048640758,0.16348846517299387,16
0.05147875124998935,0.05936785214932698,0.732918300017281,0.10947013870701958,-258768.95708541447,-0.8582489672962207,0.15127922549691394,16
0.37501376539298015,0.19014286128198324,0.7494290681449964,0.15442374159654904,-362808.53954052576,-0.8704562299532834,0.16116082623889771,16
0.3046137691733707,0.04601196208513536,0.7229738585156452,0.17486001685781805,-256142.122143744,-0.8777937635433726,0.15500300970531283,16
0.3745401188473625,0.19281365677249465,0.7854475745546963,0.00855098154048261,-236582.2984430831,-0.980081927707885,0.17416942962093726,16
0.1284348779956922,0.11942612271893151,0.2716836400369689,0.007638044574442372,-217945.68850423698,-0.9793899164189451,0.1682342441542637,16
0.3745401188473625,0.19014286128198324,0.7319939418114051,0.2993292420985183,-264185.2556893789,-0.7968811624731055,0.14549370910963585,17
0.388677289689482,0.05426980635477918,0.8287375091519293,0.17837666334679464,-309914.007504504,-0.914319576920441,0.15565479824767647,17
0.0902897700544083,0.1670604991178476,0.32078006497173583,0.09325925519992712,-487122.49853110575,-0.9185202804192606,0.15872176038049832,17
0.040775141554763916,0.11817858863764837,0.6775643618422824,0.008293914463928076,-164928.25574532276,-0.9761572856928025,0.14977954485727155,17
0.388677289689482,0.05878318862465531,0.8287375091519293,0.17837666334679464,-107160.7907079893,-0.8279225274200805,0.1446633816251276,17
0.27963706866773386,0.01482219968643611,0.289751452913768,0.12168415765819862,-267357.1726415006,-0.8939692138659349,0.15294320883086568,17
0.39619714601074296,0.060298300968691695,0.8287375091519293,0.20451784772188492,-133936.52089538457,-0.7810686629827309,0.13251226458610885,17
0.5760886109572688,0.009290082543999545,0.6075448519014384,0.08526206184364576,-388596.7154911286,-0.9258016915179744,0.15576143457690558,17
0.1284348779956922,0.11817858863764837,0.6421795382020423,0.008293914463928076,-381100.067347893,-0.9806747163828883,0.1651975455995402,17
0.3745401188473625,0.19014286128198324,0.7494290681449964,0.15442374159654904,-371897.0350617105,-0.8962125714269634,0.15346229896710406,17
0.6659919510190668,0.19014286128198324,0.1900906799886637,0.2993292420985183,-389395.6887637836,-0.867531182586613,0.14916863612594095,17
0.38068371520605593,0.14790798748646034,0.7513734558269027,0.10538510562197449,-168099.82285637475,-0.906144783050419,0.1516782436764258,17
0.08599967469898467,0.009290082543999545,0.6043413280978748,0.06673650171766665,-264465.4055877502,-0.9445468745687174,0.15656432468943873,17
0.22545703263969052,0.014601396161534753,0.6386910457856626,0.004905928484404964,-165628.2511439904,-0.979133487354352,0.15126665877400527,17
0.4151771931257927,0.05426980635477918,0.8287375091519293,0.17837666334679464,-245984.6763284075,-0.8482871489188005,0.1470069890770362,17
0.3745401188473625,0.11435240396465488,0.7319939418114051,0.2907306241353117,-478065.92621219746,-0.7619569722945262,0.15869814654528216,17
0.1414771396138262,0.043061400271821995,0.6401966443770974,4.142920336580591e-05,-153301.68418418252,-0.9921537468787148,0.16063274609981873,17
0.36885589968278365,0.19014286128198324,0.7850748349501987,0.15153867763458118,-315346.9365917912,-0.8021139879138457,0.14747788980755133,17
0.1284348779956922,0.11817858863764837,0.6421795382020423,0.017292410682725412,-142268.27092917854,-0.9738606189368966,0.14623615855306804,17
0.05147875124998935,0.0530179661496286,0.9509741676594695,0.08428673175027718,-241540.93502941026,-0.9047957091902994,0.14775726751747478,17
0.09183038096932257,0.16727410214087762,0.6421795382020423,0.008293914463928076,-254097.92537956234,-0.9812217224030445,0.15285264497149545,17
0.13382815436476833,0.043061400271821995,0.6593453328677562,4.142920336580591e-05,-202473.38966329707,-0.9937230425269415,0.16066105103347492,17
0.3778823732147299,0.12097539278624184,0.7494290681449964,0.0016410649600007432,-144768.1298040974,-0.9902517607216357,0.14848483109952978,17
0.1300807561729404,0.11538304655247954,0.8296729198175729,0.17766612881891986,-220934.17679170295,-0.8523884679706103,0.14512013508147306,17
0.3745401188473625,0.19281365677249465,0.9073414976630599,0.00855098154048261,-141471.02422274757,-0.9852336147055013,0.16276362310633707,17
0.4016026030290279,0.060298300968691695,0.828932434640462,0.20451784772188492,-105550.47213933174,-0.8155228016397142,0.14470664317499057,17
0.5308469838701045,0.10250907052446986,0.0009283959889261062,0.08378138733200066,-353117.2781213322,-0.9548823929763387,0.17969360998224718,17
0.22793516254194168,0.08542155772525127,0.8180147659224931,0.4303652916281717,-364571.5315149774,-0.7170624578582623,0.15293052512220554,17
0.13177601084982932,0.11538304655247954,0.29323994616803484,0.08436774732650268,-467513.32549273013,-0.8558676584976973,0.1693985760841431,17
0.07455064367977082,0.19737738732010346,0.7722447692966574,0.0993578407670862,-83825.72486056504,-0.9142280938372687,0.1515352928795271,17
0.36885589968278365,0.19014286128198324,0.7319939418114051,0.21737662876635472,-310000.4921860147,-0.7928812842823748,0.14983275550957886,17
0.3599437129891291,0.030964845082872394,0.9550656520517004,0.41057563849444834,-336287.54569928197,-0.751970236407944,0.15152228682984645,17
0.9923969257308627,0.04417816278188065,0.20660647797422166,0.44933900791830356,-463423.19409965974,-0.8342346502700132,0.16140673590735866,17
0.24673106872365733,0.019590684680857753,0.013732486719438192,0.09009991718995483,-327450.4800992867,-0.9447144467030714,0.17569280610992102,17
0.24293868750403425,0.019590684680857753,0.30027913249679256,0.09205409168976547,-409525.7417706526,-0.8877266336259294,0.16265564415381492,17
0.5227328293819941,0.08550820367170993,0.02541912674409519,0.038422953466752785,-279820.3924234293,-0.9596192314743494,0.17071181193574006,17
0.23616517093258538,0.04685034688447514,0.289751452913768,0.0762994413232006,-396450.662277414,-0.9014293157708694,0.1634212245829203,17
0.5924145688620425,0.009290082543999545,0.6075448519014384,0.08526206184364576,-283027.2233840444,-0.9134026608361681,0.1592517940439428,17
0.1284348779956922,0.11942612271893151,0.2716836400369689,0.007638044574442372,-217945.68850423698,-0.9793899164189451,0.1682342441542637,17
0.5172208418958274,0.1154137501526875,0.6421795382020423,0.020524449753063112,-138213.520307643,-0.9775255523301137,0.15703977954999104,17
0.25438005399927827,0.019590684680857753,0.013732486719438192,0.09009991718995483,-257872.98353941157,-0.9256432283526431,0.16512656727096353,17
0.2479574447024477,0.019590684680857753,0.013732486719438192,0.09009991718995483,-334035.37721377896,-0.9296146515880858,0.17346139936474303,17
0.3046137691733707,0.04601196208513536,0.7229738585156452,0.17486001685781805,-256142.122143744,-0.8777937635433726,0.15500300970531283,17
0.3745401188473625,0.17050947748496267,0.7319939418114051,0.14344352167657085,-204394.80504321036,-0.8818957748733892,0.15157920861847715,17
0.5118153848775424,0.1154137501526875,0.6126560650853665,0.020524449753063112,-171140.53119581504,-0.9483481026754838,0.15624563496532942,17
0.3745401188473625,0.19281365677249465,0.7854475745546963,0.00855098154048261,-236582.2984430831,-0.980081927707885,0.17416942962093726,17
0.37501376539298015,0.19014286128198324,0.7494290681449964,0.15442374159654904,-362808.53954052576,-0.8704562299532834,0.16116082623889771,17
0.05147875124998935,0.05936785214932698,0.732918300017281,0.10947013870701958,-258768.95708541447,-0.8582489672962207,0.15127922549691394,17
0.38997297382446805,0.05954846638817293,0.8037204923313369,0.1844669457796674,-311317.95243188326,-0.8198676658177914,0.15261699295931677,17
0.22879816549162246,0.0153959819657586,0.289751452913768,0.08061064362700221,-169688.27716160865,-0.9573114128551031,0.15743520561240096,17
0.388677289689482,0.05426980635477918,0.8287375091519293,0.17837666334679464,-309914.007504504,-0.914319576920441,0.15565479824767647,18
0.0902897700544083,0.1670604991178476,0.32078006497173583,0.09325925519992712,-487122.49853110575,-0.9185202804192606,0.15872176038049832,18
0.040775141554763916,0.11817858863764837,0.6775643618422824,0.008293914463928076,-164928.25574532276,-0.9761572856928025,0.14977954485727155,18
0.388677289689482,0.05878318862465531,0.8287375091519293,0.17837666334679464,-107160.7907079893,-0.8279225274200805,0.1446633816251276,18
0.27963706866773386,0.01482219968643611,0.289751452913768,0.12168415765819862,-267357.1726415006,-0.8939692138659349,0.15294320883086568,18
0.39619714601074296,0.060298300968691695,0.8287375091519293,0.20451784772188492,-133936.52089538457,-0.7810686629827309,0.13251226458610885,18
0.5760886109572688,0.009290082543999545,0.6075448519014384,0.08526206184364576,-388596.7154911286,-0.9258016915179744,0.15576143457690558,18
0.1284348779956922,0.11817858863764837,0.6421795382020423,0.008293914463928076,-381100.067347893,-0.9806747163828883,0.1651975455995402,18
0.3745401188473625,0.19014286128198324,0.7494290681449964,0.15442374159654904,-371897.0350617105,-0.8962125714269634,0.15346229896710406,18
0.6659919510190668,0.19014286128198324,0.1900906799886637,0.2993292420985183,-389395.6887637836,-0.867531182586613,0.14916863612594095,18
0.38068371520605593,0.14790798748646034,0.7513734558269027,0.10538510562197449,-168099.82285637475,-0.906144783050419,0.1516782436764258,18
0.08599967469898467,0.009290082543999545,0.6043413280978748,0.06673650171766665,-264465.4055877502,-0.9445468745687174,0.15656432468943873,18
0.22545703263969052,0.014601396161534753,0.6386910457856626,0.004905928484404964,-165628.2511439904,-0.979133487354352,0.15126665877400527,18
0.4151771931257927,0.05426980635477918,0.8287375091519293,0.17837666334679464,-245984.6763284075,-0.8482871489188005,0.1470069890770362,18
0.3745401188473625,0.11435240396465488,0.7319939418114051,0.2907306241353117,-478065.92621219746,-0.7619569722945262,0.15869814654528216,18
0.1414771396138262,0.043061400271821995,0.6401966443770974,4.142920336580591e-05,-153301.68418418252,-0.9921537468787148,0.16063274609981873,18
0.1284348779956922,0.11817858863764837,0.6421795382020423,0.017292410682725412,-142268.27092917854,-0.9738606189368966,0.14623615855306804,18
0.05147875124998935,0.0530179661496286,0.9509741676594695,0.08428673175027718,-241540.93502941026,-0.9047957091902994,0.14775726751747478,18
0.09183038096932257,0.16727410214087762,0.6421795382020423,0.008293914463928076,-254097.92537956234,-0.9812217224030445,0.15285264497149545,18
0.13382815436476833,0.043061400271821995,0.6593453328677562,4.142920336580591e-05,-202473.38966329707,-0.9937230425269415,0.16066105103347492,18
0.3778823732147299,0.12097539278624184,0.7494290681449964,0.0016410649600007432,-144768.1298040974,-0.9902517607216357,0.14848483109952978,18
0.1300807561729404,0.11538304655247954,0.8296729198175729,0.17766612881891986,-220934.17679170295,-0.8523884679706103,0.14512013508147306,18
0.1284348779956922,0.11817858863764837,0.6421795382020423,0.008097049533156375,-280777.05794600997,-0.9806699381358174,0.15751731355513085,18
0.1300807561729404,0.11835754354596516,0.8297358063948106,0.17766612881891986,-366377.6294655189,-0.8150402040454906,0.14161021015968808,18
0.22793516254194168,0.08542155772525127,0.8180147659224931,0.4303652916281717,-364571.5315149774,-0.7170624578582623,0.15293052512220554,18
0.13177601084982932,0.11538304655247954,0.29323994616803484,0.08436774732650268,-467513.32549273013,-0.8558676584976973,0.1693985760841431,18
0.4016026030290279,0.060298300968691695,0.828932434640462,0.20451784772188492,-105550.47213933174,-0.8155228016397142,0.14470664317499057,18
0.5308469838701045,0.10250907052446986,0.0009283959889261062,0.08378138733200066,-353117.2781213322,-0.9548823929763387,0.17969360998224718,18
0.07455064367977082,0.19737738732010346,0.7722447692966574,0.0993578407670862,-83825.72486056504,-0.9142280938372687,0.1515352928795271,18
0.3745401188473625,0.19281365677249465,0.9073414976630599,0.00855098154048261,-141471.02422274757,-0.9852336147055013,0.16276362310633707,18
0.3599437129891291,0.030964845082872394,0.9550656520517004,0.41057563849444834,-336287.54569928197,-0.751970236407944,0.15152228682984645,18
0.3745401188473625,0.19014286128198324,0.7319939418114051,0.2993292420985183,-264185.2556893789,-0.7968811624731055,0.14549370910963585,18
0.9923969257308627,0.04417816278188065,0.20660647797422166,0.44933900791830356,-463423.19409965974,-0.8342346502700132,0.16140673590735866,18
0.24293868750403425,0.019590684680857753,0.30027913249679256,0.09205409168976547,-409525.7417706526,-0.8877266336259294,0.16265564415381492,18
0.24673106872365733,0.019590684680857753,0.013732486719438192,0.09009991718995483,-327450.4800992867,-0.9447144467030714,0.17569280610992102,18
0.7305672033077992,0.008462125117770287,0.8492816596974776,0.18156339646227476,-176382.1668605382,-0.8235341284406519,0.14992335927806727,18
0.23616517093258538,0.04685034688447514,0.289751452913768,0.0762994413232006,-396450.662277414,-0.9014293157708694,0.1634212245829203,18
0.36885589968278365,0.19014286128198324,0.7850748349501987,0.15153867763458118,-315346.9365917912,-0.8021139879138457,0.14747788980755133,18
0.5227328293819941,0.08550820367170993,0.02541912674409519,0.038422953466752785,-279820.3924234293,-0.9596192314743494,0.17071181193574006,18
0.5924145688620425,0.009290082543999545,0.6075448519014384,0.08526206184364576,-283027.2233840444,-0.9134026608361681,0.1592517940439428,18
0.1284348779956922,0.11942612271893151,0.2716836400369689,0.007638044574442372,-217945.68850423698,-0.9793899164189451,0.1682342441542637,18
0.2479574447024477,0.019590684680857753,0.013732486719438192,0.09009991718995483,-334035.37721377896,-0.9296146515880858,0.17346139936474303,18
0.25438005399927827,0.019590684680857753,0.013732486719438192,0.09009991718995483,-257872.98353941157,-0.9256432283526431,0.16512656727096353,18
0.3745401188473625,0.17050947748496267,0.7319939418114051,0.14344352167657085,-204394.80504321036,-0.8818957748733892,0.15157920861847715,18
0.05522012659157294,0.09812851157915341,0.6775643618422824,0.025528674849705155,-250209.08328206182,-0.9764055465600706,0.1575151857816006,18
0.37501376539298015,0.19014286128198324,0.7494290681449964,0.15442374159654904,-362808.53954052576,-0.8704562299532834,0.16116082623889771,18
0.3745401188473625,0.19281365677249465,0.7854475745546963,0.00855098154048261,-236582.2984430831,-0.980081927707885,0.17416942962093726,18
0.3046137691733707,0.04601196208513536,0.7229738585156452,0.17486001685781805,-256142.122143744,-0.8777937635433726,0.15500300970531283,18
0.38997297382446805,0.05954846638817293,0.8037204923313369,0.1844669457796674,-311317.95243188326,-0.8198676658177914,0.15261699295931677,18
0.3745401188473625,0.19281365677249465,0.27442066974664464,0.007644651908834489,-153898.0477670963,-0.9826652753431274,0.16383191570871705,18
0.0902897700544083,0.1670604991178476,0.32078006497173583,0.09325925519992712,-487122.49853110575,-0.9185202804192606,0.15872176038049832,19
0.040775141554763916,0.11817858863764837,0.6775643618422824,0.008293914463928076,-164928.25574532276,-0.9761572856928025,0.14977954485727155,19
0.388677289689482,0.05878318862465531,0.8287375091519293,0.17837666334679464,-107160.7907079893,-0.8279225274200805,0.1446633816251276,19
0.27963706866773386,0.01482219968643611,0.289751452913768,0.12168415765819862,-267357.1726415006,-0.8939692138659349,0.15294320883086568,19
0.39619714601074296,0.060298300968691695,0.8287375091519293,0.20451784772188492,-133936.52089538457,-0.7810686629827309,0.13251226458610885,19
0.5760886109572688,0.009290082543999545,0.6075448519014384,0.08526206184364576,-388596.7154911286,-0.9258016915179744,0.15576143457690558,19
0.1284348779956922,0.11817858863764837,0.6421795382020423,0.008293914463928076,-381100.067347893,-0.9806747163828883,0.1651975455995402,19
0.3745401188473625,0.19014286128198324,0.7494290681449964,0.15442374159654904,-371897.0350617105,-0.8962125714269634,0.15346229896710406,19
0.6659919510190668,0.19014286128198324,0.1900906799886637,0.2993292420985183,-389395.6887637836,-0.867531182586613,0.14916863612594095,19
0.38068371520605593,0.14790798748646034,0.7513734558269027,0.10538510562197449,-168099.82285637475,-0.906144783050419,0.1516782436764258,19
0.08599967469898467,0.009290082543999545,0.6043413280978748,0.06673650171766665,-264465.4055877502,-0.9445468745687174,0.15656432468943873,19
0.22545703263969052,0.014601396161534753,0.6386910457856626,0.004905928484404964,-165628.2511439904,-0.979133487354352,0.15126665877400527,19
0.4151771931257927,0.05426980635477918,0.8287375091519293,0.17837666334679464,-245984.6763284075,-0.8482871489188005,0.1470069890770362,19
0.3745401188473625,0.11435240396465488,0.7319939418114051,0.2907306241353117,-478065.92621219746,-0.7619569722945262,0.15869814654528216,19
0.1414771396138262,0.043061400271821995,0.6401966443770974,4.142920336580591e-05,-153301.68418418252,-0.9921537468787148,0.16063274609981873,19
0.1284348779956922,0.11817858863764837,0.6421795382020423,0.017292410682725412,-142268.27092917854,-0.9738606189368966,0.14623615855306804,19
0.05147875124998935,0.0530179661496286,0.9509741676594695,0.08428673175027718,-241540.93502941026,-0.9047957091902994,0.14775726751747478,19
0.09183038096932257,0.16727410214087762,0.6421795382020423,0.008293914463928076,-254097.92537956234,-0.9812217224030445,0.15285264497149545,19
0.13382815436476833,0.043061400271821995,0.6593453328677562,4.142920336580591e-05,-202473.38966329707,-0.9937230425269415,0.16066105103347492,19
0.3778823732147299,0.12097539278624184,0.7494290681449964,0.0016410649600007432,-144768.1298040974,-0.9902517607216357,0.14848483109952978,19
0.1300807561729404,0.11538304655247954,0.8296729198175729,0.17766612881891986,-220934.17679170295,-0.8523884679706103,0.14512013508147306,19
0.1284348779956922,0.11817858863764837,0.6421795382020423,0.008097049533156375,-280777.05794600997,-0.9806699381358174,0.15751731355513085,19
0.1300807561729404,0.11835754354596516,0.8297358063948106,0.17766612881891986,-366377.6294655189,-0.8150402040454906,0.14161021015968808,19
0.2675395170901318,0.04665810490288594,0.02541912674409519,0.03888199608982204,-252994.42238545953,-0.9887641306967053,0.17197140698412924,19
0.3745401188473625,0.11090458775713291,0.8891322101486617,0.07489605307303795,-356102.88449788495,-0.9445085945957138,0.15435702975220023,19
0.07526995993618618,0.043061400271821995,0.655965156793468,4.142920336580591e-05,-81526.2032921089,-0.9870618666382137,0.160031999147559,19
0.13177601084982932,0.11538304655247954,0.29323994616803484,0.08436774732650268,-467513.32549273013,-0.8558676584976973,0.1693985760841431,19
0.22793516254194168,0.08542155772525127,0.8180147659224931,0.4303652916281717,-364571.5315149774,-0.7170624578582623,0.15293052512220554,19
0.4016026030290279,0.060298300968691695,0.828932434640462,0.20451784772188492,-105550.47213933174,-0.8155228016397142,0.14470664317499057,19
0.5308469838701045,0.10250907052446986,0.0009283959889261062,0.08378138733200066,-353117.2781213322,-0.9548823929763387,0.17969360998224718,19
0.5227328293819941,0.08550820367170993,0.02541912674409519,0.038422953466752785,-279820.3924234293,-0.9596192314743494,0.17071181193574006,19
0.3745401188473625,0.19014286128198324,0.7319939418114051,0.2993292420985183,-264185.2556893789,-0.7968811624731055,0.14549370910963585,19
0.24673106872365733,0.019590684680857753,0.013732486719438192,0.09009991718995483,-327450.4800992867,-0.9447144467030714,0.17569280610992102,19
0.24293868750403425,0.019590684680857753,0.30027913249679256,0.09205409168976547,-409525.7417706526,-0.8877266336259294,0.16265564415381492,19
0.7305672033077992,0.008462125117770287,0.8492816596974776,0.18156339646227476,-176382.1668605382,-0.8235341284406519,0.14992335927806727,19
0.9923969257308627,0.04417816278188065,0.20660647797422166,0.44933900791830356,-463423.19409965974,-0.8342346502700132,0.16140673590735866,19
0.39619714601074296,0.042679121182563284,0.9006499459495689,0.24496758468283458,-320942.9727726154,-0.7601430152524701,0.1574352001677232,19
0.23616517093258538,0.04685034688447514,0.289751452913768,0.0762994413232006,-396450.662277414,-0.9014293157708694,0.1634212245829203,19
0.3599437129891291,0.030964845082872394,0.9550656520517004,0.41057563849444834,-336287.54569928197,-0.751970236407944,0.15152228682984645,19
0.36885589968278365,0.19014286128198324,0.7850748349501987,0.15153867763458118,-315346.9365917912,-0.8021139879138457,0.14747788980755133,19
0.1284348779956922,0.11942612271893151,0.2716836400369689,0.007638044574442372,-217945.68850423698,-0.9793899164189451,0.1682342441542637,19
0.25438005399927827,0.019590684680857753,0.013732486719438192,0.09009991718995483,-257872.98353941157,-0.9256432283526431,0.16512656727096353,19
0.05522012659157294,0.09812851157915341,0.6775643618422824,0.025528674849705155,-250209.08328206182,-0.9764055465600706,0.1575151857816006,19
0.388677289689482,0.05426980635477918,0.8287375091519293,0.17837666334679464,-309914.007504504,-0.914319576920441,0.15565479824767647,19
0.2479574447024477,0.019590684680857753,0.013732486719438192,0.09009991718995483,-334035.37721377896,-0.9296146515880858,0.17346139936474303,19
0.4016026030290279,0.11545367348600427,0.828932434640462,0.20451784772188492,-84671.877347343,-0.8413716723063677,0.15046479104788105,19
0.3745401188473625,0.17050947748496267,0.7319939418114051,0.14344352167657085,-204394.80504321036,-0.8818957748733892,0.15157920861847715,19
0.3745401188473625,0.19281365677249465,0.9073414976630599,0.00855098154048261,-141471.02422274757,-0.9852336147055013,0.16276362310633707,19
0.3745401188473625,0.19281365677249465,0.7854475745546963,0.00855098154048261,-236582.2984430831,-0.980081927707885,0.17416942962093726,19
0.3745401188473625,0.19281365677249465,0.27442066974664464,0.007644651908834489,-153898.0477670963,-0.9826652753431274,0.16383191570871705,19
0.0902897700544083,0.1670604991178476,0.32078006497173583,0.09325925519992712,-487122.49853110575,-0.9185202804192606,0.15872176038049832,20
0.040775141554763916,0.11817858863764837,0.6775643618422824,0.008293914463928076,-164928.25574532276,-0.9761572856928025,0.14977954485727155,20
0.388677289689482,0.05878318862465531,0.8287375091519293,0.17837666334679464,-107160.7907079893,-0.8279225274200805,0.1446633816251276,20
0.27963706866773386,0.01482219968643611,0.289751452913768,0.12168415765819862,-267357.1726415006,-0.8939692138659349,0.15294320883086568,20
0.39619714601074296,0.060298300968691695,0.8287375091519293,0.20451784772188492,-133936.52089538457,-0.7810686629827309,0.13251226458610885,20
0.5760886109572688,0.009290082543999545,0.6075448519014384,0.08526206184364576,-388596.7154911286,-0.9258016915179744,0.15576143457690558,20
0.1284348779956922,0.11817858863764837,0.6421795382020423,0.008293914463928076,-381100.067347893,-0.9806747163828883,0.1651975455995402,20
0.3745401188473625,0.19014286128198324,0.7494290681449964,0.15442374159654904,-371897.0350617105,-0.8962125714269634,0.15346229896710406,20
0.6659919510190668,0.19014286128198324,0.1900906799886637,0.2993292420985183,-389395.6887637836,-0.867531182586613,0.14916863612594095,20
0.38068371520605593,0.14790798748646034,0.7513734558269027,0.10538510562197449,-168099.82285637475,-0.906144783050419,0.1516782436764258,20
0.08599967469898467,0.009290082543999545,0.6043413280978748,0.06673650171766665,-264465.4055877502,-0.9445468745687174,0.15656432468943873,20
0.22545703263969052,0.014601396161534753,0.6386910457856626,0.004905928484404964,-165628.2511439904,-0.979133487354352,0.15126665877400527,20
0.4151771931257927,0.05426980635477918,0.8287375091519293,0.17837666334679464,-245984.6763284075,-0.8482871489188005,0.1470069890770362,20
0.3745401188473625,0.11435240396465488,0.7319939418114051,0.2907306241353117,-478065.92621219746,-0.7619569722945262,0.15869814654528216,20
0.1284348779956922,0.11817858863764837,0.6421795382020423,0.017292410682725412,-142268.27092917854,-0.9738606189368966,0.14623615855306804,20
0.05147875124998935,0.0530179661496286,0.9509741676594695,0.08428673175027718,-241540.93502941026,-0.9047957091902994,0.14775726751747478,20
0.09183038096932257,0.16727410214087762,0.6421795382020423,0.008293914463928076,-254097.92537956234,-0.9812217224030445,0.15285264497149545,20
0.13382815436476833,0.043061400271821995,0.6593453328677562,4.142920336580591e-05,-202473.38966329707,-0.9937230425269415,0.16066105103347492,20
0.3778823732147299,0.12097539278624184,0.7494290681449964,0.0016410649600007432,-144768.1298040974,-0.9902517607216357,0.14848483109952978,20
0.1300807561729404,0.11538304655247954,0.8296729198175729,0.17766612881891986,-220934.17679170295,-0.8523884679706103,0.14512013508147306,20
0.1284348779956922,0.11817858863764837,0.6421795382020423,0.008097049533156375,-280777.05794600997,-0.9806699381358174,0.15751731355513085,20
0.1300807561729404,0.11835754354596516,0.8297358063948106,0.17766612881891986,-366377.6294655189,-0.8150402040454906,0.14161021015968808,20
0.2675395170901318,0.04665810490288594,0.02541912674409519,0.03888199608982204,-252994.42238545953,-0.9887641306967053,0.17197140698412924,20
0.3745401188473625,0.11090458775713291,0.8891322101486617,0.07489605307303795,-356102.88449788495,-0.9445085945957138,0.15435702975220023,20
0.07701996515666774,0.021243933238996513,0.655965156793468,4.142920336580591e-05,-190690.78758025807,-0.9944858403916018,0.1569144227394734,20
0.5308469838701045,0.10250907052446986,0.0009283959889261062,0.08378138733200066,-353117.2781213322,-0.9548823929763387,0.17969360998224718,20
0.1414771396138262,0.043061400271821995,0.6401966443770974,4.142920336580591e-05,-153301.68418418252,-0.9921537468787148,0.16063274609981873,20
0.22793516254194168,0.08542155772525127,0.8180147659224931,0.4303652916281717,-364571.5315149774,-0.7170624578582623,0.15293052512220554,20
0.13177601084982932,0.11538304655247954,0.29323994616803484,0.08436774732650268,-467513.32549273013,-0.8558676584976973,0.1693985760841431,20
0.4016026030290279,0.060298300968691695,0.828932434640462,0.20451784772188492,-105550.47213933174,-0.8155228016397142,0.14470664317499057,20
0.07526995993618618,0.043061400271821995,0.655965156793468,4.142920336580591e-05,-81526.2032921089,-0.9870618666382137,0.160031999147559,20
0.5227328293819941,0.08550820367170993,0.02541912674409519,0.038422953466752785,-279820.3924234293,-0.9596192314743494,0.17071181193574006,20
0.24293868750403425,0.019590684680857753,0.30027913249679256,0.09205409168976547,-409525.7417706526,-0.8877266336259294,0.16265564415381492,20
0.7305672033077992,0.008462125117770287,0.8492816596974776,0.18156339646227476,-176382.1668605382,-0.8235341284406519,0.14992335927806727,20
0.24673106872365733,0.019590684680857753,0.013732486719438192,0.09009991718995483,-327450.4800992867,-0.9447144467030714,0.17569280610992102,20
0.3745401188473625,0.19014286128198324,0.7319939418114051,0.2993292420985183,-264185.2556893789,-0.7968811624731055,0.14549370910963585,20
0.9923969257308627,0.04417816278188065,0.20660647797422166,0.44933900791830356,-463423.19409965974,-0.8342346502700132,0.16140673590735866,20
0.3745401188473625,0.17050947748496267,0.7319939418114051,0.14344352167657085,-204394.80504321036,-0.8818957748733892,0.15157920861847715,20
0.388677289689482,0.05426980635477918,0.8287375091519293,0.17837666334679464,-309914.007504504,-0.914319576920441,0.15565479824767647,20
0.3599437129891291,0.030964845082872394,0.9550656520517004,0.41057563849444834,-336287.54569928197,-0.751970236407944,0.15152228682984645,20
0.23616517093258538,0.04685034688447514,0.289751452913768,0.0762994413232006,-396450.662277414,-0.9014293157708694,0.1634212245829203,20
0.39619714601074296,0.042679121182563284,0.9006499459495689,0.24496758468283458,-320942.9727726154,-0.7601430152524701,0.1574352001677232,20
0.36885589968278365,0.19014286128198324,0.7850748349501987,0.15153867763458118,-315346.9365917912,-0.8021139879138457,0.14747788980755133,20
0.05522012659157294,0.09812851157915341,0.6775643618422824,0.025528674849705155,-250209.08328206182,-0.9764055465600706,0.1575151857816006,20
0.1284348779956922,0.11942612271893151,0.2716836400369689,0.007638044574442372,-217945.68850423698,-0.9793899164189451,0.1682342441542637,20
0.2479574447024477,0.019590684680857753,0.013732486719438192,0.09009991718995483,-334035.37721377896,-0.9296146515880858,0.17346139936474303,20
0.25438005399927827,0.019590684680857753,0.013732486719438192,0.09009991718995483,-257872.98353941157,-0.9256432283526431,0.16512656727096353,20
0.4016026030290279,0.11545367348600427,0.828932434640462,0.20451784772188492,-84671.877347343,-0.8413716723063677,0.15046479104788105,20
0.3745401188473625,0.19281365677249465,0.7854475745546963,0.00855098154048261,-236582.2984430831,-0.980081927707885,0.17416942962093726,20
0.3745401188473625,0.19281365677249465,0.27442066974664464,0.007644651908834489,-153898.0477670963,-0.9826652753431274,0.16383191570871705,20
0.0902897700544083,0.1670604991178476,0.32078006497173583,0.09325925519992712,-487122.49853110575,-0.9185202804192606,0.15872176038049832,21
0.040775141554763916,0.11817858863764837,0.6775643618422824,0.008293914463928076,-164928.25574532276,-0.9761572856928025,0.14977954485727155,21
0.27963706866773386,0.01482219968643611,0.289751452913768,0.12168415765819862,-267357.1726415006,-0.8939692138659349,0.15294320883086568,21
0.39619714601074296,0.060298300968691695,0.8287375091519293,0.20451784772188492,-133936.52089538457,-0.7810686629827309,0.13251226458610885,21
0.5760886109572688,0.009290082543999545,0.6075448519014384,0.08526206184364576,-388596.7154911286,-0.9258016915179744,0.15576143457690558,21
0.1284348779956922,0.11817858863764837,0.6421795382020423,0.008293914463928076,-381100.067347893,-0.9806747163828883,0.1651975455995402,21
0.3745401188473625,0.19014286128198324,0.7494290681449964,0.15442374159654904,-371897.0350617105,-0.8962125714269634,0.15346229896710406,21
0.6659919510190668,0.19014286128198324,0.1900906799886637,0.2993292420985183,-389395.6887637836,-0.867531182586613,0.14916863612594095,21
0.38068371520605593,0.14790798748646034,0.7513734558269027,0.10538510562197449,-168099.82285637475,-0.906144783050419,0.1516782436764258,21
0.22545703263969052,0.014601396161534753,0.6386910457856626,0.004905928484404964,-165628.2511439904,-0.979133487354352,0.15126665877400527,21
0.4151771931257927,0.05426980635477918,0.8287375091519293,0.17837666334679464,-245984.6763284075,-0.8482871489188005,0.1470069890770362,21
0.3745401188473625,0.11435240396465488,0.7319939418114051,0.2907306241353117,-478065.92621219746,-0.7619569722945262,0.15869814654528216,21
0.1284348779956922,0.11817858863764837,0.6421795382020423,0.017292410682725412,-142268.27092917854,-0.9738606189368966,0.14623615855306804,21
0.05147875124998935,0.0530179661496286,0.9509741676594695,0.08428673175027718,-241540.93502941026,-0.9047957091902994,0.14775726751747478,21
0.09183038096932257,0.16727410214087762,0.6421795382020423,0.008293914463928076,-254097.92537956234,-0.9812217224030445,0.15285264497149545,21
0.13382815436476833,0.043061400271821995,0.6593453328677562,4.142920336580591e-05,-202473.38966329707,-0.9937230425269415,0.16066105103347492,21
0.3778823732147299,0.12097539278624184,0.7494290681449964,0.0016410649600007432,-144768.1298040974,-0.9902517607216357,0.14848483109952978,21
0.1300807561729404,0.11538304655247954,0.8296729198175729,0.17766612881891986,-220934.17679170295,-0.8523884679706103,0.14512013508147306,21
0.1300807561729404,0.11835754354596516,0.8297358063948106,0.17766612881891986,-366377.6294655189,-0.8150402040454906,0.14161021015968808,21
0.2675395170901318,0.04665810490288594,0.02541912674409519,0.03888199608982204,-252994.42238545953,-0.9887641306967053,0.17197140698412924,21
0.3745401188473625,0.11090458775713291,0.8891322101486617,0.07489605307303795,-356102.88449788495,-0.9445085945957138,0.15435702975220023,21
0.07701996515666774,0.021243933238996513,0.655965156793468,4.142920336580591e-05,-190690.78758025807,-0.9944858403916018,0.1569144227394734,21
0.39619714601074296,0.060298300968691695,0.8287375091519293,0.22119603146653455,-168919.3510244587,-0.841738336188875,0.14291641220688542,21
0.1414771396138262,0.04372434796281793,0.8202806676998,0.0010412494192634236,-317896.31498616515,-0.9877092126719367,0.15560172259268504,21
0.13177601084982932,0.11538304655247954,0.29323994616803484,0.08436774732650268,-467513.32549273013,-0.8558676584976973,0.1693985760841431,21
0.24293868750403425,0.019590684680857753,0.30027913249679256,0.09205409168976547,-409525.7417706526,-0.8877266336259294,0.16265564415381492,21
0.9923969257308627,0.04417816278188065,0.20660647797422166,0.44933900791830356,-463423.19409965974,-0.8342346502700132,0.16140673590735866,21
0.23616517093258538,0.04685034688447514,0.289751452913768,0.0762994413232006,-396450.662277414,-0.9014293157708694,0.1634212245829203,21
0.5308469838701045,0.10250907052446986,0.0009283959889261062,0.08378138733200066,-353117.2781213322,-0.9548823929763387,0.17969360998224718,21
0.24673106872365733,0.019590684680857753,0.013732486719438192,0.09009991718995483,-327450.4800992867,-0.9447144467030714,0.17569280610992102,21
0.3745401188473625,0.17050947748496267,0.7319939418114051,0.14344352167657085,-204394.80504321036,-0.8818957748733892,0.15157920861847715,21
0.7305672033077992,0.008462125117770287,0.8492816596974776,0.18156339646227476,-176382.1668605382,-0.8235341284406519,0.14992335927806727,21
0.22793516254194168,0.08542155772525127,0.8180147659224931,0.4303652916281717,-364571.5315149774,-0.7170624578582623,0.15293052512220554,21
0.3745401188473625,0.19014286128198324,0.7319939418114051,0.2993292420985183,-264185.2556893789,-0.7968811624731055,0.14549370910963585,21
0.3599437129891291,0.030964845082872394,0.9550656520517004,0.41057563849444834,-336287.54569928197,-0.751970236407944,0.15152228682984645,21
0.36885589968278365,0.19014286128198324,0.7850748349501987,0.15153867763458118,-315346.9365917912,-0.8021139879138457,0.14747788980755133,21
0.39619714601074296,0.042679121182563284,0.9006499459495689,0.24496758468283458,-320942.9727726154,-0.7601430152524701,0.1574352001677232,21
0.2479574447024477,0.019590684680857753,0.013732486719438192,0.09009991718995483,-334035.37721377896,-0.9296146515880858,0.17346139936474303,21
0.1414771396138262,0.043061400271821995,0.6401966443770974,4.142920336580591e-05,-153301.68418418252,-0.9921537468787148,0.16063274609981873,21
0.388677289689482,0.05878318862465531,0.8287375091519293,0.17837666334679464,-107160.7907079893,-0.8279225274200805,0.1446633816251276,21
0.4016026030290279,0.11545367348600427,0.828932434640462,0.20451784772188492,-84671.877347343,-0.8413716723063677,0.15046479104788105,21
0.08599967469898467,0.009290082543999545,0.6043413280978748,0.06673650171766665,-264465.4055877502,-0.9445468745687174,0.15656432468943873,21
0.1284348779956922,0.11817858863764837,0.6421795382020423,0.008097049533156375,-280777.05794600997,-0.9806699381358174,0.15751731355513085,21
0.07526995993618618,0.043061400271821995,0.655965156793468,4.142920336580591e-05,-81526.2032921089,-0.9870618666382137,0.160031999147559,21
0.388677289689482,0.05426980635477918,0.8287375091519293,0.17837666334679464,-309914.007504504,-0.914319576920441,0.15565479824767647,21
0.05522012659157294,0.09812851157915341,0.6775643618422824,0.025528674849705155,-250209.08328206182,-0.9764055465600706,0.1575151857816006,21
0.3745401188473625,0.19281365677249465,0.27442066974664464,0.007644651908834489,-153898.0477670963,-0.9826652753431274,0.16383191570871705,21
0.4016026030290279,0.060298300968691695,0.828932434640462,0.20451784772188492,-105550.47213933174,-0.8155228016397142,0.14470664317499057,21
0.5227328293819941,0.11301668913220063,0.02541912674409519,0.05605317267777242,-289274.1698465593,-0.8616352175018139,0.1761750907532,21
0.21873194625340742,0.11573838974023144,0.8296995385401229,0.41686460201604475,-205646.3173214648,-0.705891708717128,0.15635493479319848,21
0.0902897700544083,0.1670604991178476,0.32078006497173583,0.09325925519992712,-487122.49853110575,-0.9185202804192606,0.15872176038049832,22
0.040775141554763916,0.11817858863764837,0.6775643618422824,0.008293914463928076,-164928.25574532276,-0.9761572856928025,0.14977954485727155,22
0.27963706866773386,0.01482219968643611,0.289751452913768,0.12168415765819862,-267357.1726415006,-0.8939692138659349,0.15294320883086568,22
0.39619714601074296,0.060298300968691695,0.8287375091519293,0.20451784772188492,-133936.52089538457,-0.7810686629827309,0.13251226458610885,22
0.5760886109572688,0.009290082543999545,0.6075448519014384,0.08526206184364576,-388596.7154911286,-0.9258016915179744,0.15576143457690558,22
0.1284348779956922,0.11817858863764837,0.6421795382020423,0.008293914463928076,-381100.067347893,-0.9806747163828883,0.1651975455995402,22
0.3745401188473625,0.19014286128198324,0.7494290681449964,0.15442374159654904,-371897.0350617105,-0.8962125714269634,0.15346229896710406,22
0.6659919510190668,0.19014286128198324,0.1900906799886637,0.2993292420985183,-389395.6887637836,-0.867531182586613,0.14916863612594095,22
0.38068371520605593,0.14790798748646034,0.7513734558269027,0.10538510562197449,-168099.82285637475,-0.906144783050419,0.1516782436764258,22
0.22545703263969052,0.014601396161534753,0.6386910457856626,0.004905928484404964,-165628.2511439904,-0.979133487354352,0.15126665877400527,22
0.4151771931257927,0.05426980635477918,0.8287375091519293,0.17837666334679464,-245984.6763284075,-0.8482871489188005,0.1470069890770362,22
0.3745401188473625,0.11435240396465488,0.7319939418114051,0.2907306241353117,-478065.92621219746,-0.7619569722945262,0.15869814654528216,22
0.1284348779956922,0.11817858863764837,0.6421795382020423,0.017292410682725412,-142268.27092917854,-0.9738606189368966,0.14623615855306804,22
0.05147875124998935,0.0530179661496286,0.9509741676594695,0.08428673175027718,-241540.93502941026,-0.9047957091902994,0.14775726751747478,22
0.09183038096932257,0.16727410214087762,0.6421795382020423,0.008293914463928076,-254097.92537956234,-0.9812217224030445,0.15285264497149545,22
0.13382815436476833,0.043061400271821995,0.6593453328677562,4.142920336580591e-05,-202473.38966329707,-0.9937230425269415,0.16066105103347492,22
0.3778823732147299,0.12097539278624184,0.7494290681449964,0.0016410649600007432,-144768.1298040974,-0.9902517607216357,0.14848483109952978,22
0.1300807561729404,0.11538304655247954,0.8296729198175729,0.17766612881891986,-220934.17679170295,-0.8523884679706103,0.14512013508147306,22
0.1300807561729404,0.11835754354596516,0.8297358063948106,0.17766612881891986,-366377.6294655189,-0.8150402040454906,0.14161021015968808,22
0.3745401188473625,0.11090458775713291,0.8891322101486617,0.07489605307303795,-356102.88449788495,-0.9445085945957138,0.15435702975220023,22
0.07701996515666774,0.021243933238996513,0.655965156793468,4.142920336580591e-05,-190690.78758025807,-0.9944858403916018,0.1569144227394734,22
0.39619714601074296,0.060298300968691695,0.8287375091519293,0.22119603146653455,-168919.3510244587,-0.841738336188875,0.14291641220688542,22
0.1414771396138262,0.04372434796281793,0.8202806676998,0.0010412494192634236,-317896.31498616515,-0.9877092126719367,0.15560172259268504,22
0.24293868750403425,0.018494656323707035,0.30027913249679256,0.09318501966885875,-558311.7377050066,-0.9218527110106222,0.17105033356551033,22
0.5453010280869183,0.11132465840378787,0.22593191303826066,0.05257832244948371,-429761.41076224553,-0.9498536209790464,0.16005903130695662,22
0.06802993496863002,0.043061400271821995,0.655965156793468,4.142920336580591e-05,-314516.5844265775,-0.9929913894411008,0.16862746456304678,22
0.1414771396138262,0.043061400271821995,0.6401966443770974,4.142920336580591e-05,-153301.68418418252,-0.9921537468787148,0.16063274609981873,22
0.5308469838701045,0.10250907052446986,0.0009283959889261062,0.08378138733200066,-353117.2781213322,-0.9548823929763387,0.17969360998224718,22
0.388677289689482,0.05878318862465531,0.8287375091519293,0.17837666334679464,-107160.7907079893,-0.8279225274200805,0.1446633816251276,22
0.13177601084982932,0.11538304655247954,0.29323994616803484,0.08436774732650268,-467513.32549273013,-0.8558676584976973,0.1693985760841431,22
0.22793516254194168,0.08542155772525127,0.8180147659224931,0.4303652916281717,-364571.5315149774,-0.7170624578582623,0.15293052512220554,22
0.388677289689482,0.05536584863536638,0.8287375091519293,0.17724573538295965,-65448.59754599314,-0.8731673831194245,0.1506208312448027,22
0.7305672033077992,0.008462125117770287,0.8492816596974776,0.18156339646227476,-176382.1668605382,-0.8235341284406519,0.14992335927806727,22
0.24293868750403425,0.019590684680857753,0.30027913249679256,0.09205409168976547,-409525.7417706526,-0.8877266336259294,0.16265564415381492,22
0.388677289689482,0.05426980635477918,0.8287375091519293,0.17837666334679464,-309914.007504504,-0.914319576920441,0.15565479824767647,22
0.3745401188473625,0.17050947748496267,0.7319939418114051,0.14344352167657085,-204394.80504321036,-0.8818957748733892,0.15157920861847715,22
0.3745401188473625,0.19014286128198324,0.7319939418114051,0.2993292420985183,-264185.2556893789,-0.7968811624731055,0.14549370910963585,22
0.3745401188473625,0.19281365677249465,0.27442066974664464,0.007644651908834489,-153898.0477670963,-0.9826652753431274,0.16383191570871705,22
0.9923969257308627,0.04417816278188065,0.20660647797422166,0.44933900791830356,-463423.19409965974,-0.8342346502700132,0.16140673590735866,22
0.36885589968278365,0.19014286128198324,0.7850748349501987,0.15153867763458118,-315346.9365917912,-0.8021139879138457,0.14747788980755133,22
0.24673106872365733,0.019590684680857753,0.013732486719438192,0.09009991718995483,-327450.4800992867,-0.9447144467030714,0.17569280610992102,22
0.23616517093258538,0.04685034688447514,0.289751452913768,0.0762994413232006,-396450.662277414,-0.9014293157708694,0.1634212245829203,22
0.2479574447024477,0.019590684680857753,0.013732486719438192,0.09009991718995483,-334035.37721377896,-0.9296146515880858,0.17346139936474303,22
0.3599437129891291,0.030964845082872394,0.9550656520517004,0.41057563849444834,-336287.54569928197,-0.751970236407944,0.15152228682984645,22
0.39619714601074296,0.042679121182563284,0.9006499459495689,0.24496758468283458,-320942.9727726154,-0.7601430152524701,0.1574352001677232,22
0.05522012659157294,0.09812851157915341,0.6775643618422824,0.025528674849705155,-250209.08328206182,-0.9764055465600706,0.1575151857816006,22
0.1284348779956922,0.11817858863764837,0.6421795382020423,0.008097049533156375,-280777.05794600997,-0.9806699381358174,0.15751731355513085,22
0.2675395170901318,0.04665810490288594,0.02541912674409519,0.03888199608982204,-252994.42238545953,-0.9887641306967053,0.17197140698412924,22
0.4016026030290279,0.11545367348600427,0.828932434640462,0.20451784772188492,-84671.877347343,-0.8413716723063677,0.15046479104788105,22
0.07526995993618618,0.043061400271821995,0.655965156793468,4.142920336580591e-05,-81526.2032921089,-0.9870618666382137,0.160031999147559,22
0.0902897700544083,0.1670604991178476,0.32078006497173583,0.09325925519992712,-487122.49853110575,-0.9185202804192606,0.15872176038049832,23
0.040775141554763916,0.11817858863764837,0.6775643618422824,0.008293914463928076,-164928.25574532276,-0.9761572856928025,0.14977954485727155,23
0.27963706866773386,0.01482219968643611,0.289751452913768,0.12168415765819862,-267357.1726415006,-0.8939692138659349,0.15294320883086568,23
0.39619714601074296,0.060298300968691695,0.8287375091519293,0.20451784772188492,-133936.52089538457,-0.7810686629827309,0.13251226458610885,23
0.5760886109572688,0.009290082543999545,0.6075448519014384,0.08526206184364576,-388596.7154911286,-0.9258016915179744,0.15576143457690558,23
0.3745401188473625,0.19014286128198324,0.7494290681449964,0.15442374159654904,-371897.0350617105,-0.8962125714269634,0.15346229896710406,23
0.6659919510190668,0.19014286128198324,0.1900906799886637,0.2993292420985183,-389395.6887637836,-0.867531182586613,0.14916863612594095,23
0.38068371520605593,0.14790798748646034,0.7513734558269027,0.10538510562197449,-168099.82285637475,-0.906144783050419,0.1516782436764258,23
0.22545703263969052,0.014601396161534753,0.6386910457856626,0.004905928484404964,-165628.2511439904,-0.979133487354352,0.15126665877400527,23
0.4151771931257927,0.05426980635477918,0.8287375091519293,0.17837666334679464,-245984.6763284075,-0.8482871489188005,0.1470069890770362,23
0.3745401188473625,0.11435240396465488,0.7319939418114051,0.2907306241353117,-478065.92621219746,-0.7619569722945262,0.15869814654528216,23
0.1284348779956922,0.11817858863764837,0.6421795382020423,0.017292410682725412,-142268.27092917854,-0.9738606189368966,0.14623615855306804,23
0.05147875124998935,0.0530179661496286,0.9509741676594695,0.08428673175027718,-241540.93502941026,-0.9047957091902994,0.14775726751747478,23
0.09183038096932257,0.16727410214087762,0.6421795382020423,0.008293914463928076,-254097.92537956234,-0.9812217224030445,0.15285264497149545,23
0.13382815436476833,0.043061400271821995,0.6593453328677562,4.142920336580591e-05,-202473.38966329707,-0.9937230425269415,0.16066105103347492,23
0.3778823732147299,0.12097539278624184,0.7494290681449964,0.0016410649600007432,-144768.1298040974,-0.9902517607216357,0.14848483109952978,23
0.1300807561729404,0.11538304655247954,0.8296729198175729,0.17766612881891986,-220934.17679170295,-0.8523884679706103,0.14512013508147306,23
0.1300807561729404,0.11835754354596516,0.8297358063948106,0.17766612881891986,-366377.6294655189,-0.8150402040454906,0.14161021015968808,23
0.3745401188473625,0.11090458775713291,0.8891322101486617,0.07489605307303795,-356102.88449788495,-0.9445085945957138,0.15435702975220023,23
0.07701996515666774,0.021243933238996513,0.655965156793468,4.142920336580591e-05,-190690.78758025807,-0.9944858403916018,0.1569144227394734,23
0.39619714601074296,0.060298300968691695,0.8287375091519293,0.22119603146653455,-168919.3510244587,-0.841738336188875,0.14291641220688542,23
0.1414771396138262,0.04372434796281793,0.8202806676998,0.0010412494192634236,-317896.31498616515,-0.9877092126719367,0.15560172259268504,23
0.24293868750403425,0.018494656323707035,0.30027913249679256,0.09318501966885875,-558311.7377050066,-0.9218527110106222,0.17105033356551033,23
0.5453010280869183,0.11132465840378787,0.22593191303826066,0.05257832244948371,-429761.41076224553,-0.9498536209790464,0.16005903130695662,23
0.06802993496863002,0.043061400271821995,0.655965156793468,4.142920336580591e-05,-314516.5844265775,-0.9929913894411008,0.16862746456304678,23
0.3745401188473625,0.19758484566139395,0.27442066974664464,0.007484102100868299,-394857.94217736874,-0.9895900349671255,0.1588972886178762,23
0.13177601084982932,0.11538304655247954,0.29323994616803484,0.08436774732650268,-467513.32549273013,-0.8558676584976973,0.1693985760841431,23
0.9923969257308627,0.04417816278188065,0.20660647797422166,0.44933900791830356,-463423.19409965974,-0.8342346502700132,0.16140673590735866,23
0.3745401188473625,0.17050947748496267,0.7319939418114051,0.14344352167657085,-204394.80504321036,-0.8818957748733892,0.15157920861847715,23
0.38864635610949716,0.1700923973005813,0.8287375091519293,0.17724573538295965,-217442.6402557787,-0.8836854159287565,0.15290605228491616,23
0.388677289689482,0.05536584863536638,0.8287375091519293,0.17724573538295965,-65448.59754599314,-0.8731673831194245,0.1506208312448027,23
0.7305672033077992,0.008462125117770287,0.8492816596974776,0.18156339646227476,-176382.1668605382,-0.8235341284406519,0.14992335927806727,23
0.22793516254194168,0.08542155772525127,0.8180147659224931,0.4303652916281717,-364571.5315149774,-0.7170624578582623,0.15293052512220554,23
0.3745401188473625,0.19014286128198324,0.7319939418114051,0.2993292420985183,-264185.2556893789,-0.7968811624731055,0.14549370910963585,23
0.36885589968278365,0.19014286128198324,0.7850748349501987,0.15153867763458118,-315346.9365917912,-0.8021139879138457,0.14747788980755133,23
0.3599437129891291,0.030964845082872394,0.9550656520517004,0.41057563849444834,-336287.54569928197,-0.751970236407944,0.15152228682984645,23
0.39619714601074296,0.042679121182563284,0.9006499459495689,0.24496758468283458,-320942.9727726154,-0.7601430152524701,0.1574352001677232,23
0.1414771396138262,0.043061400271821995,0.6401966443770974,4.142920336580591e-05,-153301.68418418252,-0.9921537468787148,0.16063274609981873,23
0.07701996515666774,0.012597771930927168,0.11399035769294158,4.142920336580591e-05,-165058.28185649813,-0.9912095492010103,0.163766413743911,23
0.388677289689482,0.05878318862465531,0.8287375091519293,0.17837666334679464,-107160.7907079893,-0.8279225274200805,0.1446633816251276,23
0.4016026030290279,0.11545367348600427,0.828932434640462,0.20451784772188492,-84671.877347343,-0.8413716723063677,0.15046479104788105,23
0.388677289689482,0.05426980635477918,0.8287375091519293,0.17837666334679464,-309914.007504504,-0.914319576920441,0.15565479824767647,23
0.05522012659157294,0.09812851157915341,0.6775643618422824,0.025528674849705155,-250209.08328206182,-0.9764055465600706,0.1575151857816006,23
0.1284348779956922,0.11817858863764837,0.6421795382020423,0.008097049533156375,-280777.05794600997,-0.9806699381358174,0.15751731355513085,23
0.24293868750403425,0.019590684680857753,0.30027913249679256,0.09205409168976547,-409525.7417706526,-0.8877266336259294,0.16265564415381492,23
0.23616517093258538,0.04685034688447514,0.289751452913768,0.0762994413232006,-396450.662277414,-0.9014293157708694,0.1634212245829203,23
0.1284348779956922,0.11817858863764837,0.6421795382020423,0.008293914463928076,-381100.067347893,-0.9806747163828883,0.1651975455995402,23
0.2675395170901318,0.04665810490288594,0.02541912674409519,0.03888199608982204,-252994.42238545953,-0.9887641306967053,0.17197140698412924,23
0.07526995993618618,0.043061400271821995,0.655965156793468,4.142920336580591e-05,-81526.2032921089,-0.9870618666382137,0.160031999147559,23
0.37457105242734734,0.03456358038583219,0.8198107150961734,0.14344352167657085,-79807.06820330201,-0.9051139037266956,0.15689028651098688,23
0.0902897700544083,0.1670604991178476,0.32078006497173583,0.09325925519992712,-487122.49853110575,-0.9185202804192606,0.15872176038049832,24
0.040775141554763916,0.11817858863764837,0.6775643618422824,0.008293914463928076,-164928.25574532276,-0.9761572856928025,0.14977954485727155,24
0.27963706866773386,0.01482219968643611,0.289751452913768,0.12168415765819862,-267357.1726415006,-0.8939692138659349,0.15294320883086568,24
0.39619714601074296,0.060298300968691695,0.8287375091519293,0.20451784772188492,-133936.52089538457,-0.7810686629827309,0.13251226458610885,24
0.5760886109572688,0.009290082543999545,0.6075448519014384,0.08526206184364576,-388596.7154911286,-0.9258016915179744,0.15576143457690558,24
0.3745401188473625,0.19014286128198324,0.7494290681449964,0.15442374159654904,-371897.0350617105,-0.8962125714269634,0.15346229896710406,24
0.6659919510190668,0.19014286128198324,0.1900906799886637,0.2993292420985183,-389395.6887637836,-0.867531182586613,0.14916863612594095,24
0.38068371520605593,0.14790798748646034,0.7513734558269027,0.10538510562197449,-168099.82285637475,-0.906144783050419,0.1516782436764258,24
0.22545703263969052,0.014601396161534753,0.6386910457856626,0.004905928484404964,-165628.2511439904,-0.979133487354352,0.15126665877400527,24
0.3745401188473625,0.11435240396465488,0.7319939418114051,0.2907306241353117,-478065.92621219746,-0.7619569722945262,0.15869814654528216,24
0.1284348779956922,0.11817858863764837,0.6421795382020423,0.017292410682725412,-142268.27092917854,-0.9738606189368966,0.14623615855306804,24
0.05147875124998935,0.0530179661496286,0.9509741676594695,0.08428673175027718,-241540.93502941026,-0.9047957091902994,0.14775726751747478,24
0.09183038096932257,0.16727410214087762,0.6421795382020423,0.008293914463928076,-254097.92537956234,-0.9812217224030445,0.15285264497149545,24
0.13382815436476833,0.043061400271821995,0.6593453328677562,4.142920336580591e-05,-202473.38966329707,-0.9937230425269415,0.16066105103347492,24
0.3778823732147299,0.12097539278624184,0.7494290681449964,0.0016410649600007432,-144768.1298040974,-0.9902517607216357,0.14848483109952978,24
0.1300807561729404,0.11538304655247954,0.8296729198175729,0.17766612881891986,-220934.17679170295,-0.8523884679706103,0.14512013508147306,24
0.1300807561729404,0.11835754354596516,0.8297358063948106,0.17766612881891986,-366377.6294655189,-0.8150402040454906,0.14161021015968808,24
0.3745401188473625,0.11090458775713291,0.8891322101486617,0.07489605307303795,-356102.88449788495,-0.9445085945957138,0.15435702975220023,24
0.07701996515666774,0.021243933238996513,0.655965156793468,4.142920336580591e-05,-190690.78758025807,-0.9944858403916018,0.1569144227394734,24
0.39619714601074296,0.060298300968691695,0.8287375091519293,0.22119603146653455,-168919.3510244587,-0.841738336188875,0.14291641220688542,24
0.1414771396138262,0.04372434796281793,0.8202806676998,0.0010412494192634236,-317896.31498616515,-0.9877092126719367,0.15560172259268504,24
0.24293868750403425,0.018494656323707035,0.30027913249679256,0.09318501966885875,-558311.7377050066,-0.9218527110106222,0.17105033356551033,24
0.5453010280869183,0.11132465840378787,0.22593191303826066,0.05257832244948371,-429761.41076224553,-0.9498536209790464,0.16005903130695662,24
0.06802993496863002,0.043061400271821995,0.655965156793468,4.142920336580591e-05,-314516.5844265775,-0.9929913894411008,0.16862746456304678,24
0.3745401188473625,0.19758484566139395,0.27442066974664464,0.007484102100868299,-394857.94217736874,-0.9895900349671255,0.1588972886178762,24
0.4417270844437944,0.060298300968691695,0.8287375091519293,0.17390252636253686,-283879.6554754333,-0.8494079736634843,0.14425406563106716,24
0.06802993496863002,0.043061400271821995,0.6716885355040169,4.142920336580591e-05,-333778.64944668027,-0.9922631352040288,0.17260897390142094,24
0.13177601084982932,0.11538304655247954,0.29323994616803484,0.08436774732650268,-467513.32549273013,-0.8558676584976973,0.1693985760841431,24
0.9923969257308627,0.04417816278188065,0.20660647797422166,0.44933900791830356,-463423.19409965974,-0.8342346502700132,0.16140673590735866,24
0.3745401188473625,0.17050947748496267,0.7319939418114051,0.14344352167657085,-204394.80504321036,-0.8818957748733892,0.15157920861847715,24
0.38864635610949716,0.1700923973005813,0.8287375091519293,0.17724573538295965,-217442.6402557787,-0.8836854159287565,0.15290605228491616,24
0.388677289689482,0.05536584863536638,0.8287375091519293,0.17724573538295965,-65448.59754599314,-0.8731673831194245,0.1506208312448027,24
0.22793516254194168,0.08542155772525127,0.8180147659224931,0.4303652916281717,-364571.5315149774,-0.7170624578582623,0.15293052512220554,24
0.36885589968278365,0.19014286128198324,0.7850748349501987,0.15153867763458118,-315346.9365917912,-0.8021139879138457,0.14747788980755133,24
0.3599437129891291,0.030964845082872394,0.9550656520517004,0.41057563849444834,-336287.54569928197,-0.751970236407944,0.15152228682984645,24
0.39619714601074296,0.042679121182563284,0.9006499459495689,0.24496758468283458,-320942.9727726154,-0.7601430152524701,0.1574352001677232,24
0.1414771396138262,0.043061400271821995,0.6401966443770974,4.142920336580591e-05,-153301.68418418252,-0.9921537468787148,0.16063274609981873,24
0.07701996515666774,0.012597771930927168,0.11399035769294158,4.142920336580591e-05,-165058.28185649813,-0.9912095492010103,0.163766413743911,24
0.388677289689482,0.05426980635477918,0.8287375091519293,0.17837666334679464,-309914.007504504,-0.914319576920441,0.15565479824767647,24
0.05522012659157294,0.09812851157915341,0.6775643618422824,0.025528674849705155,-250209.08328206182,-0.9764055465600706,0.1575151857816006,24
0.1284348779956922,0.11817858863764837,0.6421795382020423,0.008097049533156375,-280777.05794600997,-0.9806699381358174,0.15751731355513085,24
0.1284348779956922,0.1890524862803853,0.6436498129469637,0.017292410682725412,-128494.68622103329,-0.979068783097516,0.15689665615681447,24
0.24293868750403425,0.019590684680857753,0.30027913249679256,0.09205409168976547,-409525.7417706526,-0.8877266336259294,0.16265564415381492,24
0.23616517093258538,0.04685034688447514,0.289751452913768,0.0762994413232006,-396450.662277414,-0.9014293157708694,0.1634212245829203,24
0.1284348779956922,0.11817858863764837,0.6421795382020423,0.008293914463928076,-381100.067347893,-0.9806747163828883,0.1651975455995402,24
0.2675395170901318,0.04665810490288594,0.02541912674409519,0.03888199608982204,-252994.42238545953,-0.9887641306967053,0.17197140698412924,24
0.07526995993618618,0.043061400271821995,0.655965156793468,4.142920336580591e-05,-81526.2032921089,-0.9870618666382137,0.160031999147559,24
0.4151771931257927,0.05426980635477918,0.8287375091519293,0.17837666334679464,-245984.6763284075,-0.8482871489188005,0.1470069890770362,24
0.3745401188473625,0.19014286128198324,0.7319939418114051,0.2993292420985183,-264185.2556893789,-0.7968811624731055,0.14549370910963585,24
0.388677289689482,0.05878318862465531,0.8287375091519293,0.17837666334679464,-107160.7907079893,-0.8279225274200805,0.1446633816251276,24
0.0902897700544083,0.1670604991178476,0.32078006497173583,0.09325925519992712,-487122.49853110575,-0.9185202804192606,0.15872176038049832,25
0.27963706866773386,0.01482219968643611,0.289751452913768,0.12168415765819862,-267357.1726415006,-0.8939692138659349,0.15294320883086568,25
0.39619714601074296,0.060298300968691695,0.8287375091519293,0.20451784772188492,-133936.52089538457,-0.7810686629827309,0.13251226458610885,25
0.5760886109572688,0.009290082543999545,0.6075448519014384,0.08526206184364576,-388596.7154911286,-0.9258016915179744,0.15576143457690558,25
0.3745401188473625,0.19014286128198324,0.7494290681449964,0.15442374159654904,-371897.0350617105,-0.8962125714269634,0.15346229896710406,25
0.6659919510190668,0.19014286128198324,0.1900906799886637,0.2993292420985183,-389395.6887637836,-0.867531182586613,0.14916863612594095,25
0.3745401188473625,0.11435240396465488,0.7319939418114051,0.2907306241353117,-478065.92621219746,-0.7619569722945262,0.15869814654528216,25
0.1284348779956922,0.11817858863764837,0.6421795382020423,0.017292410682725412,-142268.27092917854,-0.9738606189368966,0.14623615855306804,25
0.05147875124998935,0.0530179661496286,0.9509741676594695,0.08428673175027718,-241540.93502941026,-0.9047957091902994,0.14775726751747478,25
0.09183038096932257,0.16727410214087762,0.6421795382020423,0.008293914463928076,-254097.92537956234,-0.9812217224030445,0.15285264497149545,25
0.13382815436476833,0.043061400271821995,0.6593453328677562,4.142920336580591e-05,-202473.38966329707,-0.9937230425269415,0.16066105103347492,25
0.3778823732147299,0.12097539278624184,0.7494290681449964,0.0016410649600007432,-144768.1298040974,-0.9902517607216357,0.14848483109952978,25
0.1300807561729404,0.11538304655247954,0.8296729198175729,0.17766612881891986,-220934.17679170295,-0.8523884679706103,0.14512013508147306,25
0.1300807561729404,0.11835754354596516,0.8297358063948106,0.17766612881891986,-366377.6294655189,-0.8150402040454906,0.14161021015968808,25
0.3745401188473625,0.11090458775713291,0.8891322101486617,0.07489605307303795,-356102.88449788495,-0.9445085945957138,0.15435702975220023,25
0.07701996515666774,0.021243933238996513,0.655965156793468,4.142920336580591e-05,-190690.78758025807,-0.9944858403916018,0.1569144227394734,25
0.39619714601074296,0.060298300968691695,0.8287375091519293,0.22119603146653455,-168919.3510244587,-0.841738336188875,0.14291641220688542,25
0.1414771396138262,0.04372434796281793,0.8202806676998,0.0010412494192634236,-317896.31498616515,-0.9877092126719367,0.15560172259268504,25
0.24293868750403425,0.018494656323707035,0.30027913249679256,0.09318501966885875,-558311.7377050066,-0.9218527110106222,0.17105033356551033,25
0.5453010280869183,0.11132465840378787,0.22593191303826066,0.05257832244948371,-429761.41076224553,-0.9498536209790464,0.16005903130695662,25
0.06802993496863002,0.043061400271821995,0.655965156793468,4.142920336580591e-05,-314516.5844265775,-0.9929913894411008,0.16862746456304678,25
0.3745401188473625,0.19758484566139395,0.27442066974664464,0.007484102100868299,-394857.94217736874,-0.9895900349671255,0.1588972886178762,25
0.4417270844437944,0.060298300968691695,0.8287375091519293,0.17390252636253686,-283879.6554754333,-0.8494079736634843,0.14425406563106716,25
0.06802993496863002,0.043061400271821995,0.6716885355040169,4.142920336580591e-05,-333778.64944668027,-0.9922631352040288,0.17260897390142094,25
0.07701996515666774,0.021243933238996513,0.655965156793468,0.0032068424679585483,-196482.22645494321,-0.9853295988005722,0.14815065469846747,25
0.11008195711128885,0.05217941939613864,0.6401966443770974,2.8414487546368772e-05,-279673.20265843323,-0.993449383314728,0.16077995809757947,25
0.13177601084982932,0.11538304655247954,0.29323994616803484,0.08436774732650268,-467513.32549273013,-0.8558676584976973,0.1693985760841431,25
0.9923969257308627,0.04417816278188065,0.20660647797422166,0.44933900791830356,-463423.19409965974,-0.8342346502700132,0.16140673590735866,25
0.3745401188473625,0.17050947748496267,0.7319939418114051,0.14344352167657085,-204394.80504321036,-0.8818957748733892,0.15157920861847715,25
0.38864635610949716,0.1700923973005813,0.8287375091519293,0.17724573538295965,-217442.6402557787,-0.8836854159287565,0.15290605228491616,25
0.22793516254194168,0.08542155772525127,0.8180147659224931,0.4303652916281717,-364571.5315149774,-0.7170624578582623,0.15293052512220554,25
0.36885589968278365,0.19014286128198324,0.7850748349501987,0.15153867763458118,-315346.9365917912,-0.8021139879138457,0.14747788980755133,25
0.3599437129891291,0.030964845082872394,0.9550656520517004,0.41057563849444834,-336287.54569928197,-0.751970236407944,0.15152228682984645,25
0.39619714601074296,0.042679121182563284,0.9006499459495689,0.24496758468283458,-320942.9727726154,-0.7601430152524701,0.1574352001677232,25
0.1414771396138262,0.043061400271821995,0.6401966443770974,4.142920336580591e-05,-153301.68418418252,-0.9921537468787148,0.16063274609981873,25
0.388677289689482,0.05426980635477918,0.8287375091519293,0.17837666334679464,-309914.007504504,-0.914319576920441,0.15565479824767647,25
0.05522012659157294,0.09812851157915341,0.6775643618422824,0.025528674849705155,-250209.08328206182,-0.9764055465600706,0.1575151857816006,25
0.1284348779956922,0.11817858863764837,0.6421795382020423,0.008097049533156375,-280777.05794600997,-0.9806699381358174,0.15751731355513085,25
0.24293868750403425,0.019590684680857753,0.30027913249679256,0.09205409168976547,-409525.7417706526,-0.8877266336259294,0.16265564415381492,25
0.23616517093258538,0.04685034688447514,0.289751452913768,0.0762994413232006,-396450.662277414,-0.9014293157708694,0.1634212245829203,25
0.1284348779956922,0.11817858863764837,0.6421795382020423,0.008293914463928076,-381100.067347893,-0.9806747163828883,0.1651975455995402,25
0.07526995993618618,0.043061400271821995,0.655965156793468,4.142920336580591e-05,-81526.2032921089,-0.9870618666382137,0.160031999147559,25
0.36885589968278365,0.11880770353958597,0.7840111934263486,0.002644887986219674,-365101.3010790909,-0.9851591200710156,0.1675151165804515,25
0.4151771931257927,0.05426980635477918,0.8287375091519293,0.17837666334679464,-245984.6763284075,-0.8482871489188005,0.1470069890770362,25
0.3745401188473625,0.19014286128198324,0.7319939418114051,0.2993292420985183,-264185.2556893789,-0.7968811624731055,0.14549370910963585,25
0.388677289689482,0.05878318862465531,0.8287375091519293,0.17837666334679464,-107160.7907079893,-0.8279225274200805,0.1446633816251276,25
0.040775141554763916,0.11817858863764837,0.6775643618422824,0.008293914463928076,-164928.25574532276,-0.9761572856928025,0.14977954485727155,25
0.38068371520605593,0.14790798748646034,0.7513734558269027,0.10538510562197449,-168099.82285637475,-0.906144783050419,0.1516782436764258,25
0.22545703263969052,0.014601396161534753,0.6386910457856626,0.004905928484404964,-165628.2511439904,-0.979133487354352,0.15126665877400527,25
0.1414771396138262,0.043061400271821995,0.6847602404131817,2.6582617232151495e-05,-257243.5762177542,-0.991566122914342,0.16172484793729472,25
0.0902897700544083,0.1670604991178476,0.32078006497173583,0.09325925519992712,-487122.49853110575,-0.9185202804192606,0.15872176038049832,26
0.27963706866773386,0.01482219968643611,0.289751452913768,0.12168415765819862,-267357.1726415006,-0.8939692138659349,0.15294320883086568,26
0.39619714601074296,0.060298300968691695,0.8287375091519293,0.20451784772188492,-133936.52089538457,-0.7810686629827309,0.13251226458610885,26
0.5760886109572688,0.009290082543999545,0.6075448519014384,0.08526206184364576,-388596.7154911286,-0.9258016915179744,0.15576143457690558,26
0.3745401188473625,0.19014286128198324,0.7494290681449964,0.15442374159654904,-371897.0350617105,-0.8962125714269634,0.15346229896710406,26
0.6659919510190668,0.19014286128198324,0.1900906799886637,0.2993292420985183,-389395.6887637836,-0.867531182586613,0.14916863612594095,26
0.3745401188473625,0.11435240396465488,0.7319939418114051,0.2907306241353117,-478065.92621219746,-0.7619569722945262,0.15869814654528216,26
0.1284348779956922,0.11817858863764837,0.6421795382020423,0.017292410682725412,-142268.27092917854,-0.9738606189368966,0.14623615855306804,26
0.05147875124998935,0.0530179661496286,0.9509741676594695,0.08428673175027718,-241540.93502941026,-0.9047957091902994,0.14775726751747478,26
0.09183038096932257,0.16727410214087762,0.6421795382020423,0.008293914463928076,-254097.92537956234,-0.9812217224030445,0.15285264497149545,26
0.13382815436476833,0.043061400271821995,0.6593453328677562,4.142920336580591e-05,-202473.38966329707,-0.9937230425269415,0.16066105103347492,26
0.3778823732147299,0.12097539278624184,0.7494290681449964,0.0016410649600007432,-144768.1298040974,-0.9902517607216357,0.14848483109952978,26
0.1300807561729404,0.11538304655247954,0.8296729198175729,0.17766612881891986,-220934.17679170295,-0.8523884679706103,0.14512013508147306,26
0.1300807561729404,0.11835754354596516,0.8297358063948106,0.17766612881891986,-366377.6294655189,-0.8150402040454906,0.14161021015968808,26
0.3745401188473625,0.11090458775713291,0.8891322101486617,0.07489605307303795,-356102.88449788495,-0.9445085945957138,0.15435702975220023,26
0.07701996515666774,0.021243933238996513,0.655965156793468,4.142920336580591e-05,-190690.78758025807,-0.9944858403916018,0.1569144227394734,26
0.39619714601074296,0.060298300968691695,0.8287375091519293,0.22119603146653455,-168919.3510244587,-0.841738336188875,0.14291641220688542,26
0.1414771396138262,0.04372434796281793,0.8202806676998,0.0010412494192634236,-317896.31498616515,-0.9877092126719367,0.15560172259268504,26
0.24293868750403425,0.018494656323707035,0.30027913249679256,0.09318501966885875,-558311.7377050066,-0.9218527110106222,0.17105033356551033,26
0.5453010280869183,0.11132465840378787,0.22593191303826066,0.05257832244948371,-429761.41076224553,-0.9498536209790464,0.16005903130695662,26
0.06802993496863002,0.043061400271821995,0.655965156793468,4.142920336580591e-05,-314516.5844265775,-0.9929913894411008,0.16862746456304678,26
0.3745401188473625,0.19758484566139395,0.27442066974664464,0.007484102100868299,-394857.94217736874,-0.9895900349671255,0.1588972886178762,26
0.4417270844437944,0.060298300968691695,0.8287375091519293,0.17390252636253686,-283879.6554754333,-0.8494079736634843,0.14425406563106716,26
0.06802993496863002,0.043061400271821995,0.6716885355040169,4.142920336580591e-05,-333778.64944668027,-0.9922631352040288,0.17260897390142094,26
0.07701996515666774,0.021243933238996513,0.655965156793468,0.0032068424679585483,-196482.22645494321,-0.9853295988005722,0.14815065469846747,26
0.11008195711128885,0.05217941939613864,0.6401966443770974,2.8414487546368772e-05,-279673.20265843323,-0.993449383314728,0.16077995809757947,26
0.0949669228365515,0.014888567846648552,0.6513942026319677,0.013751637390744642,-456655.2566000239,-0.9798215038429751,0.16333870712852208,26
0.08922760622697634,0.1670604991178476,0.32078006497173583,0.031243779771139235,-212042.85837222243,-0.983822432486765,0.1544728226109055,26
0.22793516254194168,0.08542155772525127,0.8180147659224931,0.4303652916281717,-364571.5315149774,-0.7170624578582623,0.15293052512220554,26
0.1414771396138262,0.043061400271821995,0.6401966443770974,4.142920336580591e-05,-153301.68418418252,-0.9921537468787148,0.16063274609981873,26
0.35973629234963417,0.030964845082872394,0.9578979499512437,0.40066517614229485,-42432.31482780733,-0.7715771142410516,0.14400040716484488,26
0.13177601084982932,0.11538304655247954,0.29323994616803484,0.08436774732650268,-467513.32549273013,-0.8558676584976973,0.1693985760841431,26
0.388677289689482,0.05426980635477918,0.8287375091519293,0.17837666334679464,-309914.007504504,-0.914319576920441,0.15565479824767647,26
0.040775141554763916,0.11817858863764837,0.6775643618422824,0.008293914463928076,-164928.25574532276,-0.9761572856928025,0.14977954485727155,26
0.388677289689482,0.05878318862465531,0.8287375091519293,0.17837666334679464,-107160.7907079893,-0.8279225274200805,0.1446633816251276,26
0.07526995993618618,0.043061400271821995,0.655965156793468,4.142920336580591e-05,-81526.2032921089,-0.9870618666382137,0.160031999147559,26
0.3599437129891291,0.030964845082872394,0.9550656520517004,0.41057563849444834,-336287.54569928197,-0.751970236407944,0.15152228682984645,26
0.24293868750403425,0.019590684680857753,0.30027913249679256,0.09205409168976547,-409525.7417706526,-0.8877266336259294,0.16265564415381492,26
0.3745401188473625,0.19014286128198324,0.7319939418114051,0.2993292420985183,-264185.2556893789,-0.7968811624731055,0.14549370910963585,26
0.9923969257308627,0.04417816278188065,0.20660647797422166,0.44933900791830356,-463423.19409965974,-0.8342346502700132,0.16140673590735866,26
0.36885589968278365,0.19014286128198324,0.7850748349501987,0.15153867763458118,-315346.9365917912,-0.8021139879138457,0.14747788980755133,26
0.4151771931257927,0.05426980635477918,0.8287375091519293,0.17837666334679464,-245984.6763284075,-0.8482871489188005,0.1470069890770362,26
0.36885589968278365,0.11880770353958597,0.7840111934263486,0.002644887986219674,-365101.3010790909,-0.9851591200710156,0.1675151165804515,26
0.3745401188473625,0.17050947748496267,0.7319939418114051,0.14344352167657085,-204394.80504321036,-0.8818957748733892,0.15157920861847715,26
0.23616517093258538,0.04685034688447514,0.289751452913768,0.0762994413232006,-396450.662277414,-0.9014293157708694,0.1634212245829203,26
0.1284348779956922,0.11817858863764837,0.6421795382020423,0.008293914463928076,-381100.067347893,-0.9806747163828883,0.1651975455995402,26
0.1284348779956922,0.11817858863764837,0.6421795382020423,0.008097049533156375,-280777.05794600997,-0.9806699381358174,0.15751731355513085,26
0.39619714601074296,0.042679121182563284,0.9006499459495689,0.24496758468283458,-320942.9727726154,-0.7601430152524701,0.1574352001677232,26
0.38864635610949716,0.1700923973005813,0.8287375091519293,0.17724573538295965,-217442.6402557787,-0.8836854159287565,0.15290605228491616,26
0.38068371520605593,0.14790798748646034,0.7513734558269027,0.10538510562197449,-168099.82285637475,-0.906144783050419,0.1516782436764258,26
0.0902897700544083,0.1670604991178476,0.32078006497173583,0.09325925519992712,-487122.49853110575,-0.9185202804192606,0.15872176038049832,27
0.39619714601074296,0.060298300968691695,0.8287375091519293,0.20451784772188492,-133936.52089538457,-0.7810686629827309,0.13251226458610885,27
0.5760886109572688,0.009290082543999545,0.6075448519014384,0.08526206184364576,-388596.7154911286,-0.9258016915179744,0.15576143457690558,27
0.3745401188473625,0.19014286128198324,0.7494290681449964,0.15442374159654904,-371897.0350617105,-0.8962125714269634,0.15346229896710406,27
0.6659919510190668,0.19014286128198324,0.1900906799886637,0.2993292420985183,-389395.6887637836,-0.867531182586613,0.14916863612594095,27
0.3745401188473625,0.11435240396465488,0.7319939418114051,0.2907306241353117,-478065.92621219746,-0.7619569722945262,0.15869814654528216,27
0.1284348779956922,0.11817858863764837,0.6421795382020423,0.017292410682725412,-142268.27092917854,-0.9738606189368966,0.14623615855306804,27
0.09183038096932257,0.16727410214087762,0.6421795382020423,0.008293914463928076,-254097.92537956234,-0.9812217224030445,0.15285264497149545,27
0.13382815436476833,0.043061400271821995,0.6593453328677562,4.142920336580591e-05,-202473.38966329707,-0.9937230425269415,0.16066105103347492,27
0.3778823732147299,0.12097539278624184,0.7494290681449964,0.0016410649600007432,-144768.1298040974,-0.9902517607216357,0.14848483109952978,27
0.1300807561729404,0.11538304655247954,0.8296729198175729,0.17766612881891986,-220934.17679170295,-0.8523884679706103,0.14512013508147306,27
0.1300807561729404,0.11835754354596516,0.8297358063948106,0.17766612881891986,-366377.6294655189,-0.8150402040454906,0.14161021015968808,27
0.3745401188473625,0.11090458775713291,0.8891322101486617,0.07489605307303795,-356102.88449788495,-0.9445085945957138,0.15435702975220023,27
0.07701996515666774,0.021243933238996513,0.655965156793468,4.142920336580591e-05,-190690.78758025807,-0.9944858403916018,0.1569144227394734,27
0.39619714601074296,0.060298300968691695,0.8287375091519293,0.22119603146653455,-168919.3510244587,-0.841738336188875,0.14291641220688542,27
0.1414771396138262,0.04372434796281793,0.8202806676998,0.0010412494192634236,-317896.31498616515,-0.9877092126719367,0.15560172259268504,27
0.24293868750403425,0.018494656323707035,0.30027913249679256,0.09318501966885875,-558311.7377050066,-0.9218527110106222,0.17105033356551033,27
0.5453010280869183,0.11132465840378787,0.22593191303826066,0.05257832244948371,-429761.41076224553,-0.9498536209790464,0.16005903130695662,27
0.06802993496863002,0.043061400271821995,0.655965156793468,4.142920336580591e-05,-314516.5844265775,-0.9929913894411008,0.16862746456304678,27
0.3745401188473625,0.19758484566139395,0.27442066974664464,0.007484102100868299,-394857.94217736874,-0.9895900349671255,0.1588972886178762,27
0.4417270844437944,0.060298300968691695,0.8287375091519293,0.17390252636253686,-283879.6554754333,-0.8494079736634843,0.14425406563106716,27
0.06802993496863002,0.043061400271821995,0.6716885355040169,4.142920336580591e-05,-333778.64944668027,-0.9922631352040288,0.17260897390142094,27
0.07701996515666774,0.021243933238996513,0.655965156793468,0.0032068424679585483,-196482.22645494321,-0.9853295988005722,0.14815065469846747,27
0.11008195711128885,0.05217941939613864,0.6401966443770974,2.8414487546368772e-05,-279673.20265843323,-0.993449383314728,0.16077995809757947,27
0.0949669228365515,0.014888567846648552,0.6513942026319677,0.013751637390744642,-456655.2566000239,-0.9798215038429751,0.16333870712852208,27
0.08922760622697634,0.1670604991178476,0.32078006497173583,0.031243779771139235,-212042.85837222243,-0.983822432486765,0.1544728226109055,27
0.4130246460272165,0.05426980635477918,0.7776367222394794,0.1689158175612714,-300691.68221273826,-0.919294344752798,0.14751780380185844,27
0.1414771396138262,0.043061400271821995,0.6401966443770974,4.142920336580591e-05,-153301.68418418252,-0.9921537468787148,0.16063274609981873,27
0.22793516254194168,0.08542155772525127,0.8180147659224931,0.4303652916281717,-364571.5315149774,-0.7170624578582623,0.15293052512220554,27
0.35973629234963417,0.030964845082872394,0.9578979499512437,0.40066517614229485,-42432.31482780733,-0.7715771142410516,0.14400040716484488,27
0.13177601084982932,0.11538304655247954,0.29323994616803484,0.08436774732650268,-467513.32549273013,-0.8558676584976973,0.1693985760841431,27
0.388677289689482,0.05426980635477918,0.8287375091519293,0.17837666334679464,-309914.007504504,-0.914319576920441,0.15565479824767647,27
0.040775141554763916,0.11817858863764837,0.6775643618422824,0.008293914463928076,-164928.25574532276,-0.9761572856928025,0.14977954485727155,27
0.388677289689482,0.05878318862465531,0.8287375091519293,0.17837666334679464,-107160.7907079893,-0.8279225274200805,0.1446633816251276,27
0.3599437129891291,0.030964845082872394,0.9550656520517004,0.41057563849444834,-336287.54569928197,-0.751970236407944,0.15152228682984645,27
0.24293868750403425,0.019590684680857753,0.30027913249679256,0.09205409168976547,-409525.7417706526,-0.8877266336259294,0.16265564415381492,27
0.07526995993618618,0.043061400271821995,0.655965156793468,4.142920336580591e-05,-81526.2032921089,-0.9870618666382137,0.160031999147559,27
0.1414771396138262,0.04327119402251895,0.6302297747473492,4.142920336580591e-05,-217850.24371877091,-0.9914704053050172,0.16441112471835273,27
0.9923969257308627,0.04417816278188065,0.20660647797422166,0.44933900791830356,-463423.19409965974,-0.8342346502700132,0.16140673590735866,27
0.3745401188473625,0.19014286128198324,0.7319939418114051,0.2993292420985183,-264185.2556893789,-0.7968811624731055,0.14549370910963585,27
0.36885589968278365,0.11880770353958597,0.7840111934263486,0.002644887986219674,-365101.3010790909,-0.9851591200710156,0.1675151165804515,27
0.1284348779956922,0.11817858863764837,0.6421795382020423,0.008097049533156375,-280777.05794600997,-0.9806699381358174,0.15751731355513085,27
0.1284348779956922,0.11817858863764837,0.6421795382020423,0.008293914463928076,-381100.067347893,-0.9806747163828883,0.1651975455995402,27
0.4151771931257927,0.05426980635477918,0.8287375091519293,0.17837666334679464,-245984.6763284075,-0.8482871489188005,0.1470069890770362,27
0.38068371520605593,0.14790798748646034,0.7513734558269027,0.10538510562197449,-168099.82285637475,-0.906144783050419,0.1516782436764258,27
0.39619714601074296,0.042679121182563284,0.9006499459495689,0.24496758468283458,-320942.9727726154,-0.7601430152524701,0.1574352001677232,27
0.23616517093258538,0.04685034688447514,0.289751452913768,0.0762994413232006,-396450.662277414,-0.9014293157708694,0.1634212245829203,27
0.05147875124998935,0.0530179661496286,0.9509741676594695,0.08428673175027718,-241540.93502941026,-0.9047957091902994,0.14775726751747478,27
0.3924408541720241,0.12056181831597786,0.8287375091519293,0.17770677543146704,-268187.9270080421,-0.9085185410785082,0.15434386022124139,27
0.36885589968278365,0.19014286128198324,0.7850748349501987,0.15153867763458118,-315346.9365917912,-0.8021139879138457,0.14747788980755133,27
0.0902897700544083,0.1670604991178476,0.32078006497173583,0.09325925519992712,-487122.49853110575,-0.9185202804192606,0.15872176038049832,28
0.39619714601074296,0.060298300968691695,0.8287375091519293,0.20451784772188492,-133936.52089538457,-0.7810686629827309,0.13251226458610885,28
0.5760886109572688,0.009290082543999545,0.6075448519014384,0.08526206184364576,-388596.7154911286,-0.9258016915179744,0.15576143457690558,28
0.3745401188473625,0.19014286128198324,0.7494290681449964,0.15442374159654904,-371897.0350617105,-0.8962125714269634,0.15346229896710406,28
0.6659919510190668,0.19014286128198324,0.1900906799886637,0.2993292420985183,-389395.6887637836,-0.867531182586613,0.14916863612594095,28
0.3745401188473625,0.11435240396465488,0.7319939418114051,0.2907306241353117,-478065.92621219746,-0.7619569722945262,0.15869814654528216,28
0.1284348779956922,0.11817858863764837,0.6421795382020423,0.017292410682725412,-142268.27092917854,-0.9738606189368966,0.14623615855306804,28
0.09183038096932257,0.16727410214087762,0.6421795382020423,0.008293914463928076,-254097.92537956234,-0.9812217224030445,0.15285264497149545,28
0.13382815436476833,0.043061400271821995,0.6593453328677562,4.142920336580591e-05,-202473.38966329707,-0.9937230425269415,0.16066105103347492,28
0.3778823732147299,0.12097539278624184,0.7494290681449964,0.0016410649600007432,-144768.1298040974,-0.9902517607216357,0.14848483109952978,28
0.1300807561729404,0.11538304655247954,0.8296729198175729,0.17766612881891986,-220934.17679170295,-0.8523884679706103,0.14512013508147306,28
0.1300807561729404,0.11835754354596516,0.8297358063948106,0.17766612881891986,-366377.6294655189,-0.8150402040454906,0.14161021015968808,28
0.3745401188473625,0.11090458775713291,0.8891322101486617,0.07489605307303795,-356102.88449788495,-0.9445085945957138,0.15435702975220023,28
0.07701996515666774,0.021243933238996513,0.655965156793468,4.142920336580591e-05,-190690.78758025807,-0.9944858403916018,0.1569144227394734,28
0.39619714601074296,0.060298300968691695,0.8287375091519293,0.22119603146653455,-168919.3510244587,-0.841738336188875,0.14291641220688542,28
0.1414771396138262,0.04372434796281793,0.8202806676998,0.0010412494192634236,-317896.31498616515,-0.9877092126719367,0.15560172259268504,28
0.24293868750403425,0.018494656323707035,0.30027913249679256,0.09318501966885875,-558311.7377050066,-0.9218527110106222,0.17105033356551033,28
0.5453010280869183,0.11132465840378787,0.22593191303826066,0.05257832244948371,-429761.41076224553,-0.9498536209790464,0.16005903130695662,28
0.06802993496863002,0.043061400271821995,0.655965156793468,4.142920336580591e-05,-314516.5844265775,-0.9929913894411008,0.16862746456304678,28
0.3745401188473625,0.19758484566139395,0.27442066974664464,0.007484102100868299,-394857.94217736874,-0.9895900349671255,0.1588972886178762,28
0.4417270844437944,0.060298300968691695,0.8287375091519293,0.17390252636253686,-283879.6554754333,-0.8494079736634843,0.14425406563106716,28
0.06802993496863002,0.043061400271821995,0.6716885355040169,4.142920336580591e-05,-333778.64944668027,-0.9922631352040288,0.17260897390142094,28
0.07701996515666774,0.021243933238996513,0.655965156793468,0.0032068424679585483,-196482.22645494321,-0.9853295988005722,0.14815065469846747,28
0.11008195711128885,0.05217941939613864,0.6401966443770974,2.8414487546368772e-05,-279673.20265843323,-0.993449383314728,0.16077995809757947,28
0.0949669228365515,0.014888567846648552,0.6513942026319677,0.013751637390744642,-456655.2566000239,-0.9798215038429751,0.16333870712852208,28
0.08922760622697634,0.1670604991178476,0.32078006497173583,0.031243779771139235,-212042.85837222243,-0.983822432486765,0.1544728226109055,28
0.4130246460272165,0.05426980635477918,0.7776367222394794,0.1689158175612714,-300691.68221273826,-0.919294344752798,0.14751780380185844,28
0.3959745886202795,0.11880770353958597,0.8282325759416865,0.0023658432879350155,-192051.6599345353,-0.9911856289094599,0.15431234885854364,28
0.08930314012235979,0.0413572476710565,0.6302297747473492,4.142920336580591e-05,-91534.55699890981,-0.9914175562499258,0.14536358069261224,28
0.1414771396138262,0.043061400271821995,0.6401966443770974,4.142920336580591e-05,-153301.68418418252,-0.9921537468787148,0.16063274609981873,28
0.13177601084982932,0.11538304655247954,0.29323994616803484,0.08436774732650268,-467513.32549273013,-0.8558676584976973,0.1693985760841431,28
0.22793516254194168,0.08542155772525127,0.8180147659224931,0.4303652916281717,-364571.5315149774,-0.7170624578582623,0.15293052512220554,28
0.35973629234963417,0.030964845082872394,0.9578979499512437,0.40066517614229485,-42432.31482780733,-0.7715771142410516,0.14400040716484488,28
0.040775141554763916,0.11817858863764837,0.6775643618422824,0.008293914463928076,-164928.25574532276,-0.9761572856928025,0.14977954485727155,28
0.24293868750403425,0.019590684680857753,0.30027913249679256,0.09205409168976547,-409525.7417706526,-0.8877266336259294,0.16265564415381492,28
0.388677289689482,0.05426980635477918,0.8287375091519293,0.17837666334679464,-309914.007504504,-0.914319576920441,0.15565479824767647,28
0.388677289689482,0.05878318862465531,0.8287375091519293,0.17837666334679464,-107160.7907079893,-0.8279225274200805,0.1446633816251276,28
0.3599437129891291,0.030964845082872394,0.9550656520517004,0.41057563849444834,-336287.54569928197,-0.751970236407944,0.15152228682984645,28
0.07526995993618618,0.043061400271821995,0.655965156793468,4.142920336580591e-05,-81526.2032921089,-0.9870618666382137,0.160031999147559,28
0.9923969257308627,0.04417816278188065,0.20660647797422166,0.44933900791830356,-463423.19409965974,-0.8342346502700132,0.16140673590735866,28
0.3745401188473625,0.19014286128198324,0.7319939418114051,0.2993292420985183,-264185.2556893789,-0.7968811624731055,0.14549370910963585,28
0.36885589968278365,0.11880770353958597,0.7840111934263486,0.002644887986219674,-365101.3010790909,-0.9851591200710156,0.1675151165804515,28
0.1284348779956922,0.11817858863764837,0.6421795382020423,0.008293914463928076,-381100.067347893,-0.9806747163828883,0.1651975455995402,28
0.4151771931257927,0.05426980635477918,0.8287375091519293,0.17837666334679464,-245984.6763284075,-0.8482871489188005,0.1470069890770362,28
0.1284348779956922,0.11817858863764837,0.6421795382020423,0.008097049533156375,-280777.05794600997,-0.9806699381358174,0.15751731355513085,28
0.4374468255509536,0.021243933238996513,0.6601669211388571,0.0028123768291970497,-191315.96059728457,-0.9783227408478741,0.15591842724009938,28
0.23616517093258538,0.04685034688447514,0.289751452913768,0.0762994413232006,-396450.662277414,-0.9014293157708694,0.1634212245829203,28
0.1414771396138262,0.04327119402251895,0.6302297747473492,4.142920336580591e-05,-217850.24371877091,-0.9914704053050172,0.16441112471835273,28
0.39619714601074296,0.042679121182563284,0.9006499459495689,0.24496758468283458,-320942.9727726154,-0.7601430152524701,0.1574352001677232,28
0.3924408541720241,0.12056181831597786,0.8287375091519293,0.17770677543146704,-268187.9270080421,-0.9085185410785082,0.15434386022124139,28
0.0902897700544083,0.1670604991178476,0.32078006497173583,0.09325925519992712,-487122.49853110575,-0.9185202804192606,0.15872176038049832,29
0.39619714601074296,0.060298300968691695,0.8287375091519293,0.20451784772188492,-133936.52089538457,-0.7810686629827309,0.13251226458610885,29
0.5760886109572688,0.009290082543999545,0.6075448519014384,0.08526206184364576,-388596.7154911286,-0.9258016915179744,0.15576143457690558,29
0.3745401188473625,0.19014286128198324,0.7494290681449964,0.15442374159654904,-371897.0350617105,-0.8962125714269634,0.15346229896710406,29
0.6659919510190668,0.19014286128198324,0.1900906799886637,0.2993292420985183,-389395.6887637836,-0.867531182586613,0.14916863612594095,29
0.3745401188473625,0.11435240396465488,0.7319939418114051,0.2907306241353117,-478065.92621219746,-0.7619569722945262,0.15869814654528216,29
0.1284348779956922,0.11817858863764837,0.6421795382020423,0.017292410682725412,-142268.27092917854,-0.9738606189368966,0.14623615855306804,29
0.09183038096932257,0.16727410214087762,0.6421795382020423,0.008293914463928076,-254097.92537956234,-0.9812217224030445,0.15285264497149545,29
0.13382815436476833,0.043061400271821995,0.6593453328677562,4.142920336580591e-05,-202473.38966329707,-0.9937230425269415,0.16066105103347492,29
0.3778823732147299,0.12097539278624184,0.7494290681449964,0.0016410649600007432,-144768.1298040974,-0.9902517607216357,0.14848483109952978,29
0.1300807561729404,0.11538304655247954,0.8296729198175729,0.17766612881891986,-220934.17679170295,-0.8523884679706103,0.14512013508147306,29
0.1300807561729404,0.11835754354596516,0.8297358063948106,0.17766612881891986,-366377.6294655189,-0.8150402040454906,0.14161021015968808,29
0.3745401188473625,0.11090458775713291,0.8891322101486617,0.07489605307303795,-356102.88449788495,-0.9445085945957138,0.15435702975220023,29
0.07701996515666774,0.021243933238996513,0.655965156793468,4.142920336580591e-05,-190690.78758025807,-0.9944858403916018,0.1569144227394734,29
0.39619714601074296,0.060298300968691695,0.8287375091519293,0.22119603146653455,-168919.3510244587,-0.841738336188875,0.14291641220688542,29
0.1414771396138262,0.04372434796281793,0.8202806676998,0.0010412494192634236,-317896.31498616515,-0.9877092126719367,0.15560172259268504,29
0.24293868750403425,0.018494656323707035,0.30027913249679256,0.09318501966885875,-558311.7377050066,-0.9218527110106222,0.17105033356551033,29
0.5453010280869183,0.11132465840378787,0.22593191303826066,0.05257832244948371,-429761.41076224553,-0.9498536209790464,0.16005903130695662,29
0.06802993496863002,0.043061400271821995,0.655965156793468,4.142920336580591e-05,-314516.5844265775,-0.9929913894411008,0.16862746456304678,29
0.3745401188473625,0.19758484566139395,0.27442066974664464,0.007484102100868299,-394857.94217736874,-0.9895900349671255,0.1588972886178762,29
0.4417270844437944,0.060298300968691695,0.8287375091519293,0.17390252636253686,-283879.6554754333,-0.8494079736634843,0.14425406563106716,29
0.06802993496863002,0.043061400271821995,0.6716885355040169,4.142920336580591e-05,-333778.64944668027,-0.9922631352040288,0.17260897390142094,29
0.07701996515666774,0.021243933238996513,0.655965156793468,0.0032068424679585483,-196482.22645494321,-0.9853295988005722,0.14815065469846747,29
0.11008195711128885,0.05217941939613864,0.6401966443770974,2.8414487546368772e-05,-279673.20265843323,-0.993449383314728,0.16077995809757947,29
0.0949669228365515,0.014888567846648552,0.6513942026319677,0.013751637390744642,-456655.2566000239,-0.9798215038429751,0.16333870712852208,29
0.08922760622697634,0.1670604991178476,0.32078006497173583,0.031243779771139235,-212042.85837222243,-0.983822432486765,0.1544728226109055,29
0.4130246460272165,0.05426980635477918,0.7776367222394794,0.1689158175612714,-300691.68221273826,-0.919294344752798,0.14751780380185844,29
0.3959745886202795,0.11880770353958597,0.8282325759416865,0.0023658432879350155,-192051.6599345353,-0.9911856289094599,0.15431234885854364,29
0.08930314012235979,0.0413572476710565,0.6302297747473492,4.142920336580591e-05,-91534.55699890981,-0.9914175562499258,0.14536358069261224,29
0.35973629234963417,0.030964845082872394,0.9578979499512437,0.40066517614229485,-42432.31482780733,-0.7715771142410516,0.14400040716484488,29
0.13177601084982932,0.11538304655247954,0.29323994616803484,0.08436774732650268,-467513.32549273013,-0.8558676584976973,0.1693985760841431,29
0.1414771396138262,0.043061400271821995,0.6401966443770974,4.142920336580591e-05,-153301.68418418252,-0.9921537468787148,0.16063274609981873,29
0.22793516254194168,0.08542155772525127,0.8180147659224931,0.4303652916281717,-364571.5315149774,-0.7170624578582623,0.15293052512220554,29
0.040775141554763916,0.11817858863764837,0.6775643618422824,0.008293914463928076,-164928.25574532276,-0.9761572856928025,0.14977954485727155,29
0.24293868750403425,0.019590684680857753,0.30027913249679256,0.09205409168976547,-409525.7417706526,-0.8877266336259294,0.16265564415381492,29
0.3599437129891291,0.030964845082872394,0.9550656520517004,0.41057563849444834,-336287.54569928197,-0.751970236407944,0.15152228682984645,29
0.4151771931257927,0.05426980635477918,0.8287375091519293,0.17837666334679464,-245984.6763284075,-0.8482871489188005,0.1470069890770362,29
0.3745401188473625,0.19014286128198324,0.7319939418114051,0.2993292420985183,-264185.2556893789,-0.7968811624731055,0.14549370910963585,29
0.388677289689482,0.05426980635477918,0.8287375091519293,0.17837666334679464,-309914.007504504,-0.914319576920441,0.15565479824767647,29
0.388677289689482,0.05878318862465531,0.8287375091519293,0.17837666334679464,-107160.7907079893,-0.8279225274200805,0.1446633816251276,29
0.07526995993618618,0.043061400271821995,0.655965156793468,4.142920336580591e-05,-81526.2032921089,-0.9870618666382137,0.160031999147559,29
0.9923969257308627,0.04417816278188065,0.20660647797422166,0.44933900791830356,-463423.19409965974,-0.8342346502700132,0.16140673590735866,29
0.23616517093258538,0.04685034688447514,0.289751452913768,0.0762994413232006,-396450.662277414,-0.9014293157708694,0.1634212245829203,29
0.4374468255509536,0.021243933238996513,0.6601669211388571,0.0028123768291970497,-191315.96059728457,-0.9783227408478741,0.15591842724009938,29
0.1414771396138262,0.04327119402251895,0.6302297747473492,4.142920336580591e-05,-217850.24371877091,-0.9914704053050172,0.16441112471835273,29
0.39619714601074296,0.042679121182563284,0.9006499459495689,0.24496758468283458,-320942.9727726154,-0.7601430152524701,0.1574352001677232,29
0.1284348779956922,0.11817858863764837,0.6421795382020423,0.008097049533156375,-280777.05794600997,-0.9806699381358174,0.15751731355513085,29
0.3924408541720241,0.12056181831597786,0.8287375091519293,0.17770677543146704,-268187.9270080421,-0.9085185410785082,0.15434386022124139,29
0.36885589968278365,0.11880770353958597,0.7840111934263486,0.002644887986219674,-365101.3010790909,-0.9851591200710156,0.1675151165804515,29
0.07701996515666774,0.021243933238996513,0.6293567314383792,4.142920336580591e-05,-304203.1507550384,-0.9851195350523048,0.16603005064182275,29
0.0902897700544083,0.1670604991178476,0.32078006497173583,0.09325925519992712,-487122.49853110575,-0.9185202804192606,0.15872176038049832,30
0.39619714601074296,0.060298300968691695,0.8287375091519293,0.20451784772188492,-133936.52089538457,-0.7810686629827309,0.13251226458610885,30
0.5760886109572688,0.009290082543999545,0.6075448519014384,0.08526206184364576,-388596.7154911286,-0.9258016915179744,0.15576143457690558,30
0.3745401188473625,0.19014286128198324,0.7494290681449964,0.15442374159654904,-371897.0350617105,-0.8962125714269634,0.15346229896710406,30
0.6659919510190668,0.19014286128198324,0.1900906799886637,0.2993292420985183,-389395.6887637836,-0.867531182586613,0.14916863612594095,30
0.3745401188473625,0.11435240396465488,0.7319939418114051,0.2907306241353117,-478065.92621219746,-0.7619569722945262,0.15869814654528216,30
0.1284348779956922,0.11817858863764837,0.6421795382020423,0.017292410682725412,-142268.27092917854,-0.9738606189368966,0.14623615855306804,30
0.09183038096932257,0.16727410214087762,0.6421795382020423,0.008293914463928076,-254097.92537956234,-0.9812217224030445,0.15285264497149545,30
0.13382815436476833,0.043061400271821995,0.6593453328677562,4.142920336580591e-05,-202473.38966329707,-0.9937230425269415,0.16066105103347492,30
0.3778823732147299,0.12097539278624184,0.7494290681449964,0.0016410649600007432,-144768.1298040974,-0.9902517607216357,0.14848483109952978,30
0.1300807561729404,0.11538304655247954,0.8296729198175729,0.17766612881891986,-220934.17679170295,-0.8523884679706103,0.14512013508147306,30
0.1300807561729404,0.11835754354596516,0.8297358063948106,0.17766612881891986,-366377.6294655189,-0.8150402040454906,0.14161021015968808,30
0.3745401188473625,0.11090458775713291,0.8891322101486617,0.07489605307303795,-356102.88449788495,-0.9445085945957138,0.15435702975220023,30
0.07701996515666774,0.021243933238996513,0.655965156793468,4.142920336580591e-05,-190690.78758025807,-0.9944858403916018,0.1569144227394734,30
0.39619714601074296,0.060298300968691695,0.8287375091519293,0.22119603146653455,-168919.3510244587,-0.841738336188875,0.14291641220688542,30
0.1414771396138262,0.04372434796281793,0.8202806676998,0.0010412494192634236,-317896.31498616515,-0.9877092126719367,0.15560172259268504,30
0.24293868750403425,0.018494656323707035,0.30027913249679256,0.09318501966885875,-558311.7377050066,-0.9218527110106222,0.17105033356551033,30
0.5453010280869183,0.11132465840378787,0.22593191303826066,0.05257832244948371,-429761.41076224553,-0.9498536209790464,0.16005903130695662,30
0.06802993496863002,0.043061400271821995,0.655965156793468,4.142920336580591e-05,-314516.5844265775,-0.9929913894411008,0.16862746456304678,30
0.3745401188473625,0.19758484566139395,0.27442066974664464,0.007484102100868299,-394857.94217736874,-0.9895900349671255,0.1588972886178762,30
0.4417270844437944,0.060298300968691695,0.8287375091519293,0.17390252636253686,-283879.6554754333,-0.8494079736634843,0.14425406563106716,30
0.06802993496863002,0.043061400271821995,0.6716885355040169,4.142920336580591e-05,-333778.64944668027,-0.9922631352040288,0.17260897390142094,30
0.07701996515666774,0.021243933238996513,0.655965156793468,0.0032068424679585483,-196482.22645494321,-0.9853295988005722,0.14815065469846747,30
0.11008195711128885,0.05217941939613864,0.6401966443770974,2.8414487546368772e-05,-279673.20265843323,-0.993449383314728,0.16077995809757947,30
0.0949669228365515,0.014888567846648552,0.6513942026319677,0.013751637390744642,-456655.2566000239,-0.9798215038429751,0.16333870712852208,30
0.08922760622697634,0.1670604991178476,0.32078006497173583,0.031243779771139235,-212042.85837222243,-0.983822432486765,0.1544728226109055,30
0.4130246460272165,0.05426980635477918,0.7776367222394794,0.1689158175612714,-300691.68221273826,-0.919294344752798,0.14751780380185844,30
0.3959745886202795,0.11880770353958597,0.8282325759416865,0.0023658432879350155,-192051.6599345353,-0.9911856289094599,0.15431234885854364,30
0.08930314012235979,0.0413572476710565,0.6302297747473492,4.142920336580591e-05,-91534.55699890981,-0.9914175562499258,0.14536358069261224,30
0.10976229832662984,0.043061400271821995,0.6401966443770974,4.142920336580591e-05,-279843.13538877695,-0.9915022536275999,0.16809360599113898,30
0.14383935637312834,0.12137338383629905,0.6340612099968781,0.002644887986219674,-396168.33751529426,-0.9885700597825103,0.17508097536269004,30
0.35973629234963417,0.030964845082872394,0.9578979499512437,0.40066517614229485,-42432.31482780733,-0.7715771142410516,0.14400040716484488,30
0.22793516254194168,0.08542155772525127,0.8180147659224931,0.4303652916281717,-364571.5315149774,-0.7170624578582623,0.15293052512220554,30
0.13177601084982932,0.11538304655247954,0.29323994616803484,0.08436774732650268,-467513.32549273013,-0.8558676584976973,0.1693985760841431,30
0.1414771396138262,0.043061400271821995,0.6401966443770974,4.142920336580591e-05,-153301.68418418252,-0.9921537468787148,0.16063274609981873,30
0.24293868750403425,0.019590684680857753,0.30027913249679256,0.09205409168976547,-409525.7417706526,-0.8877266336259294,0.16265564415381492,30
0.3599437129891291,0.030964845082872394,0.9550656520517004,0.41057563849444834,-336287.54569928197,-0.751970236407944,0.15152228682984645,30
0.388677289689482,0.05426980635477918,0.8287375091519293,0.17837666334679464,-309914.007504504,-0.914319576920441,0.15565479824767647,30
0.4151771931257927,0.05426980635477918,0.8287375091519293,0.17837666334679464,-245984.6763284075,-0.8482871489188005,0.1470069890770362,30
0.11537559779363032,0.062146995227398416,0.64564169630862,0.013751637390744642,-190827.01184388832,-0.9740124318183275,0.15399913634643422,30
0.388677289689482,0.05878318862465531,0.8287375091519293,0.17837666334679464,-107160.7907079893,-0.8279225274200805,0.1446633816251276,30
0.3745401188473625,0.19014286128198324,0.7319939418114051,0.2993292420985183,-264185.2556893789,-0.7968811624731055,0.14549370910963585,30
0.07526995993618618,0.043061400271821995,0.655965156793468,4.142920336580591e-05,-81526.2032921089,-0.9870618666382137,0.160031999147559,30
0.9923969257308627,0.04417816278188065,0.20660647797422166,0.44933900791830356,-463423.19409965974,-0.8342346502700132,0.16140673590735866,30
0.040775141554763916,0.11817858863764837,0.6775643618422824,0.008293914463928076,-164928.25574532276,-0.9761572856928025,0.14977954485727155,30
0.1284348779956922,0.11817858863764837,0.6421795382020423,0.008097049533156375,-280777.05794600997,-0.9806699381358174,0.15751731355513085,30
0.1414771396138262,0.04327119402251895,0.6302297747473492,4.142920336580591e-05,-217850.24371877091,-0.9914704053050172,0.16441112471835273,30
0.23616517093258538,0.04685034688447514,0.289751452913768,0.0762994413232006,-396450.662277414,-0.9014293157708694,0.1634212245829203,30
0.43322287170516716,0.005785106900018862,0.8519252136075217,0.17390252636253686,-333856.86069112545,-0.8138934811623435,0.15395162175495727,30
0.36885589968278365,0.11880770353958597,0.7840111934263486,0.002644887986219674,-365101.3010790909,-0.9851591200710156,0.1675151165804515,30
0.0902897700544083,0.1670604991178476,0.32078006497173583,0.09325925519992712,-487122.49853110575,-0.9185202804192606,0.15872176038049832,31
0.39619714601074296,0.060298300968691695,0.8287375091519293,0.20451784772188492,-133936.52089538457,-0.7810686629827309,0.13251226458610885,31
0.5760886109572688,0.009290082543999545,0.6075448519014384,0.08526206184364576,-388596.7154911286,-0.9258016915179744,0.15576143457690558,31
0.3745401188473625,0.19014286128198324,0.7494290681449964,0.15442374159654904,-371897.0350617105,-0.8962125714269634,0.15346229896710406,31
0.6659919510190668,0.19014286128198324,0.1900906799886637,0.2993292420985183,-389395.6887637836,-0.867531182586613,0.14916863612594095,31
0.3745401188473625,0.11435240396465488,0.7319939418114051,0.2907306241353117,-478065.92621219746,-0.7619569722945262,0.15869814654528216,31
0.1284348779956922,0.11817858863764837,0.6421795382020423,0.017292410682725412,-142268.27092917854,-0.9738606189368966,0.14623615855306804,31
0.09183038096932257,0.16727410214087762,0.6421795382020423,0.008293914463928076,-254097.92537956234,-0.9812217224030445,0.15285264497149545,31
0.13382815436476833,0.043061400271821995,0.6593453328677562,4.142920336580591e-05,-202473.38966329707,-0.9937230425269415,0.16066105103347492,31
0.3778823732147299,0.12097539278624184,0.7494290681449964,0.0016410649600007432,-144768.1298040974,-0.9902517607216357,0.14848483109952978,31
0.1300807561729404,0.11538304655247954,0.8296729198175729,0.17766612881891986,-220934.17679170295,-0.8523884679706103,0.14512013508147306,31
0.1300807561729404,0.11835754354596516,0.8297358063948106,0.17766612881891986,-366377.6294655189,-0.8150402040454906,0.14161021015968808,31
0.3745401188473625,0.11090458775713291,0.8891322101486617,0.07489605307303795,-356102.88449788495,-0.9445085945957138,0.15435702975220023,31
0.07701996515666774,0.021243933238996513,0.655965156793468,4.142920336580591e-05,-190690.78758025807,-0.9944858403916018,0.1569144227394734,31
0.39619714601074296,0.060298300968691695,0.8287375091519293,0.22119603146653455,-168919.3510244587,-0.841738336188875,0.14291641220688542,31
0.1414771396138262,0.04372434796281793,0.8202806676998,0.0010412494192634236,-317896.31498616515,-0.9877092126719367,0.15560172259268504,31
0.24293868750403425,0.018494656323707035,0.30027913249679256,0.09318501966885875,-558311.7377050066,-0.9218527110106222,0.17105033356551033,31
0.5453010280869183,0.11132465840378787,0.22593191303826066,0.05257832244948371,-429761.41076224553,-0.9498536209790464,0.16005903130695662,31
0.06802993496863002,0.043061400271821995,0.655965156793468,4.142920336580591e-05,-314516.5844265775,-0.9929913894411008,0.16862746456304678,31
0.3745401188473625,0.19758484566139395,0.27442066974664464,0.007484102100868299,-394857.94217736874,-0.9895900349671255,0.1588972886178762,31
0.4417270844437944,0.060298300968691695,0.8287375091519293,0.17390252636253686,-283879.6554754333,-0.8494079736634843,0.14425406563106716,31
0.06802993496863002,0.043061400271821995,0.6716885355040169,4.142920336580591e-05,-333778.64944668027,-0.9922631352040288,0.17260897390142094,31
0.07701996515666774,0.021243933238996513,0.655965156793468,0.0032068424679585483,-196482.22645494321,-0.9853295988005722,0.14815065469846747,31
0.11008195711128885,0.05217941939613864,0.6401966443770974,2.8414487546368772e-05,-279673.20265843323,-0.993449383314728,0.16077995809757947,31
0.0949669228365515,0.014888567846648552,0.6513942026319677,0.013751637390744642,-456655.2566000239,-0.9798215038429751,0.16333870712852208,31
0.08922760622697634,0.1670604991178476,0.32078006497173583,0.031243779771139235,-212042.85837222243,-0.983822432486765,0.1544728226109055,31
0.4130246460272165,0.05426980635477918,0.7776367222394794,0.1689158175612714,-300691.68221273826,-0.919294344752798,0.14751780380185844,31
0.3959745886202795,0.11880770353958597,0.8282325759416865,0.0023658432879350155,-192051.6599345353,-0.9911856289094599,0.15431234885854364,31
0.08930314012235979,0.0413572476710565,0.6302297747473492,4.142920336580591e-05,-91534.55699890981,-0.9914175562499258,0.14536358069261224,31
0.10976229832662984,0.043061400271821995,0.6401966443770974,4.142920336580591e-05,-279843.13538877695,-0.9915022536275999,0.16809360599113898,31
0.14383935637312834,0.12137338383629905,0.6340612099968781,0.002644887986219674,-396168.33751529426,-0.9885700597825103,0.17508097536269004,31
0.14383935637312834,0.11794733887209773,0.6340612099968781,0.002644887986219674,-222448.22003177146,-0.9919995472637382,0.1577147165329192,31
0.39619714601074296,0.014440834137841224,0.8415507582104257,0.0005971050510965442,-206935.67640533636,-0.9883791737547685,0.1510927732404247,31
0.22793516254194168,0.08542155772525127,0.8180147659224931,0.4303652916281717,-364571.5315149774,-0.7170624578582623,0.15293052512220554,31
0.13177601084982932,0.11538304655247954,0.29323994616803484,0.08436774732650268,-467513.32549273013,-0.8558676584976973,0.1693985760841431,31
0.1414771396138262,0.043061400271821995,0.6401966443770974,4.142920336580591e-05,-153301.68418418252,-0.9921537468787148,0.16063274609981873,31
0.35973629234963417,0.030964845082872394,0.9578979499512437,0.40066517614229485,-42432.31482780733,-0.7715771142410516,0.14400040716484488,31
0.19297836324713113,0.08884760268945197,0.8180147659224931,0.442732101877385,-483862.02355978667,-0.7433744052648081,0.1622356220376366,31
0.388677289689482,0.05426980635477918,0.8287375091519293,0.17837666334679464,-309914.007504504,-0.914319576920441,0.15565479824767647,31
0.11537559779363032,0.062146995227398416,0.64564169630862,0.013751637390744642,-190827.01184388832,-0.9740124318183275,0.15399913634643422,31
0.24293868750403425,0.019590684680857753,0.30027913249679256,0.09205409168976547,-409525.7417706526,-0.8877266336259294,0.16265564415381492,31
0.4151771931257927,0.05426980635477918,0.8287375091519293,0.17837666334679464,-245984.6763284075,-0.8482871489188005,0.1470069890770362,31
0.3745401188473625,0.19014286128198324,0.7319939418114051,0.2993292420985183,-264185.2556893789,-0.7968811624731055,0.14549370910963585,31
0.3599437129891291,0.030964845082872394,0.9550656520517004,0.41057563849444834,-336287.54569928197,-0.751970236407944,0.15152228682984645,31
0.1414771396138262,0.04327119402251895,0.6302297747473492,4.142920336580591e-05,-217850.24371877091,-0.9914704053050172,0.16441112471835273,31
0.040775141554763916,0.11817858863764837,0.6775643618422824,0.008293914463928076,-164928.25574532276,-0.9761572856928025,0.14977954485727155,31
0.36885589968278365,0.11880770353958597,0.7840111934263486,0.002644887986219674,-365101.3010790909,-0.9851591200710156,0.1675151165804515,31
0.9923969257308627,0.04417816278188065,0.20660647797422166,0.44933900791830356,-463423.19409965974,-0.8342346502700132,0.16140673590735866,31
0.23616517093258538,0.04685034688447514,0.289751452913768,0.0762994413232006,-396450.662277414,-0.9014293157708694,0.1634212245829203,31
0.388677289689482,0.05878318862465531,0.8287375091519293,0.17837666334679464,-107160.7907079893,-0.8279225274200805,0.1446633816251276,31
0.0902897700544083,0.1670604991178476,0.32078006497173583,0.09325925519992712,-487122.49853110575,-0.9185202804192606,0.15872176038049832,32
0.39619714601074296,0.060298300968691695,0.8287375091519293,0.20451784772188492,-133936.52089538457,-0.7810686629827309,0.13251226458610885,32
0.5760886109572688,0.009290082543999545,0.6075448519014384,0.08526206184364576,-388596.7154911286,-0.9258016915179744,0.15576143457690558,32
0.3745401188473625,0.19014286128198324,0.7494290681449964,0.15442374159654904,-371897.0350617105,-0.8962125714269634,0.15346229896710406,32
0.6659919510190668,0.19014286128198324,0.1900906799886637,0.2993292420985183,-389395.6887637836,-0.867531182586613,0.14916863612594095,32
0.3745401188473625,0.11435240396465488,0.7319939418114051,0.2907306241353117,-478065.92621219746,-0.7619569722945262,0.15869814654528216,32
0.1284348779956922,0.11817858863764837,0.6421795382020423,0.017292410682725412,-142268.27092917854,-0.9738606189368966,0.14623615855306804,32
0.09183038096932257,0.16727410214087762,0.6421795382020423,0.008293914463928076,-254097.92537956234,-0.9812217224030445,0.15285264497149545,32
0.13382815436476833,0.043061400271821995,0.6593453328677562,4.142920336580591e-05,-202473.38966329707,-0.9937230425269415,0.16066105103347492,32
0.3778823732147299,0.12097539278624184,0.7494290681449964,0.0016410649600007432,-144768.1298040974,-0.9902517607216357,0.14848483109952978,32
0.1300807561729404,0.11538304655247954,0.8296729198175729,0.17766612881891986,-220934.17679170295,-0.8523884679706103,0.14512013508147306,32
0.1300807561729404,0.11835754354596516,0.8297358063948106,0.17766612881891986,-366377.6294655189,-0.8150402040454906,0.14161021015968808,32
0.3745401188473625,0.11090458775713291,0.8891322101486617,0.07489605307303795,-356102.88449788495,-0.9445085945957138,0.15435702975220023,32
0.07701996515666774,0.021243933238996513,0.655965156793468,4.142920336580591e-05,-190690.78758025807,-0.9944858403916018,0.1569144227394734,32
0.39619714601074296,0.060298300968691695,0.8287375091519293,0.22119603146653455,-168919.3510244587,-0.841738336188875,0.14291641220688542,32
0.1414771396138262,0.04372434796281793,0.8202806676998,0.0010412494192634236,-317896.31498616515,-0.9877092126719367,0.15560172259268504,32
0.24293868750403425,0.018494656323707035,0.30027913249679256,0.09318501966885875,-558311.7377050066,-0.9218527110106222,0.17105033356551033,32
0.5453010280869183,0.11132465840378787,0.22593191303826066,0.05257832244948371,-429761.41076224553,-0.9498536209790464,0.16005903130695662,32
0.06802993496863002,0.043061400271821995,0.655965156793468,4.142920336580591e-05,-314516.5844265775,-0.9929913894411008,0.16862746456304678,32
0.3745401188473625,0.19758484566139395,0.27442066974664464,0.007484102100868299,-394857.94217736874,-0.9895900349671255,0.1588972886178762,32
0.4417270844437944,0.060298300968691695,0.8287375091519293,0.17390252636253686,-283879.6554754333,-0.8494079736634843,0.14425406563106716,32
0.06802993496863002,0.043061400271821995,0.6716885355040169,4.142920336580591e-05,-333778.64944668027,-0.9922631352040288,0.17260897390142094,32
0.07701996515666774,0.021243933238996513,0.655965156793468,0.0032068424679585483,-196482.22645494321,-0.9853295988005722,0.14815065469846747,32
0.11008195711128885,0.05217941939613864,0.6401966443770974,2.8414487546368772e-05,-279673.20265843323,-0.993449383314728,0.16077995809757947,32
0.0949669228365515,0.014888567846648552,0.6513942026319677,0.013751637390744642,-456655.2566000239,-0.9798215038429751,0.16333870712852208,32
0.08922760622697634,0.1670604991178476,0.32078006497173583,0.031243779771139235,-212042.85837222243,-0.983822432486765,0.1544728226109055,32
0.4130246460272165,0.05426980635477918,0.7776367222394794,0.1689158175612714,-300691.68221273826,-0.919294344752798,0.14751780380185844,32
0.3959745886202795,0.11880770353958597,0.8282325759416865,0.0023658432879350155,-192051.6599345353,-0.9911856289094599,0.15431234885854364,32
0.08930314012235979,0.0413572476710565,0.6302297747473492,4.142920336580591e-05,-91534.55699890981,-0.9914175562499258,0.14536358069261224,32
0.10976229832662984,0.043061400271821995,0.6401966443770974,4.142920336580591e-05,-279843.13538877695,-0.9915022536275999,0.16809360599113898,32
0.14383935637312834,0.12137338383629905,0.6340612099968781,0.002644887986219674,-396168.33751529426,-0.9885700597825103,0.17508097536269004,32
0.14383935637312834,0.11794733887209773,0.6340612099968781,0.002644887986219674,-222448.22003177146,-0.9919995472637382,0.1577147165329192,32
0.39619714601074296,0.014440834137841224,0.8415507582104257,0.0005971050510965442,-206935.67640533636,-0.9883791737547685,0.1510927732404247,32
0.07402086757923443,0.11538304655247954,0.22598220658007073,0.09280693291327854,-410338.1763998669,-0.8806940319632167,0.15441766132362217,32
0.5526126728868904,0.009290082543999545,0.6075448519014384,0.16977364331027947,-411577.8328162379,-0.8706632866788399,0.15347591085837306,32
0.35973629234963417,0.030964845082872394,0.9578979499512437,0.40066517614229485,-42432.31482780733,-0.7715771142410516,0.14400040716484488,32
0.1414771396138262,0.043061400271821995,0.6401966443770974,4.142920336580591e-05,-153301.68418418252,-0.9921537468787148,0.16063274609981873,32
0.19297836324713113,0.08884760268945197,0.8180147659224931,0.442732101877385,-483862.02355978667,-0.7433744052648081,0.1622356220376366,32
0.13199973540132837,0.04053825307050136,0.29323994616803484,0.037034802725132515,-481043.5158974876,-0.8970858370624568,0.1728459158788104,32
0.22793516254194168,0.08542155772525127,0.8180147659224931,0.4303652916281717,-364571.5315149774,-0.7170624578582623,0.15293052512220554,32
0.388677289689482,0.05426980635477918,0.8287375091519293,0.17837666334679464,-309914.007504504,-0.914319576920441,0.15565479824767647,32
0.11537559779363032,0.062146995227398416,0.64564169630862,0.013751637390744642,-190827.01184388832,-0.9740124318183275,0.15399913634643422,32
0.3745401188473625,0.19014286128198324,0.7319939418114051,0.2993292420985183,-264185.2556893789,-0.7968811624731055,0.14549370910963585,32
0.388677289689482,0.05878318862465531,0.8287375091519293,0.17837666334679464,-107160.7907079893,-0.8279225274200805,0.1446633816251276,32
0.13177601084982932,0.11538304655247954,0.29323994616803484,0.08436774732650268,-467513.32549273013,-0.8558676584976973,0.1693985760841431,32
0.24293868750403425,0.019590684680857753,0.30027913249679256,0.09205409168976547,-409525.7417706526,-0.8877266336259294,0.16265564415381492,32
0.14383935637312834,0.11794733887209773,0.6221339612342519,0.002644887986219674,-53340.02380661119,-0.9902836239494491,0.15785768613415826,32
0.3599437129891291,0.030964845082872394,0.9550656520517004,0.41057563849444834,-336287.54569928197,-0.751970236407944,0.15152228682984645,32
0.4151771931257927,0.05426980635477918,0.8287375091519293,0.17837666334679464,-245984.6763284075,-0.8482871489188005,0.1470069890770362,32
0.36885589968278365,0.11880770353958597,0.7840111934263486,0.002644887986219674,-365101.3010790909,-0.9851591200710156,0.1675151165804515,32
0.0902897700544083,0.1670604991178476,0.32078006497173583,0.09325925519992712,-487122.49853110575,-0.9185202804192606,0.15872176038049832,33
0.39619714601074296,0.060298300968691695,0.8287375091519293,0.20451784772188492,-133936.52089538457,-0.7810686629827309,0.13251226458610885,33
0.5760886109572688,0.009290082543999545,0.6075448519014384,0.08526206184364576,-388596.7154911286,-0.9258016915179744,0.15576143457690558,33
0.3745401188473625,0.19014286128198324,0.7494290681449964,0.15442374159654904,-371897.0350617105,-0.8962125714269634,0.15346229896710406,33
0.6659919510190668,0.19014286128198324,0.1900906799886637,0.2993292420985183,-389395.6887637836,-0.867531182586613,0.14916863612594095,33
0.3745401188473625,0.11435240396465488,0.7319939418114051,0.2907306241353117,-478065.92621219746,-0.7619569722945262,0.15869814654528216,33
0.1284348779956922,0.11817858863764837,0.6421795382020423,0.017292410682725412,-142268.27092917854,-0.9738606189368966,0.14623615855306804,33
0.09183038096932257,0.16727410214087762,0.6421795382020423,0.008293914463928076,-254097.92537956234,-0.9812217224030445,0.15285264497149545,33
0.13382815436476833,0.043061400271821995,0.6593453328677562,4.142920336580591e-05,-202473.38966329707,-0.9937230425269415,0.16066105103347492,33
0.3778823732147299,0.12097539278624184,0.7494290681449964,0.0016410649600007432,-144768.1298040974,-0.9902517607216357,0.14848483109952978,33
0.1300807561729404,0.11538304655247954,0.8296729198175729,0.17766612881891986,-220934.17679170295,-0.8523884679706103,0.14512013508147306,33
0.1300807561729404,0.11835754354596516,0.8297358063948106,0.17766612881891986,-366377.6294655189,-0.8150402040454906,0.14161021015968808,33
0.3745401188473625,0.11090458775713291,0.8891322101486617,0.07489605307303795,-356102.88449788495,-0.9445085945957138,0.15435702975220023,33
0.07701996515666774,0.021243933238996513,0.655965156793468,4.142920336580591e-05,-190690.78758025807,-0.9944858403916018,0.1569144227394734,33
0.39619714601074296,0.060298300968691695,0.8287375091519293,0.22119603146653455,-168919.3510244587,-0.841738336188875,0.14291641220688542,33
0.1414771396138262,0.04372434796281793,0.8202806676998,0.0010412494192634236,-317896.31498616515,-0.9877092126719367,0.15560172259268504,33
0.24293868750403425,0.018494656323707035,0.30027913249679256,0.09318501966885875,-558311.7377050066,-0.9218527110106222,0.17105033356551033,33
0.5453010280869183,0.11132465840378787,0.22593191303826066,0.05257832244948371,-429761.41076224553,-0.9498536209790464,0.16005903130695662,33
0.06802993496863002,0.043061400271821995,0.655965156793468,4.142920336580591e-05,-314516.5844265775,-0.9929913894411008,0.16862746456304678,33
0.3745401188473625,0.19758484566139395,0.27442066974664464,0.007484102100868299,-394857.94217736874,-0.9895900349671255,0.1588972886178762,33
0.4417270844437944,0.060298300968691695,0.8287375091519293,0.17390252636253686,-283879.6554754333,-0.8494079736634843,0.14425406563106716,33
0.06802993496863002,0.043061400271821995,0.6716885355040169,4.142920336580591e-05,-333778.64944668027,-0.9922631352040288,0.17260897390142094,33
0.07701996515666774,0.021243933238996513,0.655965156793468,0.0032068424679585483,-196482.22645494321,-0.9853295988005722,0.14815065469846747,33
0.11008195711128885,0.05217941939613864,0.6401966443770974,2.8414487546368772e-05,-279673.20265843323,-0.993449383314728,0.16077995809757947,33
0.0949669228365515,0.014888567846648552,0.6513942026319677,0.013751637390744642,-456655.2566000239,-0.9798215038429751,0.16333870712852208,33
0.08922760622697634,0.1670604991178476,0.32078006497173583,0.031243779771139235,-212042.85837222243,-0.983822432486765,0.1544728226109055,33
0.4130246460272165,0.05426980635477918,0.7776367222394794,0.1689158175612714,-300691.68221273826,-0.919294344752798,0.14751780380185844,33
0.3959745886202795,0.11880770353958597,0.8282325759416865,0.0023658432879350155,-192051.6599345353,-0.9911856289094599,0.15431234885854364,33
0.08930314012235979,0.0413572476710565,0.6302297747473492,4.142920336580591e-05,-91534.55699890981,-0.9914175562499258,0.14536358069261224,33
0.10976229832662984,0.043061400271821995,0.6401966443770974,4.142920336580591e-05,-279843.13538877695,-0.9915022536275999,0.16809360599113898,33
0.14383935637312834,0.12137338383629905,0.6340612099968781,0.002644887986219674,-396168.33751529426,-0.9885700597825103,0.17508097536269004,33
0.14383935637312834,0.11794733887209773,0.6340612099968781,0.002644887986219674,-222448.22003177146,-0.9919995472637382,0.1577147165329192,33
0.39619714601074296,0.014440834137841224,0.8415507582104257,0.0005971050510965442,-206935.67640533636,-0.9883791737547685,0.1510927732404247,33
0.07402086757923443,0.11538304655247954,0.22598220658007073,0.09280693291327854,-410338.1763998669,-0.8806940319632167,0.15441766132362217,33
0.5526126728868904,0.009290082543999545,0.6075448519014384,0.16977364331027947,-411577.8328162379,-0.8706632866788399,0.15347591085837306,33
0.14383935637312834,0.1195159922093368,0.56745042710584,9.096295061468895e-05,-91799.02648006263,-0.99121174954008,0.15382918904171242,33
0.3890128437718539,0.02508170011346087,0.8287686095321888,0.1564373500476715,-488637.72541113244,-0.8402384458251184,0.15962373438032626,33
0.35973629234963417,0.030964845082872394,0.9578979499512437,0.40066517614229485,-42432.31482780733,-0.7715771142410516,0.14400040716484488,33
0.1414771396138262,0.043061400271821995,0.6401966443770974,4.142920336580591e-05,-153301.68418418252,-0.9921537468787148,0.16063274609981873,33
0.13199973540132837,0.04053825307050136,0.29323994616803484,0.037034802725132515,-481043.5158974876,-0.8970858370624568,0.1728459158788104,33
0.19297836324713113,0.08884760268945197,0.8180147659224931,0.442732101877385,-483862.02355978667,-0.7433744052648081,0.1622356220376366,33
0.22793516254194168,0.08542155772525127,0.8180147659224931,0.4303652916281717,-364571.5315149774,-0.7170624578582623,0.15293052512220554,33
0.388677289689482,0.05426980635477918,0.8287375091519293,0.17837666334679464,-309914.007504504,-0.914319576920441,0.15565479824767647,33
0.24293868750403425,0.019590684680857753,0.30027913249679256,0.09205409168976547,-409525.7417706526,-0.8877266336259294,0.16265564415381492,33
0.13177601084982932,0.11538304655247954,0.29323994616803484,0.08436774732650268,-467513.32549273013,-0.8558676584976973,0.1693985760841431,33
0.11537559779363032,0.062146995227398416,0.64564169630862,0.013751637390744642,-190827.01184388832,-0.9740124318183275,0.15399913634643422,33
0.388677289689482,0.05878318862465531,0.8287375091519293,0.17837666334679464,-107160.7907079893,-0.8279225274200805,0.1446633816251276,33
0.4151771931257927,0.05426980635477918,0.8287375091519293,0.17837666334679464,-245984.6763284075,-0.8482871489188005,0.1470069890770362,33
0.3599437129891291,0.030964845082872394,0.9550656520517004,0.41057563849444834,-336287.54569928197,-0.751970236407944,0.15152228682984645,33
0.3745401188473625,0.19014286128198324,0.7319939418114051,0.2993292420985183,-264185.2556893789,-0.7968811624731055,0.14549370910963585,33
0.0902897700544083,0.1670604991178476,0.32078006497173583,0.09325925519992712,-487122.49853110575,-0.9185202804192606,0.15872176038049832,34
0.39619714601074296,0.060298300968691695,0.8287375091519293,0.20451784772188492,-133936.52089538457,-0.7810686629827309,0.13251226458610885,34
0.5760886109572688,0.009290082543999545,0.6075448519014384,0.08526206184364576,-388596.7154911286,-0.9258016915179744,0.15576143457690558,34
0.3745401188473625,0.19014286128198324,0.7494290681449964,0.15442374159654904,-371897.0350617105,-0.8962125714269634,0.15346229896710406,34
0.6659919510190668,0.19014286128198324,0.1900906799886637,0.2993292420985183,-389395.6887637836,-0.867531182586613,0.14916863612594095,34
0.3745401188473625,0.11435240396465488,0.7319939418114051,0.2907306241353117,-478065.92621219746,-0.7619569722945262,0.15869814654528216,34
0.1284348779956922,0.11817858863764837,0.6421795382020423,0.017292410682725412,-142268.27092917854,-0.9738606189368966,0.14623615855306804,34
0.09183038096932257,0.16727410214087762,0.6421795382020423,0.008293914463928076,-254097.92537956234,-0.9812217224030445,0.15285264497149545,34
0.13382815436476833,0.043061400271821995,0.6593453328677562,4.142920336580591e-05,-202473.38966329707,-0.9937230425269415,0.16066105103347492,34
0.3778823732147299,0.12097539278624184,0.7494290681449964,0.0016410649600007432,-144768.1298040974,-0.9902517607216357,0.14848483109952978,34
0.1300807561729404,0.11538304655247954,0.8296729198175729,0.17766612881891986,-220934.17679170295,-0.8523884679706103,0.14512013508147306,34
0.1300807561729404,0.11835754354596516,0.8297358063948106,0.17766612881891986,-366377.6294655189,-0.8150402040454906,0.14161021015968808,34
0.3745401188473625,0.11090458775713291,0.8891322101486617,0.07489605307303795,-356102.88449788495,-0.9445085945957138,0.15435702975220023,34
0.07701996515666774,0.021243933238996513,0.655965156793468,4.142920336580591e-05,-190690.78758025807,-0.9944858403916018,0.1569144227394734,34
0.39619714601074296,0.060298300968691695,0.8287375091519293,0.22119603146653455,-168919.3510244587,-0.841738336188875,0.14291641220688542,34
0.1414771396138262,0.04372434796281793,0.8202806676998,0.0010412494192634236,-317896.31498616515,-0.9877092126719367,0.15560172259268504,34
0.24293868750403425,0.018494656323707035,0.30027913249679256,0.09318501966885875,-558311.7377050066,-0.9218527110106222,0.17105033356551033,34
0.5453010280869183,0.11132465840378787,0.22593191303826066,0.05257832244948371,-429761.41076224553,-0.9498536209790464,0.16005903130695662,34
0.06802993496863002,0.043061400271821995,0.655965156793468,4.142920336580591e-05,-314516.5844265775,-0.9929913894411008,0.16862746456304678,34
0.3745401188473625,0.19758484566139395,0.27442066974664464,0.007484102100868299,-394857.94217736874,-0.9895900349671255,0.1588972886178762,34
0.4417270844437944,0.060298300968691695,0.8287375091519293,0.17390252636253686,-283879.6554754333,-0.8494079736634843,0.14425406563106716,34
0.06802993496863002,0.043061400271821995,0.6716885355040169,4.142920336580591e-05,-333778.64944668027,-0.9922631352040288,0.17260897390142094,34
0.07701996515666774,0.021243933238996513,0.655965156793468,0.0032068424679585483,-196482.22645494321,-0.9853295988005722,0.14815065469846747,34
0.11008195711128885,0.05217941939613864,0.6401966443770974,2.8414487546368772e-05,-279673.20265843323,-0.993449383314728,0.16077995809757947,34
0.0949669228365515,0.014888567846648552,0.6513942026319677,0.013751637390744642,-456655.2566000239,-0.9798215038429751,0.16333870712852208,34
0.08922760622697634,0.1670604991178476,0.32078006497173583,0.031243779771139235,-212042.85837222243,-0.983822432486765,0.1544728226109055,34
0.4130246460272165,0.05426980635477918,0.7776367222394794,0.1689158175612714,-300691.68221273826,-0.919294344752798,0.14751780380185844,34
0.3959745886202795,0.11880770353958597,0.8282325759416865,0.0023658432879350155,-192051.6599345353,-0.9911856289094599,0.15431234885854364,34
0.08930314012235979,0.0413572476710565,0.6302297747473492,4.142920336580591e-05,-91534.55699890981,-0.9914175562499258,0.14536358069261224,34
0.10976229832662984,0.043061400271821995,0.6401966443770974,4.142920336580591e-05,-279843.13538877695,-0.9915022536275999,0.16809360599113898,34
0.14383935637312834,0.12137338383629905,0.6340612099968781,0.002644887986219674,-396168.33751529426,-0.9885700597825103,0.17508097536269004,34
0.14383935637312834,0.11794733887209773,0.6340612099968781,0.002644887986219674,-222448.22003177146,-0.9919995472637382,0.1577147165329192,34
0.39619714601074296,0.014440834137841224,0.8415507582104257,0.0005971050510965442,-206935.67640533636,-0.9883791737547685,0.1510927732404247,34
0.07402086757923443,0.11538304655247954,0.22598220658007073,0.09280693291327854,-410338.1763998669,-0.8806940319632167,0.15441766132362217,34
0.5526126728868904,0.009290082543999545,0.6075448519014384,0.16977364331027947,-411577.8328162379,-0.8706632866788399,0.15347591085837306,34
0.14383935637312834,0.1195159922093368,0.56745042710584,9.096295061468895e-05,-91799.02648006263,-0.99121174954008,0.15382918904171242,34
0.3890128437718539,0.02508170011346087,0.8287686095321888,0.1564373500476715,-488637.72541113244,-0.8402384458251184,0.15962373438032626,34
0.058946784385166845,0.021243933238996513,0.655965156793468,4.142920336580591e-05,-60242.63716370694,-0.9923329543646381,0.15022883788449848,34
0.13199973540132837,0.04053825307050136,0.29323994616803484,0.037034802725132515,-481043.5158974876,-0.8970858370624568,0.1728459158788104,34
0.22793516254194168,0.08542155772525127,0.8180147659224931,0.4303652916281717,-364571.5315149774,-0.7170624578582623,0.15293052512220554,34
0.19297836324713113,0.08884760268945197,0.8180147659224931,0.442732101877385,-483862.02355978667,-0.7433744052648081,0.1622356220376366,34
0.35973629234963417,0.030964845082872394,0.9578979499512437,0.40066517614229485,-42432.31482780733,-0.7715771142410516,0.14400040716484488,34
0.1436502156189756,0.04053825307050136,0.29323994616803484,0.00044570839038631654,-277465.96127733676,-0.9931149735675945,0.16783508036056913,34
0.24293868750403425,0.019590684680857753,0.30027913249679256,0.09205409168976547,-409525.7417706526,-0.8877266336259294,0.16265564415381492,34
0.388677289689482,0.05426980635477918,0.8287375091519293,0.17837666334679464,-309914.007504504,-0.914319576920441,0.15565479824767647,34
0.388677289689482,0.05878318862465531,0.8287375091519293,0.17837666334679464,-107160.7907079893,-0.8279225274200805,0.1446633816251276,34
0.13177601084982932,0.11538304655247954,0.29323994616803484,0.08436774732650268,-467513.32549273013,-0.8558676584976973,0.1693985760841431,34
0.11537559779363032,0.062146995227398416,0.64564169630862,0.013751637390744642,-190827.01184388832,-0.9740124318183275,0.15399913634643422,34
0.4151771931257927,0.05426980635477918,0.8287375091519293,0.17837666334679464,-245984.6763284075,-0.8482871489188005,0.1470069890770362,34
0.3599437129891291,0.030964845082872394,0.9550656520517004,0.41057563849444834,-336287.54569928197,-0.751970236407944,0.15152228682984645,34
0.0902897700544083,0.1670604991178476,0.32078006497173583,0.09325925519992712,-487122.49853110575,-0.9185202804192606,0.15872176038049832,35
0.39619714601074296,0.060298300968691695,0.8287375091519293,0.20451784772188492,-133936.52089538457,-0.7810686629827309,0.13251226458610885,35
0.5760886109572688,0.009290082543999545,0.6075448519014384,0.08526206184364576,-388596.7154911286,-0.9258016915179744,0.15576143457690558,35
0.3745401188473625,0.19014286128198324,0.7494290681449964,0.15442374159654904,-371897.0350617105,-0.8962125714269634,0.15346229896710406,35
0.6659919510190668,0.19014286128198324,0.1900906799886637,0.2993292420985183,-389395.6887637836,-0.867531182586613,0.14916863612594095,35
0.3745401188473625,0.11435240396465488,0.7319939418114051,0.2907306241353117,-478065.92621219746,-0.7619569722945262,0.15869814654528216,35
0.09183038096932257,0.16727410214087762,0.6421795382020423,0.008293914463928076,-254097.92537956234,-0.9812217224030445,0.15285264497149545,35
0.13382815436476833,0.043061400271821995,0.6593453328677562,4.142920336580591e-05,-202473.38966329707,-0.9937230425269415,0.16066105103347492,35
0.3778823732147299,0.12097539278624184,0.7494290681449964,0.0016410649600007432,-144768.1298040974,-0.9902517607216357,0.14848483109952978,35
0.1300807561729404,0.11538304655247954,0.8296729198175729,0.17766612881891986,-220934.17679170295,-0.8523884679706103,0.14512013508147306,35
0.1300807561729404,0.11835754354596516,0.8297358063948106,0.17766612881891986,-366377.6294655189,-0.8150402040454906,0.14161021015968808,35
0.3745401188473625,0.11090458775713291,0.8891322101486617,0.07489605307303795,-356102.88449788495,-0.9445085945957138,0.15435702975220023,35
0.07701996515666774,0.021243933238996513,0.655965156793468,4.142920336580591e-05,-190690.78758025807,-0.9944858403916018,0.1569144227394734,35
0.39619714601074296,0.060298300968691695,0.8287375091519293,0.22119603146653455,-168919.3510244587,-0.841738336188875,0.14291641220688542,35
0.1414771396138262,0.04372434796281793,0.8202806676998,0.0010412494192634236,-317896.31498616515,-0.9877092126719367,0.15560172259268504,35
0.24293868750403425,0.018494656323707035,0.30027913249679256,0.09318501966885875,-558311.7377050066,-0.9218527110106222,0.17105033356551033,35
0.5453010280869183,0.11132465840378787,0.22593191303826066,0.05257832244948371,-429761.41076224553,-0.9498536209790464,0.16005903130695662,35
0.06802993496863002,0.043061400271821995,0.655965156793468,4.142920336580591e-05,-314516.5844265775,-0.9929913894411008,0.16862746456304678,35
0.3745401188473625,0.19758484566139395,0.27442066974664464,0.007484102100868299,-394857.94217736874,-0.9895900349671255,0.1588972886178762,35
0.4417270844437944,0.060298300968691695,0.8287375091519293,0.17390252636253686,-283879.6554754333,-0.8494079736634843,0.14425406563106716,35
0.06802993496863002,0.043061400271821995,0.6716885355040169,4.142920336580591e-05,-333778.64944668027,-0.9922631352040288,0.17260897390142094,35
0.07701996515666774,0.021243933238996513,0.655965156793468,0.0032068424679585483,-196482.22645494321,-0.9853295988005722,0.14815065469846747,35
0.11008195711128885,0.05217941939613864,0.6401966443770974,2.8414487546368772e-05,-279673.20265843323,-0.993449383314728,0.16077995809757947,35
0.0949669228365515,0.014888567846648552,0.6513942026319677,0.013751637390744642,-456655.2566000239,-0.9798215038429751,0.16333870712852208,35
0.08922760622697634,0.1670604991178476,0.32078006497173583,0.031243779771139235,-212042.85837222243,-0.983822432486765,0.1544728226109055,35
0.4130246460272165,0.05426980635477918,0.7776367222394794,0.1689158175612714,-300691.68221273826,-0.919294344752798,0.14751780380185844,35
0.3959745886202795,0.11880770353958597,0.8282325759416865,0.0023658432879350155,-192051.6599345353,-0.9911856289094599,0.15431234885854364,35
0.08930314012235979,0.0413572476710565,0.6302297747473492,4.142920336580591e-05,-91534.55699890981,-0.9914175562499258,0.14536358069261224,35
0.10976229832662984,0.043061400271821995,0.6401966443770974,4.142920336580591e-05,-279843.13538877695,-0.9915022536275999,0.16809360599113898,35
0.14383935637312834,0.11794733887209773,0.6340612099968781,0.002644887986219674,-222448.22003177146,-0.9919995472637382,0.1577147165329192,35
0.39619714601074296,0.014440834137841224,0.8415507582104257,0.0005971050510965442,-206935.67640533636,-0.9883791737547685,0.1510927732404247,35
0.07402086757923443,0.11538304655247954,0.22598220658007073,0.09280693291327854,-410338.1763998669,-0.8806940319632167,0.15441766132362217,35
0.5526126728868904,0.009290082543999545,0.6075448519014384,0.16977364331027947,-411577.8328162379,-0.8706632866788399,0.15347591085837306,35
0.14383935637312834,0.1195159922093368,0.56745042710584,9.096295061468895e-05,-91799.02648006263,-0.99121174954008,0.15382918904171242,35
0.3890128437718539,0.02508170011346087,0.8287686095321888,0.1564373500476715,-488637.72541113244,-0.8402384458251184,0.15962373438032626,35
0.058946784385166845,0.021243933238996513,0.655965156793468,4.142920336580591e-05,-60242.63716370694,-0.9923329543646381,0.15022883788449848,35
0.08484101389413234,0.014849817258195145,0.6513942026319677,0.013751637390744642,-161080.44356003808,-0.9792113839389596,0.14447423203940987,35
0.14358275616407828,0.11538304655247954,0.7585080948930275,0.18810800102298814,-156321.90299270168,-0.8823789031161149,0.14147638583806157,35
0.07701996515666774,0.02128268382745004,0.655965156793468,4.142920336580591e-05,-426304.58619816817,-0.9909630095455179,0.16486886508970044,35
0.19297836324713113,0.08884760268945197,0.8180147659224931,0.442732101877385,-483862.02355978667,-0.7433744052648081,0.1622356220376366,35
0.1436502156189756,0.04053825307050136,0.29323994616803484,0.00044570839038631654,-277465.96127733676,-0.9931149735675945,0.16783508036056913,35
0.22793516254194168,0.08542155772525127,0.8180147659224931,0.4303652916281717,-364571.5315149774,-0.7170624578582623,0.15293052512220554,35
0.35973629234963417,0.030964845082872394,0.9578979499512437,0.40066517614229485,-42432.31482780733,-0.7715771142410516,0.14400040716484488,35
0.14383935637312834,0.12137338383629905,0.6340612099968781,0.002644887986219674,-396168.33751529426,-0.9885700597825103,0.17508097536269004,35
0.388677289689482,0.05426980635477918,0.8287375091519293,0.17837666334679464,-309914.007504504,-0.914319576920441,0.15565479824767647,35
0.388677289689482,0.05878318862465531,0.8287375091519293,0.17837666334679464,-107160.7907079893,-0.8279225274200805,0.1446633816251276,35
0.4151771931257927,0.05426980635477918,0.8287375091519293,0.17837666334679464,-245984.6763284075,-0.8482871489188005,0.1470069890770362,35
0.13177601084982932,0.11538304655247954,0.29323994616803484,0.08436774732650268,-467513.32549273013,-0.8558676584976973,0.1693985760841431,35
0.1284348779956922,0.11817858863764837,0.6421795382020423,0.017292410682725412,-142268.27092917854,-0.9738606189368966,0.14623615855306804,35
0.3599437129891291,0.030964845082872394,0.9550656520517004,0.41057563849444834,-336287.54569928197,-0.751970236407944,0.15152228682984645,35
0.0902897700544083,0.1670604991178476,0.32078006497173583,0.09325925519992712,-487122.49853110575,-0.9185202804192606,0.15872176038049832,36
0.39619714601074296,0.060298300968691695,0.8287375091519293,0.20451784772188492,-133936.52089538457,-0.7810686629827309,0.13251226458610885,36
0.3745401188473625,0.19014286128198324,0.7494290681449964,0.15442374159654904,-371897.0350617105,-0.8962125714269634,0.15346229896710406,36
0.6659919510190668,0.19014286128198324,0.1900906799886637,0.2993292420985183,-389395.6887637836,-0.867531182586613,0.14916863612594095,36
0.3745401188473625,0.11435240396465488,0.7319939418114051,0.2907306241353117,-478065.92621219746,-0.7619569722945262,0.15869814654528216,36
0.09183038096932257,0.16727410214087762,0.6421795382020423,0.008293914463928076,-254097.92537956234,-0.9812217224030445,0.15285264497149545,36
0.13382815436476833,0.043061400271821995,0.6593453328677562,4.142920336580591e-05,-202473.38966329707,-0.9937230425269415,0.16066105103347492,36
0.3778823732147299,0.12097539278624184,0.7494290681449964,0.0016410649600007432,-144768.1298040974,-0.9902517607216357,0.14848483109952978,36
0.1300807561729404,0.11538304655247954,0.8296729198175729,0.17766612881891986,-220934.17679170295,-0.8523884679706103,0.14512013508147306,36
0.1300807561729404,0.11835754354596516,0.8297358063948106,0.17766612881891986,-366377.6294655189,-0.8150402040454906,0.14161021015968808,36
0.3745401188473625,0.11090458775713291,0.8891322101486617,0.07489605307303795,-356102.88449788495,-0.9445085945957138,0.15435702975220023,36
0.07701996515666774,0.021243933238996513,0.655965156793468,4.142920336580591e-05,-190690.78758025807,-0.9944858403916018,0.1569144227394734,36
0.39619714601074296,0.060298300968691695,0.8287375091519293,0.22119603146653455,-168919.3510244587,-0.841738336188875,0.14291641220688542,36
0.1414771396138262,0.04372434796281793,0.8202806676998,0.0010412494192634236,-317896.31498616515,-0.9877092126719367,0.15560172259268504,36
0.24293868750403425,0.018494656323707035,0.30027913249679256,0.09318501966885875,-558311.7377050066,-0.9218527110106222,0.17105033356551033,36
0.5453010280869183,0.11132465840378787,0.22593191303826066,0.05257832244948371,-429761.41076224553,-0.9498536209790464,0.16005903130695662,36
0.06802993496863002,0.043061400271821995,0.655965156793468,4.142920336580591e-05,-314516.5844265775,-0.9929913894411008,0.16862746456304678,36
0.3745401188473625,0.19758484566139395,0.27442066974664464,0.007484102100868299,-394857.94217736874,-0.9895900349671255,0.1588972886178762,36
0.4417270844437944,0.060298300968691695,0.8287375091519293,0.17390252636253686,-283879.6554754333,-0.8494079736634843,0.14425406563106716,36
0.06802993496863002,0.043061400271821995,0.6716885355040169,4.142920336580591e-05,-333778.64944668027,-0.9922631352040288,0.17260897390142094,36
0.07701996515666774,0.021243933238996513,0.655965156793468,0.0032068424679585483,-196482.22645494321,-0.9853295988005722,0.14815065469846747,36
0.11008195711128885,0.05217941939613864,0.6401966443770974,2.8414487546368772e-05,-279673.20265843323,-0.993449383314728,0.16077995809757947,36
0.0949669228365515,0.014888567846648552,0.6513942026319677,0.013751637390744642,-456655.2566000239,-0.9798215038429751,0.16333870712852208,36
0.08922760622697634,0.1670604991178476,0.32078006497173583,0.031243779771139235,-212042.85837222243,-0.983822432486765,0.1544728226109055,36
0.4130246460272165,0.05426980635477918,0.7776367222394794,0.1689158175612714,-300691.68221273826,-0.919294344752798,0.14751780380185844,36
0.3959745886202795,0.11880770353958597,0.8282325759416865,0.0023658432879350155,-192051.6599345353,-0.9911856289094599,0.15431234885854364,36
0.08930314012235979,0.0413572476710565,0.6302297747473492,4.142920336580591e-05,-91534.55699890981,-0.9914175562499258,0.14536358069261224,36
0.10976229832662984,0.043061400271821995,0.6401966443770974,4.142920336580591e-05,-279843.13538877695,-0.9915022536275999,0.16809360599113898,36
0.14383935637312834,0.11794733887209773,0.6340612099968781,0.002644887986219674,-222448.22003177146,-0.9919995472637382,0.1577147165329192,36
0.39619714601074296,0.014440834137841224,0.8415507582104257,0.0005971050510965442,-206935.67640533636,-0.9883791737547685,0.1510927732404247,36
0.07402086757923443,0.11538304655247954,0.22598220658007073,0.09280693291327854,-410338.1763998669,-0.8806940319632167,0.15441766132362217,36
0.5526126728868904,0.009290082543999545,0.6075448519014384,0.16977364331027947,-411577.8328162379,-0.8706632866788399,0.15347591085837306,36
0.14383935637312834,0.1195159922093368,0.56745042710584,9.096295061468895e-05,-91799.02648006263,-0.99121174954008,0.15382918904171242,36
0.3890128437718539,0.02508170011346087,0.8287686095321888,0.1564373500476715,-488637.72541113244,-0.8402384458251184,0.15962373438032626,36
0.058946784385166845,0.021243933238996513,0.655965156793468,4.142920336580591e-05,-60242.63716370694,-0.9923329543646381,0.15022883788449848,36
0.08484101389413234,0.014849817258195145,0.6513942026319677,0.013751637390744642,-161080.44356003808,-0.9792113839389596,0.14447423203940987,36
0.14358275616407828,0.11538304655247954,0.7585080948930275,0.18810800102298814,-156321.90299270168,-0.8823789031161149,0.14147638583806157,36
0.07701996515666774,0.02128268382745004,0.655965156793468,4.142920336580591e-05,-426304.58619816817,-0.9909630095455179,0.16486886508970044,36
0.5453010280869183,0.16745668678624523,0.22100332893586344,0.05257832244948371,-459288.24730753433,-0.9498248996385376,0.1551562913393366,36
0.22793516254194168,0.08542155772525127,0.8180147659224931,0.4303652916281717,-364571.5315149774,-0.7170624578582623,0.15293052512220554,36
0.14383935637312834,0.12137338383629905,0.6340612099968781,0.002644887986219674,-396168.33751529426,-0.9885700597825103,0.17508097536269004,36
0.35973629234963417,0.030964845082872394,0.9578979499512437,0.40066517614229485,-42432.31482780733,-0.7715771142410516,0.14400040716484488,36
0.19297836324713113,0.08884760268945197,0.8180147659224931,0.442732101877385,-483862.02355978667,-0.7433744052648081,0.1622356220376366,36
0.1436502156189756,0.04053825307050136,0.29323994616803484,0.00044570839038631654,-277465.96127733676,-0.9931149735675945,0.16783508036056913,36
0.1284348779956922,0.11817858863764837,0.6421795382020423,0.017292410682725412,-142268.27092917854,-0.9738606189368966,0.14623615855306804,36
0.4151771931257927,0.05426980635477918,0.8287375091519293,0.17837666334679464,-245984.6763284075,-0.8482871489188005,0.1470069890770362,36
0.5760886109572688,0.009290082543999545,0.6075448519014384,0.08526206184364576,-388596.7154911286,-0.9258016915179744,0.15576143457690558,36
0.13177601084982932,0.11538304655247954,0.29323994616803484,0.08436774732650268,-467513.32549273013,-0.8558676584976973,0.1693985760841431,36
0.388677289689482,0.05878318862465531,0.8287375091519293,0.17837666334679464,-107160.7907079893,-0.8279225274200805,0.1446633816251276,36
0.388677289689482,0.05426980635477918,0.8287375091519293,0.17837666334679464,-309914.007504504,-0.914319576920441,0.15565479824767647,36
0.0902897700544083,0.1670604991178476,0.32078006497173583,0.09325925519992712,-487122.49853110575,-0.9185202804192606,0.15872176038049832,37
0.39619714601074296,0.060298300968691695,0.8287375091519293,0.20451784772188492,-133936.52089538457,-0.7810686629827309,0.13251226458610885,37
0.3745401188473625,0.19014286128198324,0.7494290681449964,0.15442374159654904,-371897.0350617105,-0.8962125714269634,0.15346229896710406,37
0.6659919510190668,0.19014286128198324,0.1900906799886637,0.2993292420985183,-389395.6887637836,-0.867531182586613,0.14916863612594095,37
0.3745401188473625,0.11435240396465488,0.7319939418114051,0.2907306241353117,-478065.92621219746,-0.7619569722945262,0.15869814654528216,37
0.09183038096932257,0.16727410214087762,0.6421795382020423,0.008293914463928076,-254097.92537956234,-0.9812217224030445,0.15285264497149545,37
0.13382815436476833,0.043061400271821995,0.6593453328677562,4.142920336580591e-05,-202473.38966329707,-0.9937230425269415,0.16066105103347492,37
0.3778823732147299,0.12097539278624184,0.7494290681449964,0.0016410649600007432,-144768.1298040974,-0.9902517607216357,0.14848483109952978,37
0.1300807561729404,0.11538304655247954,0.8296729198175729,0.17766612881891986,-220934.17679170295,-0.8523884679706103,0.14512013508147306,37
0.1300807561729404,0.11835754354596516,0.8297358063948106,0.17766612881891986,-366377.6294655189,-0.8150402040454906,0.14161021015968808,37
0.3745401188473625,0.11090458775713291,0.8891322101486617,0.07489605307303795,-356102.88449788495,-0.9445085945957138,0.15435702975220023,37
0.07701996515666774,0.021243933238996513,0.655965156793468,4.142920336580591e-05,-190690.78758025807,-0.9944858403916018,0.1569144227394734,37
0.39619714601074296,0.060298300968691695,0.8287375091519293,0.22119603146653455,-168919.3510244587,-0.841738336188875,0.14291641220688542,37
0.1414771396138262,0.04372434796281793,0.8202806676998,0.0010412494192634236,-317896.31498616515,-0.9877092126719367,0.15560172259268504,37
0.24293868750403425,0.018494656323707035,0.30027913249679256,0.09318501966885875,-558311.7377050066,-0.9218527110106222,0.17105033356551033,37
0.5453010280869183,0.11132465840378787,0.22593191303826066,0.05257832244948371,-429761.41076224553,-0.9498536209790464,0.16005903130695662,37
0.06802993496863002,0.043061400271821995,0.655965156793468,4.142920336580591e-05,-314516.5844265775,-0.9929913894411008,0.16862746456304678,37
0.3745401188473625,0.19758484566139395,0.27442066974664464,0.007484102100868299,-394857.94217736874,-0.9895900349671255,0.1588972886178762,37
0.4417270844437944,0.060298300968691695,0.8287375091519293,0.17390252636253686,-283879.6554754333,-0.8494079736634843,0.14425406563106716,37
0.06802993496863002,0.043061400271821995,0.6716885355040169,4.142920336580591e-05,-333778.64944668027,-0.9922631352040288,0.17260897390142094,37
0.07701996515666774,0.021243933238996513,0.655965156793468,0.0032068424679585483,-196482.22645494321,-0.9853295988005722,0.14815065469846747,37
0.11008195711128885,0.05217941939613864,0.6401966443770974,2.8414487546368772e-05,-279673.20265843323,-0.993449383314728,0.16077995809757947,37
0.0949669228365515,0.014888567846648552,0.6513942026319677,0.013751637390744642,-456655.2566000239,-0.9798215038429751,0.16333870712852208,37
0.08922760622697634,0.1670604991178476,0.32078006497173583,0.031243779771139235,-212042.85837222243,-0.983822432486765,0.1544728226109055,37
0.4130246460272165,0.05426980635477918,0.7776367222394794,0.1689158175612714,-300691.68221273826,-0.919294344752798,0.14751780380185844,37
0.3959745886202795,0.11880770353958597,0.8282325759416865,0.0023658432879350155,-192051.6599345353,-0.9911856289094599,0.15431234885854364,37
0.08930314012235979,0.0413572476710565,0.6302297747473492,4.142920336580591e-05,-91534.55699890981,-0.9914175562499258,0.14536358069261224,37
0.10976229832662984,0.043061400271821995,0.6401966443770974,4.142920336580591e-05,-279843.13538877695,-0.9915022536275999,0.16809360599113898,37
0.14383935637312834,0.11794733887209773,0.6340612099968781,0.002644887986219674,-222448.22003177146,-0.9919995472637382,0.1577147165329192,37
0.39619714601074296,0.014440834137841224,0.8415507582104257,0.0005971050510965442,-206935.67640533636,-0.9883791737547685,0.1510927732404247,37
0.07402086757923443,0.11538304655247954,0.22598220658007073,0.09280693291327854,-410338.1763998669,-0.8806940319632167,0.15441766132362217,37
0.5526126728868904,0.009290082543999545,0.6075448519014384,0.16977364331027947,-411577.8328162379,-0.8706632866788399,0.15347591085837306,37
0.14383935637312834,0.1195159922093368,0.56745042710584,9.096295061468895e-05,-91799.02648006263,-0.99121174954008,0.15382918904171242,37
0.3890128437718539,0.02508170011346087,0.8287686095321888,0.1564373500476715,-488637.72541113244,-0.8402384458251184,0.15962373438032626,37
0.058946784385166845,0.021243933238996513,0.655965156793468,4.142920336580591e-05,-60242.63716370694,-0.9923329543646381,0.15022883788449848,37
0.08484101389413234,0.014849817258195145,0.6513942026319677,0.013751637390744642,-161080.44356003808,-0.9792113839389596,0.14447423203940987,37
0.14358275616407828,0.11538304655247954,0.7585080948930275,0.18810800102298814,-156321.90299270168,-0.8823789031161149,0.14147638583806157,37
0.07701996515666774,0.02128268382745004,0.655965156793468,4.142920336580591e-05,-426304.58619816817,-0.9909630095455179,0.16486886508970044,37
0.5453010280869183,0.16745668678624523,0.22100332893586344,0.05257832244948371,-459288.24730753433,-0.9498248996385376,0.1551562913393366,37
0.14383935637312834,0.12137338383629905,0.6340612099968781,0.002644887986219674,-396168.33751529426,-0.9885700597825103,0.17508097536269004,37
0.35973629234963417,0.030964845082872394,0.9578979499512437,0.40066517614229485,-42432.31482780733,-0.7715771142410516,0.14400040716484488,37
0.1436502156189756,0.04053825307050136,0.29323994616803484,0.00044570839038631654,-277465.96127733676,-0.9931149735675945,0.16783508036056913,37
0.22793516254194168,0.08542155772525127,0.8180147659224931,0.4303652916281717,-364571.5315149774,-0.7170624578582623,0.15293052512220554,37
0.19297836324713113,0.08884760268945197,0.8180147659224931,0.442732101877385,-483862.02355978667,-0.7433744052648081,0.1622356220376366,37
0.13177601084982932,0.11538304655247954,0.29323994616803484,0.08436774732650268,-467513.32549273013,-0.8558676584976973,0.1693985760841431,37
0.4151771931257927,0.05426980635477918,0.8287375091519293,0.17837666334679464,-245984.6763284075,-0.8482871489188005,0.1470069890770362,37
0.1284348779956922,0.11817858863764837,0.6421795382020423,0.017292410682725412,-142268.27092917854,-0.9738606189368966,0.14623615855306804,37
0.388677289689482,0.05426980635477918,0.8287375091519293,0.17837666334679464,-309914.007504504,-0.914319576920441,0.15565479824767647,37
0.388677289689482,0.05878318862465531,0.8287375091519293,0.17837666334679464,-107160.7907079893,-0.8279225274200805,0.1446633816251276,37
0.5760886109572688,0.009290082543999545,0.6075448519014384,0.08526206184364576,-388596.7154911286,-0.9258016915179744,0.15576143457690558,37
0.0902897700544083,0.1670604991178476,0.32078006497173583,0.09325925519992712,-487122.49853110575,-0.9185202804192606,0.15872176038049832,38
0.39619714601074296,0.060298300968691695,0.8287375091519293,0.20451784772188492,-133936.52089538457,-0.7810686629827309,0.13251226458610885,38
0.3745401188473625,0.19014286128198324,0.7494290681449964,0.15442374159654904,-371897.0350617105,-0.8962125714269634,0.15346229896710406,38
0.6659919510190668,0.19014286128198324,0.1900906799886637,0.2993292420985183,-389395.6887637836,-0.867531182586613,0.14916863612594095,38
0.3745401188473625,0.11435240396465488,0.7319939418114051,0.2907306241353117,-478065.92621219746,-0.7619569722945262,0.15869814654528216,38
0.09183038096932257,0.16727410214087762,0.6421795382020423,0.008293914463928076,-254097.92537956234,-0.9812217224030445,0.15285264497149545,38
0.3778823732147299,0.12097539278624184,0.7494290681449964,0.0016410649600007432,-144768.1298040974,-0.9902517607216357,0.14848483109952978,38
0.1300807561729404,0.11538304655247954,0.8296729198175729,0.17766612881891986,-220934.17679170295,-0.8523884679706103,0.14512013508147306,38
0.1300807561729404,0.11835754354596516,0.8297358063948106,0.17766612881891986,-366377.6294655189,-0.8150402040454906,0.14161021015968808,38
0.3745401188473625,0.11090458775713291,0.8891322101486617,0.07489605307303795,-356102.88449788495,-0.9445085945957138,0.15435702975220023,38
0.07701996515666774,0.021243933238996513,0.655965156793468,4.142920336580591e-05,-190690.78758025807,-0.9944858403916018,0.1569144227394734,38
0.39619714601074296,0.060298300968691695,0.8287375091519293,0.22119603146653455,-168919.3510244587,-0.841738336188875,0.14291641220688542,38
0.1414771396138262,0.04372434796281793,0.8202806676998,0.0010412494192634236,-317896.31498616515,-0.9877092126719367,0.15560172259268504,38
0.24293868750403425,0.018494656323707035,0.30027913249679256,0.09318501966885875,-558311.7377050066,-0.9218527110106222,0.17105033356551033,38
0.5453010280869183,0.11132465840378787,0.22593191303826066,0.05257832244948371,-429761.41076224553,-0.9498536209790464,0.16005903130695662,38
0.3745401188473625,0.19758484566139395,0.27442066974664464,0.007484102100868299,-394857.94217736874,-0.9895900349671255,0.1588972886178762,38
0.4417270844437944,0.060298300968691695,0.8287375091519293,0.17390252636253686,-283879.6554754333,-0.8494079736634843,0.14425406563106716,38
0.07701996515666774,0.021243933238996513,0.655965156793468,0.0032068424679585483,-196482.22645494321,-0.9853295988005722,0.14815065469846747,38
0.0949669228365515,0.014888567846648552,0.6513942026319677,0.013751637390744642,-456655.2566000239,-0.9798215038429751,0.16333870712852208,38
0.08922760622697634,0.1670604991178476,0.32078006497173583,0.031243779771139235,-212042.85837222243,-0.983822432486765,0.1544728226109055,38
0.4130246460272165,0.05426980635477918,0.7776367222394794,0.1689158175612714,-300691.68221273826,-0.919294344752798,0.14751780380185844,38
0.3959745886202795,0.11880770353958597,0.8282325759416865,0.0023658432879350155,-192051.6599345353,-0.9911856289094599,0.15431234885854364,38
0.08930314012235979,0.0413572476710565,0.6302297747473492,4.142920336580591e-05,-91534.55699890981,-0.9914175562499258,0.14536358069261224,38
0.14383935637312834,0.11794733887209773,0.6340612099968781,0.002644887986219674,-222448.22003177146,-0.9919995472637382,0.1577147165329192,38
0.39619714601074296,0.014440834137841224,0.8415507582104257,0.0005971050510965442,-206935.67640533636,-0.9883791737547685,0.1510927732404247,38
0.07402086757923443,0.11538304655247954,0.22598220658007073,0.09280693291327854,-410338.1763998669,-0.8806940319632167,0.15441766132362217,38
0.5526126728868904,0.009290082543999545,0.6075448519014384,0.16977364331027947,-411577.8328162379,-0.8706632866788399,0.15347591085837306,38
0.14383935637312834,0.1195159922093368,0.56745042710584,9.096295061468895e-05,-91799.02648006263,-0.99121174954008,0.15382918904171242,38
0.3890128437718539,0.02508170011346087,0.8287686095321888,0.1564373500476715,-488637.72541113244,-0.8402384458251184,0.15962373438032626,38
0.058946784385166845,0.021243933238996513,0.655965156793468,4.142920336580591e-05,-60242.63716370694,-0.9923329543646381,0.15022883788449848,38
0.08484101389413234,0.014849817258195145,0.6513942026319677,0.013751637390744642,-161080.44356003808,-0.9792113839389596,0.14447423203940987,38
0.14358275616407828,0.11538304655247954,0.7585080948930275,0.18810800102298814,-156321.90299270168,-0.8823789031161149,0.14147638583806157,38
0.07701996515666774,0.02128268382745004,0.655965156793468,4.142920336580591e-05,-426304.58619816817,-0.9909630095455179,0.16486886508970044,38
0.5453010280869183,0.16745668678624523,0.22100332893586344,0.05257832244948371,-459288.24730753433,-0.9498248996385376,0.1551562913393366,38
0.08211009039816916,0.060298300968691695,0.834590367947467,0.0008375444367237916,-339957.6618107171,-0.9951564847306908,0.15836325043313867,38
0.3778823732147299,0.12097539278624184,0.7494290681449964,0.010382775955612183,-204999.04918800705,-0.9711984711572413,0.1497164433408469,38
0.19297836324713113,0.08884760268945197,0.8180147659224931,0.442732101877385,-483862.02355978667,-0.7433744052648081,0.1622356220376366,38
0.13382815436476833,0.043061400271821995,0.6593453328677562,4.142920336580591e-05,-202473.38966329707,-0.9937230425269415,0.16066105103347492,38
0.22793516254194168,0.08542155772525127,0.8180147659224931,0.4303652916281717,-364571.5315149774,-0.7170624578582623,0.15293052512220554,38
0.35973629234963417,0.030964845082872394,0.9578979499512437,0.40066517614229485,-42432.31482780733,-0.7715771142410516,0.14400040716484488,38
0.14383935637312834,0.12137338383629905,0.6340612099968781,0.002644887986219674,-396168.33751529426,-0.9885700597825103,0.17508097536269004,38
0.1284348779956922,0.11817858863764837,0.6421795382020423,0.017292410682725412,-142268.27092917854,-0.9738606189368966,0.14623615855306804,38
0.388677289689482,0.05878318862465531,0.8287375091519293,0.17837666334679464,-107160.7907079893,-0.8279225274200805,0.1446633816251276,38
0.14358275616407828,0.11538304655247954,0.6727021730631175,0.19853366324054694,-207905.05449958702,-0.8710282989966441,0.14952710382584733,38
0.13177601084982932,0.11538304655247954,0.29323994616803484,0.08436774732650268,-467513.32549273013,-0.8558676584976973,0.1693985760841431,38
0.4151771931257927,0.05426980635477918,0.8287375091519293,0.17837666334679464,-245984.6763284075,-0.8482871489188005,0.1470069890770362,38
0.43014448263944116,0.11975640134200685,0.8287375091519293,0.08402530535470346,-180617.59883165825,-0.9297749442691181,0.15501266663026345,38
0.06802993496863002,0.043061400271821995,0.6716885355040169,4.142920336580591e-05,-333778.64944668027,-0.9922631352040288,0.17260897390142094,38
0.388677289689482,0.05426980635477918,0.8287375091519293,0.17837666334679464,-309914.007504504,-0.914319576920441,0.15565479824767647,38
0.10976229832662984,0.043061400271821995,0.6401966443770974,4.142920336580591e-05,-279843.13538877695,-0.9915022536275999,0.16809360599113898,38
0.0902897700544083,0.1670604991178476,0.32078006497173583,0.09325925519992712,-487122.49853110575,-0.9185202804192606,0.15872176038049832,39
0.39619714601074296,0.060298300968691695,0.8287375091519293,0.20451784772188492,-133936.52089538457,-0.7810686629827309,0.13251226458610885,39
0.3745401188473625,0.19014286128198324,0.7494290681449964,0.15442374159654904,-371897.0350617105,-0.8962125714269634,0.15346229896710406,39
0.6659919510190668,0.19014286128198324,0.1900906799886637,0.2993292420985183,-389395.6887637836,-0.867531182586613,0.14916863612594095,39
0.3745401188473625,0.11435240396465488,0.7319939418114051,0.2907306241353117,-478065.92621219746,-0.7619569722945262,0.15869814654528216,39
0.3778823732147299,0.12097539278624184,0.7494290681449964,0.0016410649600007432,-144768.1298040974,-0.9902517607216357,0.14848483109952978,39
0.1300807561729404,0.11538304655247954,0.8296729198175729,0.17766612881891986,-220934.17679170295,-0.8523884679706103,0.14512013508147306,39
0.1300807561729404,0.11835754354596516,0.8297358063948106,0.17766612881891986,-366377.6294655189,-0.8150402040454906,0.14161021015968808,39
0.3745401188473625,0.11090458775713291,0.8891322101486617,0.07489605307303795,-356102.88449788495,-0.9445085945957138,0.15435702975220023,39
0.07701996515666774,0.021243933238996513,0.655965156793468,4.142920336580591e-05,-190690.78758025807,-0.9944858403916018,0.1569144227394734,39
0.39619714601074296,0.060298300968691695,0.8287375091519293,0.22119603146653455,-168919.3510244587,-0.841738336188875,0.14291641220688542,39
0.1414771396138262,0.04372434796281793,0.8202806676998,0.0010412494192634236,-317896.31498616515,-0.9877092126719367,0.15560172259268504,39
0.24293868750403425,0.018494656323707035,0.30027913249679256,0.09318501966885875,-558311.7377050066,-0.9218527110106222,0.17105033356551033,39
0.5453010280869183,0.11132465840378787,0.22593191303826066,0.05257832244948371,-429761.41076224553,-0.9498536209790464,0.16005903130695662,39
0.3745401188473625,0.19758484566139395,0.27442066974664464,0.007484102100868299,-394857.94217736874,-0.9895900349671255,0.1588972886178762,39
0.4417270844437944,0.060298300968691695,0.8287375091519293,0.17390252636253686,-283879.6554754333,-0.8494079736634843,0.14425406563106716,39
0.07701996515666774,0.021243933238996513,0.655965156793468,0.0032068424679585483,-196482.22645494321,-0.9853295988005722,0.14815065469846747,39
0.0949669228365515,0.014888567846648552,0.6513942026319677,0.013751637390744642,-456655.2566000239,-0.9798215038429751,0.16333870712852208,39
0.4130246460272165,0.05426980635477918,0.7776367222394794,0.1689158175612714,-300691.68221273826,-0.919294344752798,0.14751780380185844,39
0.3959745886202795,0.11880770353958597,0.8282325759416865,0.0023658432879350155,-192051.6599345353,-0.9911856289094599,0.15431234885854364,39
0.08930314012235979,0.0413572476710565,0.6302297747473492,4.142920336580591e-05,-91534.55699890981,-0.9914175562499258,0.14536358069261224,39
0.14383935637312834,0.11794733887209773,0.6340612099968781,0.002644887986219674,-222448.22003177146,-0.9919995472637382,0.1577147165329192,39
0.39619714601074296,0.014440834137841224,0.8415507582104257,0.0005971050510965442,-206935.67640533636,-0.9883791737547685,0.1510927732404247,39
0.07402086757923443,0.11538304655247954,0.22598220658007073,0.09280693291327854,-410338.1763998669,-0.8806940319632167,0.15441766132362217,39
0.5526126728868904,0.009290082543999545,0.6075448519014384,0.16977364331027947,-411577.8328162379,-0.8706632866788399,0.15347591085837306,39
0.14383935637312834,0.1195159922093368,0.56745042710584,9.096295061468895e-05,-91799.02648006263,-0.99121174954008,0.15382918904171242,39
0.3890128437718539,0.02508170011346087,0.8287686095321888,0.1564373500476715,-488637.72541113244,-0.8402384458251184,0.15962373438032626,39
0.058946784385166845,0.021243933238996513,0.655965156793468,4.142920336580591e-05,-60242.63716370694,-0.9923329543646381,0.15022883788449848,39
0.08484101389413234,0.014849817258195145,0.6513942026319677,0.013751637390744642,-161080.44356003808,-0.9792113839389596,0.14447423203940987,39
0.14358275616407828,0.11538304655247954,0.7585080948930275,0.18810800102298814,-156321.90299270168,-0.8823789031161149,0.14147638583806157,39
0.07701996515666774,0.02128268382745004,0.655965156793468,4.142920336580591e-05,-426304.58619816817,-0.9909630095455179,0.16486886508970044,39
0.5453010280869183,0.16745668678624523,0.22100332893586344,0.05257832244948371,-459288.24730753433,-0.9498248996385376,0.1551562913393366,39
0.08211009039816916,0.060298300968691695,0.834590367947467,0.0008375444367237916,-339957.6618107171,-0.9951564847306908,0.15836325043313867,39
0.3778823732147299,0.12097539278624184,0.7494290681449964,0.010382775955612183,-204999.04918800705,-0.9711984711572413,0.1497164433408469,39
0.4593381422116586,0.03932863291714846,0.8876237564802782,0.0033339598158347444,-331061.45580606203,-0.985218114056471,0.15193480592948658,39
0.19297836324713113,0.08766910665571967,0.957713617730273,0.442732101877385,-397188.0914915469,-0.7784670082591368,0.14860459157686187,39
0.13382815436476833,0.043061400271821995,0.6593453328677562,4.142920336580591e-05,-202473.38966329707,-0.9937230425269415,0.16066105103347492,39
0.14383935637312834,0.12137338383629905,0.6340612099968781,0.002644887986219674,-396168.33751529426,-0.9885700597825103,0.17508097536269004,39
0.35973629234963417,0.030964845082872394,0.9578979499512437,0.40066517614229485,-42432.31482780733,-0.7715771142410516,0.14400040716484488,39
0.19297836324713113,0.08884760268945197,0.8180147659224931,0.442732101877385,-483862.02355978667,-0.7433744052648081,0.1622356220376366,39
0.22793516254194168,0.08542155772525127,0.8180147659224931,0.4303652916281717,-364571.5315149774,-0.7170624578582623,0.15293052512220554,39
0.388677289689482,0.05878318862465531,0.8287375091519293,0.17837666334679464,-107160.7907079893,-0.8279225274200805,0.1446633816251276,39
0.058946784385166845,0.01958052936135744,0.6565214205443773,0.017136508705214288,-347229.9917714859,-0.9550779905920508,0.16689448085573913,39
0.13177601084982932,0.11538304655247954,0.29323994616803484,0.08436774732650268,-467513.32549273013,-0.8558676584976973,0.1693985760841431,39
0.14358275616407828,0.11538304655247954,0.6727021730631175,0.19853366324054694,-207905.05449958702,-0.8710282989966441,0.14952710382584733,39
0.1284348779956922,0.11817858863764837,0.6421795382020423,0.017292410682725412,-142268.27092917854,-0.9738606189368966,0.14623615855306804,39
0.388677289689482,0.05426980635477918,0.8287375091519293,0.17837666334679464,-309914.007504504,-0.914319576920441,0.15565479824767647,39
0.4151771931257927,0.05426980635477918,0.8287375091519293,0.17837666334679464,-245984.6763284075,-0.8482871489188005,0.1470069890770362,39
0.442169881278345,0.11132465840378787,0.22593191303826066,0.05558306381088192,-277235.6028598576,-0.9183676636211219,0.15621133395991424,39
0.06802993496863002,0.043061400271821995,0.6716885355040169,4.142920336580591e-05,-333778.64944668027,-0.9922631352040288,0.17260897390142094,39
0.0902897700544083,0.1670604991178476,0.32078006497173583,0.09325925519992712,-487122.49853110575,-0.9185202804192606,0.15872176038049832,40
0.39619714601074296,0.060298300968691695,0.8287375091519293,0.20451784772188492,-133936.52089538457,-0.7810686629827309,0.13251226458610885,40
0.3745401188473625,0.19014286128198324,0.7494290681449964,0.15442374159654904,-371897.0350617105,-0.8962125714269634,0.15346229896710406,40
0.6659919510190668,0.19014286128198324,0.1900906799886637,0.2993292420985183,-389395.6887637836,-0.867531182586613,0.14916863612594095,40
0.3745401188473625,0.11435240396465488,0.7319939418114051,0.2907306241353117,-478065.92621219746,-0.7619569722945262,0.15869814654528216,40
0.3778823732147299,0.12097539278624184,0.7494290681449964,0.0016410649600007432,-144768.1298040974,-0.9902517607216357,0.14848483109952978,40
0.1300807561729404,0.11538304655247954,0.8296729198175729,0.17766612881891986,-220934.17679170295,-0.8523884679706103,0.14512013508147306,40
0.1300807561729404,0.11835754354596516,0.8297358063948106,0.17766612881891986,-366377.6294655189,-0.8150402040454906,0.14161021015968808,40
0.3745401188473625,0.11090458775713291,0.8891322101486617,0.07489605307303795,-356102.88449788495,-0.9445085945957138,0.15435702975220023,40
0.07701996515666774,0.021243933238996513,0.655965156793468,4.142920336580591e-05,-190690.78758025807,-0.9944858403916018,0.1569144227394734,40
0.39619714601074296,0.060298300968691695,0.8287375091519293,0.22119603146653455,-168919.3510244587,-0.841738336188875,0.14291641220688542,40
0.1414771396138262,0.04372434796281793,0.8202806676998,0.0010412494192634236,-317896.31498616515,-0.9877092126719367,0.15560172259268504,40
0.24293868750403425,0.018494656323707035,0.30027913249679256,0.09318501966885875,-558311.7377050066,-0.9218527110106222,0.17105033356551033,40
0.5453010280869183,0.11132465840378787,0.22593191303826066,0.05257832244948371,-429761.41076224553,-0.9498536209790464,0.16005903130695662,40
0.3745401188473625,0.19758484566139395,0.27442066974664464,0.007484102100868299,-394857.94217736874,-0.9895900349671255,0.1588972886178762,40
0.4417270844437944,0.060298300968691695,0.8287375091519293,0.17390252636253686,-283879.6554754333,-0.8494079736634843,0.14425406563106716,40
0.07701996515666774,0.021243933238996513,0.655965156793468,0.0032068424679585483,-196482.22645494321,-0.9853295988005722,0.14815065469846747,40
0.0949669228365515,0.014888567846648552,0.6513942026319677,0.013751637390744642,-456655.2566000239,-0.9798215038429751,0.16333870712852208,40
0.4130246460272165,0.05426980635477918,0.7776367222394794,0.1689158175612714,-300691.68221273826,-0.919294344752798,0.14751780380185844,40
0.3959745886202795,0.11880770353958597,0.8282325759416865,0.0023658432879350155,-192051.6599345353,-0.9911856289094599,0.15431234885854364,40
0.08930314012235979,0.0413572476710565,0.6302297747473492,4.142920336580591e-05,-91534.55699890981,-0.9914175562499258,0.14536358069261224,40
0.14383935637312834,0.11794733887209773,0.6340612099968781,0.002644887986219674,-222448.22003177146,-0.9919995472637382,0.1577147165329192,40
0.39619714601074296,0.014440834137841224,0.8415507582104257,0.0005971050510965442,-206935.67640533636,-0.9883791737547685,0.1510927732404247,40
0.07402086757923443,0.11538304655247954,0.22598220658007073,0.09280693291327854,-410338.1763998669,-0.8806940319632167,0.15441766132362217,40
0.5526126728868904,0.009290082543999545,0.6075448519014384,0.16977364331027947,-411577.8328162379,-0.8706632866788399,0.15347591085837306,40
0.14383935637312834,0.1195159922093368,0.56745042710584,9.096295061468895e-05,-91799.02648006263,-0.99121174954008,0.15382918904171242,40
0.3890128437718539,0.02508170011346087,0.8287686095321888,0.1564373500476715,-488637.72541113244,-0.8402384458251184,0.15962373438032626,40
0.058946784385166845,0.021243933238996513,0.655965156793468,4.142920336580591e-05,-60242.63716370694,-0.9923329543646381,0.15022883788449848,40
0.08484101389413234,0.014849817258195145,0.6513942026319677,0.013751637390744642,-161080.44356003808,-0.9792113839389596,0.14447423203940987,40
0.14358275616407828,0.11538304655247954,0.7585080948930275,0.18810800102298814,-156321.90299270168,-0.8823789031161149,0.14147638583806157,40
0.07701996515666774,0.02128268382745004,0.655965156793468,4.142920336580591e-05,-426304.58619816817,-0.9909630095455179,0.16486886508970044,40
0.5453010280869183,0.16745668678624523,0.22100332893586344,0.05257832244948371,-459288.24730753433,-0.9498248996385376,0.1551562913393366,40
0.08211009039816916,0.060298300968691695,0.834590367947467,0.0008375444367237916,-339957.6618107171,-0.9951564847306908,0.15836325043313867,40
0.3778823732147299,0.12097539278624184,0.7494290681449964,0.010382775955612183,-204999.04918800705,-0.9711984711572413,0.1497164433408469,40
0.4593381422116586,0.03932863291714846,0.8876237564802782,0.0033339598158347444,-331061.45580606203,-0.985218114056471,0.15193480592948658,40
0.19297836324713113,0.08766910665571967,0.957713617730273,0.442732101877385,-397188.0914915469,-0.7784670082591368,0.14860459157686187,40
0.40119472890026364,0.060312984524284595,0.6716885355040169,0.0027114852679979845,-157261.5841785022,-0.9856619920077107,0.15095056752513755,40
0.13382815436476833,0.043061400271821995,0.6593453328677562,4.142920336580591e-05,-202473.38966329707,-0.9937230425269415,0.16066105103347492,40
0.19297836324713113,0.08884760268945197,0.8180147659224931,0.442732101877385,-483862.02355978667,-0.7433744052648081,0.1622356220376366,40
0.35973629234963417,0.030964845082872394,0.9578979499512437,0.40066517614229485,-42432.31482780733,-0.7715771142410516,0.14400040716484488,40
0.22793516254194168,0.08542155772525127,0.8180147659224931,0.4303652916281717,-364571.5315149774,-0.7170624578582623,0.15293052512220554,40
0.14383935637312834,0.12137338383629905,0.6340612099968781,0.002644887986219674,-396168.33751529426,-0.9885700597825103,0.17508097536269004,40
0.388677289689482,0.05878318862465531,0.8287375091519293,0.17837666334679464,-107160.7907079893,-0.8279225274200805,0.1446633816251276,40
0.058946784385166845,0.01958052936135744,0.6565214205443773,0.017136508705214288,-347229.9917714859,-0.9550779905920508,0.16689448085573913,40
0.14358275616407828,0.11538304655247954,0.6727021730631175,0.19853366324054694,-207905.05449958702,-0.8710282989966441,0.14952710382584733,40
0.13177601084982932,0.11538304655247954,0.29323994616803484,0.08436774732650268,-467513.32549273013,-0.8558676584976973,0.1693985760841431,40
0.1284348779956922,0.11817858863764837,0.6421795382020423,0.017292410682725412,-142268.27092917854,-0.9738606189368966,0.14623615855306804,40
0.442169881278345,0.11132465840378787,0.22593191303826066,0.05558306381088192,-277235.6028598576,-0.9183676636211219,0.15621133395991424,40
0.4151771931257927,0.05426980635477918,0.8287375091519293,0.17837666334679464,-245984.6763284075,-0.8482871489188005,0.1470069890770362,40
0.3745401188473625,0.019332246108776437,0.9631099296347451,0.08220719845973759,-311509.3144343,-0.9111840837076631,0.1524073270162784,40
0.0902897700544083,0.1670604991178476,0.32078006497173583,0.09325925519992712,-487122.49853110575,-0.9185202804192606,0.15872176038049832,41
0.39619714601074296,0.060298300968691695,0.8287375091519293,0.20451784772188492,-133936.52089538457,-0.7810686629827309,0.13251226458610885,41
0.3745401188473625,0.19014286128198324,0.7494290681449964,0.15442374159654904,-371897.0350617105,-0.8962125714269634,0.15346229896710406,41
0.6659919510190668,0.19014286128198324,0.1900906799886637,0.2993292420985183,-389395.6887637836,-0.867531182586613,0.14916863612594095,41
0.3745401188473625,0.11435240396465488,0.7319939418114051,0.2907306241353117,-478065.92621219746,-0.7619569722945262,0.15869814654528216,41
0.3778823732147299,0.12097539278624184,0.7494290681449964,0.0016410649600007432,-144768.1298040974,-0.9902517607216357,0.14848483109952978,41
0.1300807561729404,0.11538304655247954,0.8296729198175729,0.17766612881891986,-220934.17679170295,-0.8523884679706103,0.14512013508147306,41
0.1300807561729404,0.11835754354596516,0.8297358063948106,0.17766612881891986,-366377.6294655189,-0.8150402040454906,0.14161021015968808,41
0.3745401188473625,0.11090458775713291,0.8891322101486617,0.07489605307303795,-356102.88449788495,-0.9445085945957138,0.15435702975220023,41
0.07701996515666774,0.021243933238996513,0.655965156793468,4.142920336580591e-05,-190690.78758025807,-0.9944858403916018,0.1569144227394734,41
0.39619714601074296,0.060298300968691695,0.8287375091519293,0.22119603146653455,-168919.3510244587,-0.841738336188875,0.14291641220688542,41
0.1414771396138262,0.04372434796281793,0.8202806676998,0.0010412494192634236,-317896.31498616515,-0.9877092126719367,0.15560172259268504,41
0.24293868750403425,0.018494656323707035,0.30027913249679256,0.09318501966885875,-558311.7377050066,-0.9218527110106222,0.17105033356551033,41
0.5453010280869183,0.11132465840378787,0.22593191303826066,0.05257832244948371,-429761.41076224553,-0.9498536209790464,0.16005903130695662,41
0.3745401188473625,0.19758484566139395,0.27442066974664464,0.007484102100868299,-394857.94217736874,-0.9895900349671255,0.1588972886178762,41
0.4417270844437944,0.060298300968691695,0.8287375091519293,0.17390252636253686,-283879.6554754333,-0.8494079736634843,0.14425406563106716,41
0.07701996515666774,0.021243933238996513,0.655965156793468,0.0032068424679585483,-196482.22645494321,-0.9853295988005722,0.14815065469846747,41
0.0949669228365515,0.014888567846648552,0.6513942026319677,0.013751637390744642,-456655.2566000239,-0.9798215038429751,0.16333870712852208,41
0.4130246460272165,0.05426980635477918,0.7776367222394794,0.1689158175612714,-300691.68221273826,-0.919294344752798,0.14751780380185844,41
0.3959745886202795,0.11880770353958597,0.8282325759416865,0.0023658432879350155,-192051.6599345353,-0.9911856289094599,0.15431234885854364,41
0.08930314012235979,0.0413572476710565,0.6302297747473492,4.142920336580591e-05,-91534.55699890981,-0.9914175562499258,0.14536358069261224,41
0.14383935637312834,0.11794733887209773,0.6340612099968781,0.002644887986219674,-222448.22003177146,-0.9919995472637382,0.1577147165329192,41
0.39619714601074296,0.014440834137841224,0.8415507582104257,0.0005971050510965442,-206935.67640533636,-0.9883791737547685,0.1510927732404247,41
0.07402086757923443,0.11538304655247954,0.22598220658007073,0.09280693291327854,-410338.1763998669,-0.8806940319632167,0.15441766132362217,41
0.5526126728868904,0.009290082543999545,0.6075448519014384,0.16977364331027947,-411577.8328162379,-0.8706632866788399,0.15347591085837306,41
0.14383935637312834,0.1195159922093368,0.56745042710584,9.096295061468895e-05,-91799.02648006263,-0.99121174954008,0.15382918904171242,41
0.3890128437718539,0.02508170011346087,0.8287686095321888,0.1564373500476715,-488637.72541113244,-0.8402384458251184,0.15962373438032626,41
0.058946784385166845,0.021243933238996513,0.655965156793468,4.142920336580591e-05,-60242.63716370694,-0.9923329543646381,0.15022883788449848,41
0.08484101389413234,0.014849817258195145,0.6513942026319677,0.013751637390744642,-161080.44356003808,-0.9792113839389596,0.14447423203940987,41
0.14358275616407828,0.11538304655247954,0.7585080948930275,0.18810800102298814,-156321.90299270168,-0.8823789031161149,0.14147638583806157,41
0.07701996515666774,0.02128268382745004,0.655965156793468,4.142920336580591e-05,-426304.58619816817,-0.9909630095455179,0.16486886508970044,41
0.5453010280869183,0.16745668678624523,0.22100332893586344,0.05257832244948371,-459288.24730753433,-0.9498248996385376,0.1551562913393366,41
0.08211009039816916,0.060298300968691695,0.834590367947467,0.0008375444367237916,-339957.6618107171,-0.9951564847306908,0.15836325043313867,41
0.3778823732147299,0.12097539278624184,0.7494290681449964,0.010382775955612183,-204999.04918800705,-0.9711984711572413,0.1497164433408469,41
0.4593381422116586,0.03932863291714846,0.8876237564802782,0.0033339598158347444,-331061.45580606203,-0.985218114056471,0.15193480592948658,41
0.19297836324713113,0.08766910665571967,0.957713617730273,0.442732101877385,-397188.0914915469,-0.7784670082591368,0.14860459157686187,41
0.40119472890026364,0.060312984524284595,0.6716885355040169,0.0027114852679979845,-157261.5841785022,-0.9856619920077107,0.15095056752513755,41
0.12851479401272356,0.04328793776368562,0.9631099296347451,0.000734807426162977,-149296.98905480342,-0.9858098740116702,0.14837666716014206,41
0.19297836324713113,0.08884760268945197,0.8180147659224931,0.442732101877385,-483862.02355978667,-0.7433744052648081,0.1622356220376366,41
0.22793516254194168,0.08542155772525127,0.8180147659224931,0.4303652916281717,-364571.5315149774,-0.7170624578582623,0.15293052512220554,41
0.13382815436476833,0.043061400271821995,0.6593453328677562,4.142920336580591e-05,-202473.38966329707,-0.9937230425269415,0.16066105103347492,41
0.14383935637312834,0.12137338383629905,0.6340612099968781,0.002644887986219674,-396168.33751529426,-0.9885700597825103,0.17508097536269004,41
0.35973629234963417,0.030964845082872394,0.9578979499512437,0.40066517614229485,-42432.31482780733,-0.7715771142410516,0.14400040716484488,41
0.388677289689482,0.05878318862465531,0.8287375091519293,0.17837666334679464,-107160.7907079893,-0.8279225274200805,0.1446633816251276,41
0.058946784385166845,0.01958052936135744,0.6565214205443773,0.017136508705214288,-347229.9917714859,-0.9550779905920508,0.16689448085573913,41
0.13177601084982932,0.11538304655247954,0.29323994616803484,0.08436774732650268,-467513.32549273013,-0.8558676584976973,0.1693985760841431,41
0.3745401188473625,0.019332246108776437,0.9631099296347451,0.08220719845973759,-311509.3144343,-0.9111840837076631,0.1524073270162784,41
0.442169881278345,0.11132465840378787,0.22593191303826066,0.05558306381088192,-277235.6028598576,-0.9183676636211219,0.15621133395991424,41
0.14358275616407828,0.11538304655247954,0.6727021730631175,0.19853366324054694,-207905.05449958702,-0.8710282989966441,0.14952710382584733,41
0.1284348779956922,0.11817858863764837,0.6421795382020423,0.017292410682725412,-142268.27092917854,-0.9738606189368966,0.14623615855306804,41
0.0902897700544083,0.1670604991178476,0.32078006497173583,0.09325925519992712,-487122.49853110575,-0.9185202804192606,0.15872176038049832,42
0.39619714601074296,0.060298300968691695,0.8287375091519293,0.20451784772188492,-133936.52089538457,-0.7810686629827309,0.13251226458610885,42
0.3745401188473625,0.19014286128198324,0.7494290681449964,0.15442374159654904,-371897.0350617105,-0.8962125714269634,0.15346229896710406,42
0.6659919510190668,0.19014286128198324,0.1900906799886637,0.2993292420985183,-389395.6887637836,-0.867531182586613,0.14916863612594095,42
0.3745401188473625,0.11435240396465488,0.7319939418114051,0.2907306241353117,-478065.92621219746,-0.7619569722945262,0.15869814654528216,42
0.3778823732147299,0.12097539278624184,0.7494290681449964,0.0016410649600007432,-144768.1298040974,-0.9902517607216357,0.14848483109952978,42
0.1300807561729404,0.11538304655247954,0.8296729198175729,0.17766612881891986,-220934.17679170295,-0.8523884679706103,0.14512013508147306,42
0.1300807561729404,0.11835754354596516,0.8297358063948106,0.17766612881891986,-366377.6294655189,-0.8150402040454906,0.14161021015968808,42
0.3745401188473625,0.11090458775713291,0.8891322101486617,0.07489605307303795,-356102.88449788495,-0.9445085945957138,0.15435702975220023,42
0.07701996515666774,0.021243933238996513,0.655965156793468,4.142920336580591e-05,-190690.78758025807,-0.9944858403916018,0.1569144227394734,42
0.39619714601074296,0.060298300968691695,0.8287375091519293,0.22119603146653455,-168919.3510244587,-0.841738336188875,0.14291641220688542,42
0.1414771396138262,0.04372434796281793,0.8202806676998,0.0010412494192634236,-317896.31498616515,-0.9877092126719367,0.15560172259268504,42
0.24293868750403425,0.018494656323707035,0.30027913249679256,0.09318501966885875,-558311.7377050066,-0.9218527110106222,0.17105033356551033,42
0.5453010280869183,0.11132465840378787,0.22593191303826066,0.05257832244948371,-429761.41076224553,-0.9498536209790464,0.16005903130695662,42
0.3745401188473625,0.19758484566139395,0.27442066974664464,0.007484102100868299,-394857.94217736874,-0.9895900349671255,0.1588972886178762,42
0.4417270844437944,0.060298300968691695,0.8287375091519293,0.17390252636253686,-283879.6554754333,-0.8494079736634843,0.14425406563106716,42
0.07701996515666774,0.021243933238996513,0.655965156793468,0.0032068424679585483,-196482.22645494321,-0.9853295988005722,0.14815065469846747,42
0.0949669228365515,0.014888567846648552,0.6513942026319677,0.013751637390744642,-456655.2566000239,-0.9798215038429751,0.16333870712852208,42
0.4130246460272165,0.05426980635477918,0.7776367222394794,0.1689158175612714,-300691.68221273826,-0.919294344752798,0.14751780380185844,42
0.3959745886202795,0.11880770353958597,0.8282325759416865,0.0023658432879350155,-192051.6599345353,-0.9911856289094599,0.15431234885854364,42
0.08930314012235979,0.0413572476710565,0.6302297747473492,4.142920336580591e-05,-91534.55699890981,-0.9914175562499258,0.14536358069261224,42
0.14383935637312834,0.11794733887209773,0.6340612099968781,0.002644887986219674,-222448.22003177146,-0.9919995472637382,0.1577147165329192,42
0.39619714601074296,0.014440834137841224,0.8415507582104257,0.0005971050510965442,-206935.67640533636,-0.9883791737547685,0.1510927732404247,42
0.07402086757923443,0.11538304655247954,0.22598220658007073,0.09280693291327854,-410338.1763998669,-0.8806940319632167,0.15441766132362217,42
0.5526126728868904,0.009290082543999545,0.6075448519014384,0.16977364331027947,-411577.8328162379,-0.8706632866788399,0.15347591085837306,42
0.14383935637312834,0.1195159922093368,0.56745042710584,9.096295061468895e-05,-91799.02648006263,-0.99121174954008,0.15382918904171242,42
0.3890128437718539,0.02508170011346087,0.8287686095321888,0.1564373500476715,-488637.72541113244,-0.8402384458251184,0.15962373438032626,42
0.058946784385166845,0.021243933238996513,0.655965156793468,4.142920336580591e-05,-60242.63716370694,-0.9923329543646381,0.15022883788449848,42
0.08484101389413234,0.014849817258195145,0.6513942026319677,0.013751637390744642,-161080.44356003808,-0.9792113839389596,0.14447423203940987,42
0.14358275616407828,0.11538304655247954,0.7585080948930275,0.18810800102298814,-156321.90299270168,-0.8823789031161149,0.14147638583806157,42
0.07701996515666774,0.02128268382745004,0.655965156793468,4.142920336580591e-05,-426304.58619816817,-0.9909630095455179,0.16486886508970044,42
0.5453010280869183,0.16745668678624523,0.22100332893586344,0.05257832244948371,-459288.24730753433,-0.9498248996385376,0.1551562913393366,42
0.08211009039816916,0.060298300968691695,0.834590367947467,0.0008375444367237916,-339957.6618107171,-0.9951564847306908,0.15836325043313867,42
0.3778823732147299,0.12097539278624184,0.7494290681449964,0.010382775955612183,-204999.04918800705,-0.9711984711572413,0.1497164433408469,42
0.4593381422116586,0.03932863291714846,0.8876237564802782,0.0033339598158347444,-331061.45580606203,-0.985218114056471,0.15193480592948658,42
0.19297836324713113,0.08766910665571967,0.957713617730273,0.442732101877385,-397188.0914915469,-0.7784670082591368,0.14860459157686187,42
0.40119472890026364,0.060312984524284595,0.6716885355040169,0.0027114852679979845,-157261.5841785022,-0.9856619920077107,0.15095056752513755,42
0.12851479401272356,0.04328793776368562,0.9631099296347451,0.000734807426162977,-149296.98905480342,-0.9858098740116702,0.14837666716014206,42
0.08211009039816916,0.060298300968691695,0.8216141857525288,0.03301185398610071,-302064.89781083626,-0.9654007147712768,0.15173263778160426,42
0.0949669228365515,0.014888567846648552,0.6513942026319677,0.06593807084638634,-296744.68068777997,-0.9223827136563756,0.15129977898081895,42
0.13382815436476833,0.043061400271821995,0.6593453328677562,4.142920336580591e-05,-202473.38966329707,-0.9937230425269415,0.16066105103347492,42
0.19297836324713113,0.08884760268945197,0.8180147659224931,0.442732101877385,-483862.02355978667,-0.7433744052648081,0.1622356220376366,42
0.35973629234963417,0.030964845082872394,0.9578979499512437,0.40066517614229485,-42432.31482780733,-0.7715771142410516,0.14400040716484488,42
0.14383935637312834,0.12137338383629905,0.6340612099968781,0.002644887986219674,-396168.33751529426,-0.9885700597825103,0.17508097536269004,42
0.22793516254194168,0.08542155772525127,0.8180147659224931,0.4303652916281717,-364571.5315149774,-0.7170624578582623,0.15293052512220554,42
0.442169881278345,0.11132465840378787,0.22593191303826066,0.05558306381088192,-277235.6028598576,-0.9183676636211219,0.15621133395991424,42
0.13177601084982932,0.11538304655247954,0.29323994616803484,0.08436774732650268,-467513.32549273013,-0.8558676584976973,0.1693985760841431,42
0.058946784385166845,0.01958052936135744,0.6565214205443773,0.017136508705214288,-347229.9917714859,-0.9550779905920508,0.16689448085573913,42
0.388677289689482,0.05878318862465531,0.8287375091519293,0.17837666334679464,-107160.7907079893,-0.8279225274200805,0.1446633816251276,42
0.1284348779956922,0.11817858863764837,0.6421795382020423,0.017292410682725412,-142268.27092917854,-0.9738606189368966,0.14623615855306804,42
0.0902897700544083,0.1670604991178476,0.32078006497173583,0.09325925519992712,-487122.49853110575,-0.9185202804192606,0.15872176038049832,43
0.39619714601074296,0.060298300968691695,0.8287375091519293,0.20451784772188492,-133936.52089538457,-0.7810686629827309,0.13251226458610885,43
0.3745401188473625,0.19014286128198324,0.7494290681449964,0.15442374159654904,-371897.0350617105,-0.8962125714269634,0.15346229896710406,43
0.6659919510190668,0.19014286128198324,0.1900906799886637,0.2993292420985183,-389395.6887637836,-0.867531182586613,0.14916863612594095,43
0.3745401188473625,0.11435240396465488,0.7319939418114051,0.2907306241353117,-478065.92621219746,-0.7619569722945262,0.15869814654528216,43
0.3778823732147299,0.12097539278624184,0.7494290681449964,0.0016410649600007432,-144768.1298040974,-0.9902517607216357,0.14848483109952978,43
0.1300807561729404,0.11538304655247954,0.8296729198175729,0.17766612881891986,-220934.17679170295,-0.8523884679706103,0.14512013508147306,43
0.1300807561729404,0.11835754354596516,0.8297358063948106,0.17766612881891986,-366377.6294655189,-0.8150402040454906,0.14161021015968808,43
0.3745401188473625,0.11090458775713291,0.8891322101486617,0.07489605307303795,-356102.88449788495,-0.9445085945957138,0.15435702975220023,43
0.07701996515666774,0.021243933238996513,0.655965156793468,4.142920336580591e-05,-190690.78758025807,-0.9944858403916018,0.1569144227394734,43
0.39619714601074296,0.060298300968691695,0.8287375091519293,0.22119603146653455,-168919.3510244587,-0.841738336188875,0.14291641220688542,43
0.1414771396138262,0.04372434796281793,0.8202806676998,0.0010412494192634236,-317896.31498616515,-0.9877092126719367,0.15560172259268504,43
0.24293868750403425,0.018494656323707035,0.30027913249679256,0.09318501966885875,-558311.7377050066,-0.9218527110106222,0.17105033356551033,43
0.5453010280869183,0.11132465840378787,0.22593191303826066,0.05257832244948371,-429761.41076224553,-0.9498536209790464,0.16005903130695662,43
0.3745401188473625,0.19758484566139395,0.27442066974664464,0.007484102100868299,-394857.94217736874,-0.9895900349671255,0.1588972886178762,43
0.4417270844437944,0.060298300968691695,0.8287375091519293,0.17390252636253686,-283879.6554754333,-0.8494079736634843,0.14425406563106716,43
0.07701996515666774,0.021243933238996513,0.655965156793468,0.0032068424679585483,-196482.22645494321,-0.9853295988005722,0.14815065469846747,43
0.0949669228365515,0.014888567846648552,0.6513942026319677,0.013751637390744642,-456655.2566000239,-0.9798215038429751,0.16333870712852208,43
0.4130246460272165,0.05426980635477918,0.7776367222394794,0.1689158175612714,-300691.68221273826,-0.919294344752798,0.14751780380185844,43
0.3959745886202795,0.11880770353958597,0.8282325759416865,0.0023658432879350155,-192051.6599345353,-0.9911856289094599,0.15431234885854364,43
0.08930314012235979,0.0413572476710565,0.6302297747473492,4.142920336580591e-05,-91534.55699890981,-0.9914175562499258,0.14536358069261224,43
0.14383935637312834,0.11794733887209773,0.6340612099968781,0.002644887986219674,-222448.22003177146,-0.9919995472637382,0.1577147165329192,43
0.39619714601074296,0.014440834137841224,0.8415507582104257,0.0005971050510965442,-206935.67640533636,-0.9883791737547685,0.1510927732404247,43
0.07402086757923443,0.11538304655247954,0.22598220658007073,0.09280693291327854,-410338.1763998669,-0.8806940319632167,0.15441766132362217,43
0.5526126728868904,0.009290082543999545,0.6075448519014384,0.16977364331027947,-411577.8328162379,-0.8706632866788399,0.15347591085837306,43
0.14383935637312834,0.1195159922093368,0.56745042710584,9.096295061468895e-05,-91799.02648006263,-0.99121174954008,0.15382918904171242,43
0.3890128437718539,0.02508170011346087,0.8287686095321888,0.1564373500476715,-488637.72541113244,-0.8402384458251184,0.15962373438032626,43
0.058946784385166845,0.021243933238996513,0.655965156793468,4.142920336580591e-05,-60242.63716370694,-0.9923329543646381,0.15022883788449848,43
0.08484101389413234,0.014849817258195145,0.6513942026319677,0.013751637390744642,-161080.44356003808,-0.9792113839389596,0.14447423203940987,43
0.14358275616407828,0.11538304655247954,0.7585080948930275,0.18810800102298814,-156321.90299270168,-0.8823789031161149,0.14147638583806157,43
0.07701996515666774,0.02128268382745004,0.655965156793468,4.142920336580591e-05,-426304.58619816817,-0.9909630095455179,0.16486886508970044,43
0.5453010280869183,0.16745668678624523,0.22100332893586344,0.05257832244948371,-459288.24730753433,-0.9498248996385376,0.1551562913393366,43
0.08211009039816916,0.060298300968691695,0.834590367947467,0.0008375444367237916,-339957.6618107171,-0.9951564847306908,0.15836325043313867,43
0.3778823732147299,0.12097539278624184,0.7494290681449964,0.010382775955612183,-204999.04918800705,-0.9711984711572413,0.1497164433408469,43
0.4593381422116586,0.03932863291714846,0.8876237564802782,0.0033339598158347444,-331061.45580606203,-0.985218114056471,0.15193480592948658,43
0.19297836324713113,0.08766910665571967,0.957713617730273,0.442732101877385,-397188.0914915469,-0.7784670082591368,0.14860459157686187,43
0.40119472890026364,0.060312984524284595,0.6716885355040169,0.0027114852679979845,-157261.5841785022,-0.9856619920077107,0.15095056752513755,43
0.12851479401272356,0.04328793776368562,0.9631099296347451,0.000734807426162977,-149296.98905480342,-0.9858098740116702,0.14837666716014206,43
0.08211009039816916,0.060298300968691695,0.8216141857525288,0.03301185398610071,-302064.89781083626,-0.9654007147712768,0.15173263778160426,43
0.0949669228365515,0.014888567846648552,0.6513942026319677,0.06593807084638634,-296744.68068777997,-0.9223827136563756,0.15129977898081895,43
0.13931474847029449,0.11538304655247954,0.665879749218372,0.01253111306175965,-250125.70892986978,-0.9739373882054131,0.150756075708414,43
0.35973629234963417,0.030964845082872394,0.9578979499512437,0.40066517614229485,-42432.31482780733,-0.7715771142410516,0.14400040716484488,43
0.19297836324713113,0.08884760268945197,0.8180147659224931,0.442732101877385,-483862.02355978667,-0.7433744052648081,0.1622356220376366,43
0.13382815436476833,0.043061400271821995,0.6593453328677562,4.142920336580591e-05,-202473.38966329707,-0.9937230425269415,0.16066105103347492,43
0.22793516254194168,0.08542155772525127,0.8180147659224931,0.4303652916281717,-364571.5315149774,-0.7170624578582623,0.15293052512220554,43
0.14383935637312834,0.12137338383629905,0.6340612099968781,0.002644887986219674,-396168.33751529426,-0.9885700597825103,0.17508097536269004,43
0.442169881278345,0.11132465840378787,0.22593191303826066,0.05558306381088192,-277235.6028598576,-0.9183676636211219,0.15621133395991424,43
0.388677289689482,0.05878318862465531,0.8287375091519293,0.17837666334679464,-107160.7907079893,-0.8279225274200805,0.1446633816251276,43
0.13177601084982932,0.11538304655247954,0.29323994616803484,0.08436774732650268,-467513.32549273013,-0.8558676584976973,0.1693985760841431,43
0.058946784385166845,0.01958052936135744,0.6565214205443773,0.017136508705214288,-347229.9917714859,-0.9550779905920508,0.16689448085573913,43
0.0902897700544083,0.1670604991178476,0.32078006497173583,0.09325925519992712,-487122.49853110575,-0.9185202804192606,0.15872176038049832,44
0.39619714601074296,0.060298300968691695,0.8287375091519293,0.20451784772188492,-133936.52089538457,-0.7810686629827309,0.13251226458610885,44
0.3745401188473625,0.19014286128198324,0.7494290681449964,0.15442374159654904,-371897.0350617105,-0.8962125714269634,0.15346229896710406,44
0.6659919510190668,0.19014286128198324,0.1900906799886637,0.2993292420985183,-389395.6887637836,-0.867531182586613,0.14916863612594095,44
0.3745401188473625,0.11435240396465488,0.7319939418114051,0.2907306241353117,-478065.92621219746,-0.7619569722945262,0.15869814654528216,44
0.3778823732147299,0.12097539278624184,0.7494290681449964,0.0016410649600007432,-144768.1298040974,-0.9902517607216357,0.14848483109952978,44
0.1300807561729404,0.11538304655247954,0.8296729198175729,0.17766612881891986,-220934.17679170295,-0.8523884679706103,0.14512013508147306,44
0.1300807561729404,0.11835754354596516,0.8297358063948106,0.17766612881891986,-366377.6294655189,-0.8150402040454906,0.14161021015968808,44
0.3745401188473625,0.11090458775713291,0.8891322101486617,0.07489605307303795,-356102.88449788495,-0.9445085945957138,0.15435702975220023,44
0.07701996515666774,0.021243933238996513,0.655965156793468,4.142920336580591e-05,-190690.78758025807,-0.9944858403916018,0.1569144227394734,44
0.39619714601074296,0.060298300968691695,0.8287375091519293,0.22119603146653455,-168919.3510244587,-0.841738336188875,0.14291641220688542,44
0.1414771396138262,0.04372434796281793,0.8202806676998,0.0010412494192634236,-317896.31498616515,-0.9877092126719367,0.15560172259268504,44
0.24293868750403425,0.018494656323707035,0.30027913249679256,0.09318501966885875,-558311.7377050066,-0.9218527110106222,0.17105033356551033,44
0.5453010280869183,0.11132465840378787,0.22593191303826066,0.05257832244948371,-429761.41076224553,-0.9498536209790464,0.16005903130695662,44
0.3745401188473625,0.19758484566139395,0.27442066974664464,0.007484102100868299,-394857.94217736874,-0.9895900349671255,0.1588972886178762,44
0.4417270844437944,0.060298300968691695,0.8287375091519293,0.17390252636253686,-283879.6554754333,-0.8494079736634843,0.14425406563106716,44
0.07701996515666774,0.021243933238996513,0.655965156793468,0.0032068424679585483,-196482.22645494321,-0.9853295988005722,0.14815065469846747,44
0.0949669228365515,0.014888567846648552,0.6513942026319677,0.013751637390744642,-456655.2566000239,-0.9798215038429751,0.16333870712852208,44
0.4130246460272165,0.05426980635477918,0.7776367222394794,0.1689158175612714,-300691.68221273826,-0.919294344752798,0.14751780380185844,44
0.3959745886202795,0.11880770353958597,0.8282325759416865,0.0023658432879350155,-192051.6599345353,-0.9911856289094599,0.15431234885854364,44
0.08930314012235979,0.0413572476710565,0.6302297747473492,4.142920336580591e-05,-91534.55699890981,-0.9914175562499258,0.14536358069261224,44
0.14383935637312834,0.11794733887209773,0.6340612099968781,0.002644887986219674,-222448.22003177146,-0.9919995472637382,0.1577147165329192,44
0.39619714601074296,0.014440834137841224,0.8415507582104257,0.0005971050510965442,-206935.67640533636,-0.9883791737547685,0.1510927732404247,44
0.07402086757923443,0.11538304655247954,0.22598220658007073,0.09280693291327854,-410338.1763998669,-0.8806940319632167,0.15441766132362217,44
0.5526126728868904,0.009290082543999545,0.6075448519014384,0.16977364331027947,-411577.8328162379,-0.8706632866788399,0.15347591085837306,44
0.14383935637312834,0.1195159922093368,0.56745042710584,9.096295061468895e-05,-91799.02648006263,-0.99121174954008,0.15382918904171242,44
0.3890128437718539,0.02508170011346087,0.8287686095321888,0.1564373500476715,-488637.72541113244,-0.8402384458251184,0.15962373438032626,44
0.058946784385166845,0.021243933238996513,0.655965156793468,4.142920336580591e-05,-60242.63716370694,-0.9923329543646381,0.15022883788449848,44
0.08484101389413234,0.014849817258195145,0.6513942026319677,0.013751637390744642,-161080.44356003808,-0.9792113839389596,0.14447423203940987,44
0.14358275616407828,0.11538304655247954,0.7585080948930275,0.18810800102298814,-156321.90299270168,-0.8823789031161149,0.14147638583806157,44
0.07701996515666774,0.02128268382745004,0.655965156793468,4.142920336580591e-05,-426304.58619816817,-0.9909630095455179,0.16486886508970044,44
0.5453010280869183,0.16745668678624523,0.22100332893586344,0.05257832244948371,-459288.24730753433,-0.9498248996385376,0.1551562913393366,44
0.08211009039816916,0.060298300968691695,0.834590367947467,0.0008375444367237916,-339957.6618107171,-0.9951564847306908,0.15836325043313867,44
0.3778823732147299,0.12097539278624184,0.7494290681449964,0.010382775955612183,-204999.04918800705,-0.9711984711572413,0.1497164433408469,44
0.4593381422116586,0.03932863291714846,0.8876237564802782,0.0033339598158347444,-331061.45580606203,-0.985218114056471,0.15193480592948658,44
0.19297836324713113,0.08766910665571967,0.957713617730273,0.442732101877385,-397188.0914915469,-0.7784670082591368,0.14860459157686187,44
0.40119472890026364,0.060312984524284595,0.6716885355040169,0.0027114852679979845,-157261.5841785022,-0.9856619920077107,0.15095056752513755,44
0.12851479401272356,0.04328793776368562,0.9631099296347451,0.000734807426162977,-149296.98905480342,-0.9858098740116702,0.14837666716014206,44
0.08211009039816916,0.060298300968691695,0.8216141857525288,0.03301185398610071,-302064.89781083626,-0.9654007147712768,0.15173263778160426,44
0.0949669228365515,0.014888567846648552,0.6513942026319677,0.06593807084638634,-296744.68068777997,-0.9223827136563756,0.15129977898081895,44
0.13931474847029449,0.11538304655247954,0.665879749218372,0.01253111306175965,-250125.70892986978,-0.9739373882054131,0.150756075708414,44
0.22793516254194168,0.08542155772525127,0.8180147659224931,0.4303652916281717,-364571.5315149774,-0.7170624578582623,0.15293052512220554,44
0.35973629234963417,0.030964845082872394,0.9578979499512437,0.40066517614229485,-42432.31482780733,-0.7715771142410516,0.14400040716484488,44
0.13382815436476833,0.043061400271821995,0.6593453328677562,4.142920336580591e-05,-202473.38966329707,-0.9937230425269415,0.16066105103347492,44
0.19297836324713113,0.08884760268945197,0.8180147659224931,0.442732101877385,-483862.02355978667,-0.7433744052648081,0.1622356220376366,44
0.14383935637312834,0.12137338383629905,0.6340612099968781,0.002644887986219674,-396168.33751529426,-0.9885700597825103,0.17508097536269004,44
0.388677289689482,0.05878318862465531,0.8287375091519293,0.17837666334679464,-107160.7907079893,-0.8279225274200805,0.1446633816251276,44
0.13177601084982932,0.11538304655247954,0.29323994616803484,0.08436774732650268,-467513.32549273013,-0.8558676584976973,0.1693985760841431,44
0.442169881278345,0.11132465840378787,0.22593191303826066,0.05558306381088192,-277235.6028598576,-0.9183676636211219,0.15621133395991424,44
0.058946784385166845,0.01958052936135744,0.6565214205443773,0.017136508705214288,-347229.9917714859,-0.9550779905920508,0.16689448085573913,44
0.0902897700544083,0.1670604991178476,0.32078006497173583,0.09325925519992712,-487122.49853110575,-0.9185202804192606,0.15872176038049832,45
0.39619714601074296,0.060298300968691695,0.8287375091519293,0.20451784772188492,-133936.52089538457,-0.7810686629827309,0.13251226458610885,45
0.3745401188473625,0.19014286128198324,0.7494290681449964,0.15442374159654904,-371897.0350617105,-0.8962125714269634,0.15346229896710406,45
0.6659919510190668,0.19014286128198324,0.1900906799886637,0.2993292420985183,-389395.6887637836,-0.867531182586613,0.14916863612594095,45
0.3745401188473625,0.11435240396465488,0.7319939418114051,0.2907306241353117,-478065.92621219746,-0.7619569722945262,0.15869814654528216,45
0.3778823732147299,0.12097539278624184,0.7494290681449964,0.0016410649600007432,-144768.1298040974,-0.9902517607216357,0.14848483109952978,45
0.1300807561729404,0.11538304655247954,0.8296729198175729,0.17766612881891986,-220934.17679170295,-0.8523884679706103,0.14512013508147306,45
0.1300807561729404,0.11835754354596516,0.8297358063948106,0.17766612881891986,-366377.6294655189,-0.8150402040454906,0.14161021015968808,45
0.3745401188473625,0.11090458775713291,0.8891322101486617,0.07489605307303795,-356102.88449788495,-0.9445085945957138,0.15435702975220023,45
0.07701996515666774,0.021243933238996513,0.655965156793468,4.142920336580591e-05,-190690.78758025807,-0.9944858403916018,0.1569144227394734,45
0.39619714601074296,0.060298300968691695,0.8287375091519293,0.22119603146653455,-168919.3510244587,-0.841738336188875,0.14291641220688542,45
0.1414771396138262,0.04372434796281793,0.8202806676998,0.0010412494192634236,-317896.31498616515,-0.9877092126719367,0.15560172259268504,45
0.24293868750403425,0.018494656323707035,0.30027913249679256,0.09318501966885875,-558311.7377050066,-0.9218527110106222,0.17105033356551033,45
0.5453010280869183,0.11132465840378787,0.22593191303826066,0.05257832244948371,-429761.41076224553,-0.9498536209790464,0.16005903130695662,45
0.3745401188473625,0.19758484566139395,0.27442066974664464,0.007484102100868299,-394857.94217736874,-0.9895900349671255,0.1588972886178762,45
0.4417270844437944,0.060298300968691695,0.8287375091519293,0.17390252636253686,-283879.6554754333,-0.8494079736634843,0.14425406563106716,45
0.07701996515666774,0.021243933238996513,0.655965156793468,0.0032068424679585483,-196482.22645494321,-0.9853295988005722,0.14815065469846747,45
0.0949669228365515,0.014888567846648552,0.6513942026319677,0.013751637390744642,-456655.2566000239,-0.9798215038429751,0.16333870712852208,45
0.4130246460272165,0.05426980635477918,0.7776367222394794,0.1689158175612714,-300691.68221273826,-0.919294344752798,0.14751780380185844,45
0.3959745886202795,0.11880770353958597,0.8282325759416865,0.0023658432879350155,-192051.6599345353,-0.9911856289094599,0.15431234885854364,45
0.08930314012235979,0.0413572476710565,0.6302297747473492,4.142920336580591e-05,-91534.55699890981,-0.9914175562499258,0.14536358069261224,45
0.14383935637312834,0.11794733887209773,0.6340612099968781,0.002644887986219674,-222448.22003177146,-0.9919995472637382,0.1577147165329192,45
0.39619714601074296,0.014440834137841224,0.8415507582104257,0.0005971050510965442,-206935.67640533636,-0.9883791737547685,0.1510927732404247,45
0.07402086757923443,0.11538304655247954,0.22598220658007073,0.09280693291327854,-410338.1763998669,-0.8806940319632167,0.15441766132362217,45
0.5526126728868904,0.009290082543999545,0.6075448519014384,0.16977364331027947,-411577.8328162379,-0.8706632866788399,0.15347591085837306,45
0.14383935637312834,0.1195159922093368,0.56745042710584,9.096295061468895e-05,-91799.02648006263,-0.99121174954008,0.15382918904171242,45
0.3890128437718539,0.02508170011346087,0.8287686095321888,0.1564373500476715,-488637.72541113244,-0.8402384458251184,0.15962373438032626,45
0.058946784385166845,0.021243933238996513,0.655965156793468,4.142920336580591e-05,-60242.63716370694,-0.9923329543646381,0.15022883788449848,45
0.08484101389413234,0.014849817258195145,0.6513942026319677,0.013751637390744642,-161080.44356003808,-0.9792113839389596,0.14447423203940987,45
0.14358275616407828,0.11538304655247954,0.7585080948930275,0.18810800102298814,-156321.90299270168,-0.8823789031161149,0.14147638583806157,45
0.07701996515666774,0.02128268382745004,0.655965156793468,4.142920336580591e-05,-426304.58619816817,-0.9909630095455179,0.16486886508970044,45
0.5453010280869183,0.16745668678624523,0.22100332893586344,0.05257832244948371,-459288.24730753433,-0.9498248996385376,0.1551562913393366,45
0.08211009039816916,0.060298300968691695,0.834590367947467,0.0008375444367237916,-339957.6618107171,-0.9951564847306908,0.15836325043313867,45
0.3778823732147299,0.12097539278624184,0.7494290681449964,0.010382775955612183,-204999.04918800705,-0.9711984711572413,0.1497164433408469,45
0.4593381422116586,0.03932863291714846,0.8876237564802782,0.0033339598158347444,-331061.45580606203,-0.985218114056471,0.15193480592948658,45
0.19297836324713113,0.08766910665571967,0.957713617730273,0.442732101877385,-397188.0914915469,-0.7784670082591368,0.14860459157686187,45
0.40119472890026364,0.060312984524284595,0.6716885355040169,0.0027114852679979845,-157261.5841785022,-0.9856619920077107,0.15095056752513755,45
0.12851479401272356,0.04328793776368562,0.9631099296347451,0.000734807426162977,-149296.98905480342,-0.9858098740116702,0.14837666716014206,45
0.08211009039816916,0.060298300968691695,0.8216141857525288,0.03301185398610071,-302064.89781083626,-0.9654007147712768,0.15173263778160426,45
0.0949669228365515,0.014888567846648552,0.6513942026319677,0.06593807084638634,-296744.68068777997,-0.9223827136563756,0.15129977898081895,45
0.13931474847029449,0.11538304655247954,0.665879749218372,0.01253111306175965,-250125.70892986978,-0.9739373882054131,0.150756075708414,45
0.22793516254194168,0.08542155772525127,0.8180147659224931,0.4303652916281717,-364571.5315149774,-0.7170624578582623,0.15293052512220554,45
0.19297836324713113,0.08884760268945197,0.8180147659224931,0.442732101877385,-483862.02355978667,-0.7433744052648081,0.1622356220376366,45
0.35973629234963417,0.030964845082872394,0.9578979499512437,0.40066517614229485,-42432.31482780733,-0.7715771142410516,0.14400040716484488,45
0.14383935637312834,0.12137338383629905,0.6340612099968781,0.002644887986219674,-396168.33751529426,-0.9885700597825103,0.17508097536269004,45
0.13382815436476833,0.043061400271821995,0.6593453328677562,4.142920336580591e-05,-202473.38966329707,-0.9937230425269415,0.16066105103347492,45
0.388677289689482,0.05878318862465531,0.8287375091519293,0.17837666334679464,-107160.7907079893,-0.8279225274200805,0.1446633816251276,45
0.1307265003244639,0.03978626584433512,0.8248797386544768,0.43504045729526125,-132314.10262025983,-0.7816533899738215,0.14794716328559598,45
0.13177601084982932,0.11538304655247954,0.29323994616803484,0.08436774732650268,-467513.32549273013,-0.8558676584976973,0.1693985760841431,45
0.442169881278345,0.11132465840378787,0.22593191303826066,0.05558306381088192,-277235.6028598576,-0.9183676636211219,0.15621133395991424,45
0.0902897700544083,0.1670604991178476,0.32078006497173583,0.09325925519992712,-487122.49853110575,-0.9185202804192606,0.15872176038049832,46
0.39619714601074296,0.060298300968691695,0.8287375091519293,0.20451784772188492,-133936.52089538457,-0.7810686629827309,0.13251226458610885,46
0.3745401188473625,0.19014286128198324,0.7494290681449964,0.15442374159654904,-371897.0350617105,-0.8962125714269634,0.15346229896710406,46
0.6659919510190668,0.19014286128198324,0.1900906799886637,0.2993292420985183,-389395.6887637836,-0.867531182586613,0.14916863612594095,46
0.3745401188473625,0.11435240396465488,0.7319939418114051,0.2907306241353117,-478065.92621219746,-0.7619569722945262,0.15869814654528216,46
0.3778823732147299,0.12097539278624184,0.7494290681449964,0.0016410649600007432,-144768.1298040974,-0.9902517607216357,0.14848483109952978,46
0.1300807561729404,0.11538304655247954,0.8296729198175729,0.17766612881891986,-220934.17679170295,-0.8523884679706103,0.14512013508147306,46
0.1300807561729404,0.11835754354596516,0.8297358063948106,0.17766612881891986,-366377.6294655189,-0.8150402040454906,0.14161021015968808,46
0.3745401188473625,0.11090458775713291,0.8891322101486617,0.07489605307303795,-356102.88449788495,-0.9445085945957138,0.15435702975220023,46
0.07701996515666774,0.021243933238996513,0.655965156793468,4.142920336580591e-05,-190690.78758025807,-0.9944858403916018,0.1569144227394734,46
0.39619714601074296,0.060298300968691695,0.8287375091519293,0.22119603146653455,-168919.3510244587,-0.841738336188875,0.14291641220688542,46
0.24293868750403425,0.018494656323707035,0.30027913249679256,0.09318501966885875,-558311.7377050066,-0.9218527110106222,0.17105033356551033,46
0.5453010280869183,0.11132465840378787,0.22593191303826066,0.05257832244948371,-429761.41076224553,-0.9498536209790464,0.16005903130695662,46
0.3745401188473625,0.19758484566139395,0.27442066974664464,0.007484102100868299,-394857.94217736874,-0.9895900349671255,0.1588972886178762,46
0.4417270844437944,0.060298300968691695,0.8287375091519293,0.17390252636253686,-283879.6554754333,-0.8494079736634843,0.14425406563106716,46
0.07701996515666774,0.021243933238996513,0.655965156793468,0.0032068424679585483,-196482.22645494321,-0.9853295988005722,0.14815065469846747,46
0.0949669228365515,0.014888567846648552,0.6513942026319677,0.013751637390744642,-456655.2566000239,-0.9798215038429751,0.16333870712852208,46
0.4130246460272165,0.05426980635477918,0.7776367222394794,0.1689158175612714,-300691.68221273826,-0.919294344752798,0.14751780380185844,46
0.3959745886202795,0.11880770353958597,0.8282325759416865,0.0023658432879350155,-192051.6599345353,-0.9911856289094599,0.15431234885854364,46
0.08930314012235979,0.0413572476710565,0.6302297747473492,4.142920336580591e-05,-91534.55699890981,-0.9914175562499258,0.14536358069261224,46
0.14383935637312834,0.11794733887209773,0.6340612099968781,0.002644887986219674,-222448.22003177146,-0.9919995472637382,0.1577147165329192,46
0.39619714601074296,0.014440834137841224,0.8415507582104257,0.0005971050510965442,-206935.67640533636,-0.9883791737547685,0.1510927732404247,46
0.07402086757923443,0.11538304655247954,0.22598220658007073,0.09280693291327854,-410338.1763998669,-0.8806940319632167,0.15441766132362217,46
0.5526126728868904,0.009290082543999545,0.6075448519014384,0.16977364331027947,-411577.8328162379,-0.8706632866788399,0.15347591085837306,46
0.14383935637312834,0.1195159922093368,0.56745042710584,9.096295061468895e-05,-91799.02648006263,-0.99121174954008,0.15382918904171242,46
0.3890128437718539,0.02508170011346087,0.8287686095321888,0.1564373500476715,-488637.72541113244,-0.8402384458251184,0.15962373438032626,46
0.058946784385166845,0.021243933238996513,0.655965156793468,4.142920336580591e-05,-60242.63716370694,-0.9923329543646381,0.15022883788449848,46
0.08484101389413234,0.014849817258195145,0.6513942026319677,0.013751637390744642,-161080.44356003808,-0.9792113839389596,0.14447423203940987,46
0.14358275616407828,0.11538304655247954,0.7585080948930275,0.18810800102298814,-156321.90299270168,-0.8823789031161149,0.14147638583806157,46
0.07701996515666774,0.02128268382745004,0.655965156793468,4.142920336580591e-05,-426304.58619816817,-0.9909630095455179,0.16486886508970044,46
0.5453010280869183,0.16745668678624523,0.22100332893586344,0.05257832244948371,-459288.24730753433,-0.9498248996385376,0.1551562913393366,46
0.08211009039816916,0.060298300968691695,0.834590367947467,0.0008375444367237916,-339957.6618107171,-0.9951564847306908,0.15836325043313867,46
0.3778823732147299,0.12097539278624184,0.7494290681449964,0.010382775955612183,-204999.04918800705,-0.9711984711572413,0.1497164433408469,46
0.4593381422116586,0.03932863291714846,0.8876237564802782,0.0033339598158347444,-331061.45580606203,-0.985218114056471,0.15193480592948658,46
0.19297836324713113,0.08766910665571967,0.957713617730273,0.442732101877385,-397188.0914915469,-0.7784670082591368,0.14860459157686187,46
0.40119472890026364,0.060312984524284595,0.6716885355040169,0.0027114852679979845,-157261.5841785022,-0.9856619920077107,0.15095056752513755,46
0.12851479401272356,0.04328793776368562,0.9631099296347451,0.000734807426162977,-149296.98905480342,-0.9858098740116702,0.14837666716014206,46
0.08211009039816916,0.060298300968691695,0.8216141857525288,0.03301185398610071,-302064.89781083626,-0.9654007147712768,0.15173263778160426,46
0.0949669228365515,0.014888567846648552,0.6513942026319677,0.06593807084638634,-296744.68068777997,-0.9223827136563756,0.15129977898081895,46
0.13931474847029449,0.11538304655247954,0.665879749218372,0.01253111306175965,-250125.70892986978,-0.9739373882054131,0.150756075708414,46
0.08211009039816916,0.06334292087845063,0.834590367947467,0.0011289072586787574,-343941.06411511626,-0.9905128924365393,0.15216703844188964,46
0.22793516254194168,0.08542155772525127,0.8180147659224931,0.4303652916281717,-364571.5315149774,-0.7170624578582623,0.15293052512220554,46
0.13382815436476833,0.043061400271821995,0.6593453328677562,4.142920336580591e-05,-202473.38966329707,-0.9937230425269415,0.16066105103347492,46
0.35973629234963417,0.030964845082872394,0.9578979499512437,0.40066517614229485,-42432.31482780733,-0.7715771142410516,0.14400040716484488,46
0.19297836324713113,0.08884760268945197,0.8180147659224931,0.442732101877385,-483862.02355978667,-0.7433744052648081,0.1622356220376366,46
0.14383935637312834,0.12137338383629905,0.6340612099968781,0.002644887986219674,-396168.33751529426,-0.9885700597825103,0.17508097536269004,46
0.13177601084982932,0.11538304655247954,0.29323994616803484,0.08436774732650268,-467513.32549273013,-0.8558676584976973,0.1693985760841431,46
0.1414771396138262,0.04372434796281793,0.8202806676998,0.0010412494192634236,-317896.31498616515,-0.9877092126719367,0.15560172259268504,46
0.1307265003244639,0.03978626584433512,0.8248797386544768,0.43504045729526125,-132314.10262025983,-0.7816533899738215,0.14794716328559598,46
0.1301772272342162,0.11138598596411528,0.18731360099390743,0.05181153479113321,-385949.0410797871,-0.9199707925003168,0.161923640886937,46
0.0902897700544083,0.1670604991178476,0.32078006497173583,0.09325925519992712,-487122.49853110575,-0.9185202804192606,0.15872176038049832,47
0.39619714601074296,0.060298300968691695,0.8287375091519293,0.20451784772188492,-133936.52089538457,-0.7810686629827309,0.13251226458610885,47
0.3745401188473625,0.19014286128198324,0.7494290681449964,0.15442374159654904,-371897.0350617105,-0.8962125714269634,0.15346229896710406,47
0.6659919510190668,0.19014286128198324,0.1900906799886637,0.2993292420985183,-389395.6887637836,-0.867531182586613,0.14916863612594095,47
0.3745401188473625,0.11435240396465488,0.7319939418114051,0.2907306241353117,-478065.92621219746,-0.7619569722945262,0.15869814654528216,47
0.3778823732147299,0.12097539278624184,0.7494290681449964,0.0016410649600007432,-144768.1298040974,-0.9902517607216357,0.14848483109952978,47
0.1300807561729404,0.11538304655247954,0.8296729198175729,0.17766612881891986,-220934.17679170295,-0.8523884679706103,0.14512013508147306,47
0.1300807561729404,0.11835754354596516,0.8297358063948106,0.17766612881891986,-366377.6294655189,-0.8150402040454906,0.14161021015968808,47
0.3745401188473625,0.11090458775713291,0.8891322101486617,0.07489605307303795,-356102.88449788495,-0.9445085945957138,0.15435702975220023,47
0.07701996515666774,0.021243933238996513,0.655965156793468,4.142920336580591e-05,-190690.78758025807,-0.9944858403916018,0.1569144227394734,47
0.39619714601074296,0.060298300968691695,0.8287375091519293,0.22119603146653455,-168919.3510244587,-0.841738336188875,0.14291641220688542,47
0.24293868750403425,0.018494656323707035,0.30027913249679256,0.09318501966885875,-558311.7377050066,-0.9218527110106222,0.17105033356551033,47
0.5453010280869183,0.11132465840378787,0.22593191303826066,0.05257832244948371,-429761.41076224553,-0.9498536209790464,0.16005903130695662,47
0.3745401188473625,0.19758484566139395,0.27442066974664464,0.007484102100868299,-394857.94217736874,-0.9895900349671255,0.1588972886178762,47
0.4417270844437944,0.060298300968691695,0.8287375091519293,0.17390252636253686,-283879.6554754333,-0.8494079736634843,0.14425406563106716,47
0.07701996515666774,0.021243933238996513,0.655965156793468,0.0032068424679585483,-196482.22645494321,-0.9853295988005722,0.14815065469846747,47
0.0949669228365515,0.014888567846648552,0.6513942026319677,0.013751637390744642,-456655.2566000239,-0.9798215038429751,0.16333870712852208,47
0.4130246460272165,0.05426980635477918,0.7776367222394794,0.1689158175612714,-300691.68221273826,-0.919294344752798,0.14751780380185844,47
0.3959745886202795,0.11880770353958597,0.8282325759416865,0.0023658432879350155,-192051.6599345353,-0.9911856289094599,0.15431234885854364,47
0.08930314012235979,0.0413572476710565,0.6302297747473492,4.142920336580591e-05,-91534.55699890981,-0.9914175562499258,0.14536358069261224,47
0.14383935637312834,0.11794733887209773,0.6340612099968781,0.002644887986219674,-222448.22003177146,-0.9919995472637382,0.1577147165329192,47
0.39619714601074296,0.014440834137841224,0.8415507582104257,0.0005971050510965442,-206935.67640533636,-0.9883791737547685,0.1510927732404247,47
0.07402086757923443,0.11538304655247954,0.22598220658007073,0.09280693291327854,-410338.1763998669,-0.8806940319632167,0.15441766132362217,47
0.5526126728868904,0.009290082543999545,0.6075448519014384,0.16977364331027947,-411577.8328162379,-0.8706632866788399,0.15347591085837306,47
0.14383935637312834,0.1195159922093368,0.56745042710584,9.096295061468895e-05,-91799.02648006263,-0.99121174954008,0.15382918904171242,47
0.3890128437718539,0.02508170011346087,0.8287686095321888,0.1564373500476715,-488637.72541113244,-0.8402384458251184,0.15962373438032626,47
0.058946784385166845,0.021243933238996513,0.655965156793468,4.142920336580591e-05,-60242.63716370694,-0.9923329543646381,0.15022883788449848,47
0.08484101389413234,0.014849817258195145,0.6513942026319677,0.013751637390744642,-161080.44356003808,-0.9792113839389596,0.14447423203940987,47
0.14358275616407828,0.11538304655247954,0.7585080948930275,0.18810800102298814,-156321.90299270168,-0.8823789031161149,0.14147638583806157,47
0.07701996515666774,0.02128268382745004,0.655965156793468,4.142920336580591e-05,-426304.58619816817,-0.9909630095455179,0.16486886508970044,47
0.5453010280869183,0.16745668678624523,0.22100332893586344,0.05257832244948371,-459288.24730753433,-0.9498248996385376,0.1551562913393366,47
0.08211009039816916,0.060298300968691695,0.834590367947467,0.0008375444367237916,-339957.6618107171,-0.9951564847306908,0.15836325043313867,47
0.4593381422116586,0.03932863291714846,0.8876237564802782,0.0033339598158347444,-331061.45580606203,-0.985218114056471,0.15193480592948658,47
0.19297836324713113,0.08766910665571967,0.957713617730273,0.442732101877385,-397188.0914915469,-0.7784670082591368,0.14860459157686187,47
0.40119472890026364,0.060312984524284595,0.6716885355040169,0.0027114852679979845,-157261.5841785022,-0.9856619920077107,0.15095056752513755,47
0.12851479401272356,0.04328793776368562,0.9631099296347451,0.000734807426162977,-149296.98905480342,-0.9858098740116702,0.14837666716014206,47
0.08211009039816916,0.060298300968691695,0.8216141857525288,0.03301185398610071,-302064.89781083626,-0.9654007147712768,0.15173263778160426,47
0.0949669228365515,0.014888567846648552,0.6513942026319677,0.06593807084638634,-296744.68068777997,-0.9223827136563756,0.15129977898081895,47
0.13931474847029449,0.11538304655247954,0.665879749218372,0.01253111306175965,-250125.70892986978,-0.9739373882054131,0.150756075708414,47
0.08211009039816916,0.06334292087845063,0.834590367947467,0.0011289072586787574,-343941.06411511626,-0.9905128924365393,0.15216703844188964,47
0.13683649728862562,0.030964845082872394,0.9705772473677122,0.006473476708650505,-210539.34306696992,-0.9819256421628572,0.14932980017962819,47
0.058946784385166845,0.023722946964776857,0.8183873188722268,4.142920336580591e-05,-174982.6994594991,-0.9947626767385594,0.16197308685227527,47
0.22793516254194168,0.08542155772525127,0.8180147659224931,0.4303652916281717,-364571.5315149774,-0.7170624578582623,0.15293052512220554,47
0.19297836324713113,0.08884760268945197,0.8180147659224931,0.442732101877385,-483862.02355978667,-0.7433744052648081,0.1622356220376366,47
0.35973629234963417,0.030964845082872394,0.9578979499512437,0.40066517614229485,-42432.31482780733,-0.7715771142410516,0.14400040716484488,47
0.14383935637312834,0.12137338383629905,0.6340612099968781,0.002644887986219674,-396168.33751529426,-0.9885700597825103,0.17508097536269004,47
0.13177601084982932,0.11538304655247954,0.29323994616803484,0.08436774732650268,-467513.32549273013,-0.8558676584976973,0.1693985760841431,47
0.1307265003244639,0.03978626584433512,0.8248797386544768,0.43504045729526125,-132314.10262025983,-0.7816533899738215,0.14794716328559598,47
0.3778823732147299,0.12097539278624184,0.7494290681449964,0.010382775955612183,-204999.04918800705,-0.9711984711572413,0.1497164433408469,47
0.1414771396138262,0.04372434796281793,0.8202806676998,0.0010412494192634236,-317896.31498616515,-0.9877092126719367,0.15560172259268504,47
0.0902897700544083,0.1670604991178476,0.32078006497173583,0.09325925519992712,-487122.49853110575,-0.9185202804192606,0.15872176038049832,48
0.39619714601074296,0.060298300968691695,0.8287375091519293,0.20451784772188492,-133936.52089538457,-0.7810686629827309,0.13251226458610885,48
0.3745401188473625,0.19014286128198324,0.7494290681449964,0.15442374159654904,-371897.0350617105,-0.8962125714269634,0.15346229896710406,48
0.6659919510190668,0.19014286128198324,0.1900906799886637,0.2993292420985183,-389395.6887637836,-0.867531182586613,0.14916863612594095,48
0.3745401188473625,0.11435240396465488,0.7319939418114051,0.2907306241353117,-478065.92621219746,-0.7619569722945262,0.15869814654528216,48
0.3778823732147299,0.12097539278624184,0.7494290681449964,0.0016410649600007432,-144768.1298040974,-0.9902517607216357,0.14848483109952978,48
0.1300807561729404,0.11538304655247954,0.8296729198175729,0.17766612881891986,-220934.17679170295,-0.8523884679706103,0.14512013508147306,48
0.1300807561729404,0.11835754354596516,0.8297358063948106,0.17766612881891986,-366377.6294655189,-0.8150402040454906,0.14161021015968808,48
0.3745401188473625,0.11090458775713291,0.8891322101486617,0.07489605307303795,-356102.88449788495,-0.9445085945957138,0.15435702975220023,48
0.07701996515666774,0.021243933238996513,0.655965156793468,4.142920336580591e-05,-190690.78758025807,-0.9944858403916018,0.1569144227394734,48
0.39619714601074296,0.060298300968691695,0.8287375091519293,0.22119603146653455,-168919.3510244587,-0.841738336188875,0.14291641220688542,48
0.24293868750403425,0.018494656323707035,0.30027913249679256,0.09318501966885875,-558311.7377050066,-0.9218527110106222,0.17105033356551033,48
0.5453010280869183,0.11132465840378787,0.22593191303826066,0.05257832244948371,-429761.41076224553,-0.9498536209790464,0.16005903130695662,48
0.3745401188473625,0.19758484566139395,0.27442066974664464,0.007484102100868299,-394857.94217736874,-0.9895900349671255,0.1588972886178762,48
0.4417270844437944,0.060298300968691695,0.8287375091519293,0.17390252636253686,-283879.6554754333,-0.8494079736634843,0.14425406563106716,48
0.07701996515666774,0.021243933238996513,0.655965156793468,0.0032068424679585483,-196482.22645494321,-0.9853295988005722,0.14815065469846747,48
0.0949669228365515,0.014888567846648552,0.6513942026319677,0.013751637390744642,-456655.2566000239,-0.9798215038429751,0.16333870712852208,48
0.4130246460272165,0.05426980635477918,0.7776367222394794,0.1689158175612714,-300691.68221273826,-0.919294344752798,0.14751780380185844,48
0.3959745886202795,0.11880770353958597,0.8282325759416865,0.0023658432879350155,-192051.6599345353,-0.9911856289094599,0.15431234885854364,48
0.08930314012235979,0.0413572476710565,0.6302297747473492,4.142920336580591e-05,-91534.55699890981,-0.9914175562499258,0.14536358069261224,48
0.14383935637312834,0.11794733887209773,0.6340612099968781,0.002644887986219674,-222448.22003177146,-0.9919995472637382,0.1577147165329192,48
0.39619714601074296,0.014440834137841224,0.8415507582104257,0.0005971050510965442,-206935.67640533636,-0.9883791737547685,0.1510927732404247,48
0.07402086757923443,0.11538304655247954,0.22598220658007073,0.09280693291327854,-410338.1763998669,-0.8806940319632167,0.15441766132362217,48
0.5526126728868904,0.009290082543999545,0.6075448519014384,0.16977364331027947,-411577.8328162379,-0.8706632866788399,0.15347591085837306,48
0.14383935637312834,0.1195159922093368,0.56745042710584,9.096295061468895e-05,-91799.02648006263,-0.99121174954008,0.15382918904171242,48
0.3890128437718539,0.02508170011346087,0.8287686095321888,0.1564373500476715,-488637.72541113244,-0.8402384458251184,0.15962373438032626,48
0.058946784385166845,0.021243933238996513,0.655965156793468,4.142920336580591e-05,-60242.63716370694,-0.9923329543646381,0.15022883788449848,48
0.08484101389413234,0.014849817258195145,0.6513942026319677,0.013751637390744642,-161080.44356003808,-0.9792113839389596,0.14447423203940987,48
0.14358275616407828,0.11538304655247954,0.7585080948930275,0.18810800102298814,-156321.90299270168,-0.8823789031161149,0.14147638583806157,48
0.07701996515666774,0.02128268382745004,0.655965156793468,4.142920336580591e-05,-426304.58619816817,-0.9909630095455179,0.16486886508970044,48
0.5453010280869183,0.16745668678624523,0.22100332893586344,0.05257832244948371,-459288.24730753433,-0.9498248996385376,0.1551562913393366,48
0.08211009039816916,0.060298300968691695,0.834590367947467,0.0008375444367237916,-339957.6618107171,-0.9951564847306908,0.15836325043313867,48
0.4593381422116586,0.03932863291714846,0.8876237564802782,0.0033339598158347444,-331061.45580606203,-0.985218114056471,0.15193480592948658,48
0.19297836324713113,0.08766910665571967,0.957713617730273,0.442732101877385,-397188.0914915469,-0.7784670082591368,0.14860459157686187,48
0.40119472890026364,0.060312984524284595,0.6716885355040169,0.0027114852679979845,-157261.5841785022,-0.9856619920077107,0.15095056752513755,48
0.12851479401272356,0.04328793776368562,0.9631099296347451,0.000734807426162977,-149296.98905480342,-0.9858098740116702,0.14837666716014206,48
0.08211009039816916,0.060298300968691695,0.8216141857525288,0.03301185398610071,-302064.89781083626,-0.9654007147712768,0.15173263778160426,48
0.0949669228365515,0.014888567846648552,0.6513942026319677,0.06593807084638634,-296744.68068777997,-0.9223827136563756,0.15129977898081895,48
0.13931474847029449,0.11538304655247954,0.665879749218372,0.01253111306175965,-250125.70892986978,-0.9739373882054131,0.150756075708414,48
0.08211009039816916,0.06334292087845063,0.834590367947467,0.0011289072586787574,-343941.06411511626,-0.9905128924365393,0.15216703844188964,48
0.13683649728862562,0.030964845082872394,0.9705772473677122,0.006473476708650505,-210539.34306696992,-0.9819256421628572,0.14932980017962819,48
0.14391290269423118,0.11835767920126275,0.8629911041213159,0.006677892317060577,-394363.03102768614,-0.9775268537785967,0.1544940603130314,48
0.14383935637312834,0.12137338383629905,0.6340612099968781,0.002644887986219674,-396168.33751529426,-0.9885700597825103,0.17508097536269004,48
0.35973629234963417,0.030964845082872394,0.9578979499512437,0.40066517614229485,-42432.31482780733,-0.7715771142410516,0.14400040716484488,48
0.19297836324713113,0.08884760268945197,0.8180147659224931,0.442732101877385,-483862.02355978667,-0.7433744052648081,0.1622356220376366,48
0.22793516254194168,0.08542155772525127,0.8180147659224931,0.4303652916281717,-364571.5315149774,-0.7170624578582623,0.15293052512220554,48
0.059291665480918146,0.023722946964776857,0.8100484588702535,4.142920336580591e-05,-295070.858061854,-0.9948355226624687,0.16345950284238667,48
0.13177601084982932,0.11538304655247954,0.29323994616803484,0.08436774732650268,-467513.32549273013,-0.8558676584976973,0.1693985760841431,48
0.3778823732147299,0.12097539278624184,0.7494290681449964,0.010382775955612183,-204999.04918800705,-0.9711984711572413,0.1497164433408469,48
0.1307265003244639,0.03978626584433512,0.8248797386544768,0.43504045729526125,-132314.10262025983,-0.7816533899738215,0.14794716328559598,48
0.0902897700544083,0.1670604991178476,0.32078006497173583,0.09325925519992712,-487122.49853110575,-0.9185202804192606,0.15872176038049832,49
0.39619714601074296,0.060298300968691695,0.8287375091519293,0.20451784772188492,-133936.52089538457,-0.7810686629827309,0.13251226458610885,49
0.3745401188473625,0.19014286128198324,0.7494290681449964,0.15442374159654904,-371897.0350617105,-0.8962125714269634,0.15346229896710406,49
0.6659919510190668,0.19014286128198324,0.1900906799886637,0.2993292420985183,-389395.6887637836,-0.867531182586613,0.14916863612594095,49
0.3745401188473625,0.11435240396465488,0.7319939418114051,0.2907306241353117,-478065.92621219746,-0.7619569722945262,0.15869814654528216,49
0.3778823732147299,0.12097539278624184,0.7494290681449964,0.0016410649600007432,-144768.1298040974,-0.9902517607216357,0.14848483109952978,49
0.1300807561729404,0.11538304655247954,0.8296729198175729,0.17766612881891986,-220934.17679170295,-0.8523884679706103,0.14512013508147306,49
0.1300807561729404,0.11835754354596516,0.8297358063948106,0.17766612881891986,-366377.6294655189,-0.8150402040454906,0.14161021015968808,49
0.3745401188473625,0.11090458775713291,0.8891322101486617,0.07489605307303795,-356102.88449788495,-0.9445085945957138,0.15435702975220023,49
0.07701996515666774,0.021243933238996513,0.655965156793468,4.142920336580591e-05,-190690.78758025807,-0.9944858403916018,0.1569144227394734,49
0.39619714601074296,0.060298300968691695,0.8287375091519293,0.22119603146653455,-168919.3510244587,-0.841738336188875,0.14291641220688542,49
0.24293868750403425,0.018494656323707035,0.30027913249679256,0.09318501966885875,-558311.7377050066,-0.9218527110106222,0.17105033356551033,49
0.5453010280869183,0.11132465840378787,0.22593191303826066,0.05257832244948371,-429761.41076224553,-0.9498536209790464,0.16005903130695662,49
0.3745401188473625,0.19758484566139395,0.27442066974664464,0.007484102100868299,-394857.94217736874,-0.9895900349671255,0.1588972886178762,49
0.4417270844437944,0.060298300968691695,0.8287375091519293,0.17390252636253686,-283879.6554754333,-0.8494079736634843,0.14425406563106716,49
0.07701996515666774,0.021243933238996513,0.655965156793468,0.0032068424679585483,-196482.22645494321,-0.9853295988005722,0.14815065469846747,49
0.0949669228365515,0.014888567846648552,0.6513942026319677,0.013751637390744642,-456655.2566000239,-0.9798215038429751,0.16333870712852208,49
0.4130246460272165,0.05426980635477918,0.7776367222394794,0.1689158175612714,-300691.68221273826,-0.919294344752798,0.14751780380185844,49
0.3959745886202795,0.11880770353958597,0.8282325759416865,0.0023658432879350155,-192051.6599345353,-0.9911856289094599,0.15431234885854364,49
0.08930314012235979,0.0413572476710565,0.6302297747473492,4.142920336580591e-05,-91534.55699890981,-0.9914175562499258,0.14536358069261224,49
0.14383935637312834,0.11794733887209773,0.6340612099968781,0.002644887986219674,-222448.22003177146,-0.9919995472637382,0.1577147165329192,49
0.39619714601074296,0.014440834137841224,0.8415507582104257,0.0005971050510965442,-206935.67640533636,-0.9883791737547685,0.1510927732404247,49
0.07402086757923443,0.11538304655247954,0.22598220658007073,0.09280693291327854,-410338.1763998669,-0.8806940319632167,0.15441766132362217,49
0.5526126728868904,0.009290082543999545,0.6075448519014384,0.16977364331027947,-411577.8328162379,-0.8706632866788399,0.15347591085837306,49
0.14383935637312834,0.1195159922093368,0.56745042710584,9.096295061468895e-05,-91799.02648006263,-0.99121174954008,0.15382918904171242,49
0.3890128437718539,0.02508170011346087,0.8287686095321888,0.1564373500476715,-488637.72541113244,-0.8402384458251184,0.15962373438032626,49
0.08484101389413234,0.014849817258195145,0.6513942026319677,0.013751637390744642,-161080.44356003808,-0.9792113839389596,0.14447423203940987,49
0.14358275616407828,0.11538304655247954,0.7585080948930275,0.18810800102298814,-156321.90299270168,-0.8823789031161149,0.14147638583806157,49
0.07701996515666774,0.02128268382745004,0.655965156793468,4.142920336580591e-05,-426304.58619816817,-0.9909630095455179,0.16486886508970044,49
0.5453010280869183,0.16745668678624523,0.22100332893586344,0.05257832244948371,-459288.24730753433,-0.9498248996385376,0.1551562913393366,49
0.08211009039816916,0.060298300968691695,0.834590367947467,0.0008375444367237916,-339957.6618107171,-0.9951564847306908,0.15836325043313867,49
0.4593381422116586,0.03932863291714846,0.8876237564802782,0.0033339598158347444,-331061.45580606203,-0.985218114056471,0.15193480592948658,49
0.19297836324713113,0.08766910665571967,0.957713617730273,0.442732101877385,-397188.0914915469,-0.7784670082591368,0.14860459157686187,49
0.40119472890026364,0.060312984524284595,0.6716885355040169,0.0027114852679979845,-157261.5841785022,-0.9856619920077107,0.15095056752513755,49
0.12851479401272356,0.04328793776368562,0.9631099296347451,0.000734807426162977,-149296.98905480342,-0.9858098740116702,0.14837666716014206,49
0.08211009039816916,0.060298300968691695,0.8216141857525288,0.03301185398610071,-302064.89781083626,-0.9654007147712768,0.15173263778160426,49
0.0949669228365515,0.014888567846648552,0.6513942026319677,0.06593807084638634,-296744.68068777997,-0.9223827136563756,0.15129977898081895,49
0.13931474847029449,0.11538304655247954,0.665879749218372,0.01253111306175965,-250125.70892986978,-0.9739373882054131,0.150756075708414,49
0.08211009039816916,0.06334292087845063,0.834590367947467,0.0011289072586787574,-343941.06411511626,-0.9905128924365393,0.15216703844188964,49
0.13683649728862562,0.030964845082872394,0.9705772473677122,0.006473476708650505,-210539.34306696992,-0.9819256421628572,0.14932980017962819,49
0.14391290269423118,0.11835767920126275,0.8629911041213159,0.006677892317060577,-394363.03102768614,-0.9775268537785967,0.1544940603130314,49
0.1324828625235602,0.021243933238996513,0.655965156793468,4.142920336580591e-05,-61127.68456245782,-0.9942623359600825,0.14679283979202984,49
0.14383935637312834,0.12137338383629905,0.6340612099968781,0.002644887986219674,-396168.33751529426,-0.9885700597825103,0.17508097536269004,49
0.35973629234963417,0.030964845082872394,0.9578979499512437,0.40066517614229485,-42432.31482780733,-0.7715771142410516,0.14400040716484488,49
0.1612467473291277,0.04085334986500253,0.6373423270437345,0.43504045729526125,-115078.3850494727,-0.7394744361587895,0.14381377162393763,49
0.19297836324713113,0.08884760268945197,0.8180147659224931,0.442732101877385,-483862.02355978667,-0.7433744052648081,0.1622356220376366,49
0.19174154638433125,0.08955090142098728,0.8077517851286724,0.4009506816380941,-246148.41889638375,-0.6727433892892885,0.15156545963707174,49
0.059291665480918146,0.023722946964776857,0.8100484588702535,4.142920336580591e-05,-295070.858061854,-0.9948355226624687,0.16345950284238667,49
0.13177601084982932,0.11538304655247954,0.29323994616803484,0.08436774732650268,-467513.32549273013,-0.8558676584976973,0.1693985760841431,49
0.1307265003244639,0.03978626584433512,0.8248797386544768,0.43504045729526125,-132314.10262025983,-0.7816533899738215,0.14794716328559598,49
0.0902897700544083,0.1670604991178476,0.32078006497173583,0.09325925519992712,-487122.49853110575,-0.9185202804192606,0.15872176038049832,50
0.39619714601074296,0.060298300968691695,0.8287375091519293,0.20451784772188492,-133936.52089538457,-0.7810686629827309,0.13251226458610885,50
0.3745401188473625,0.19014286128198324,0.7494290681449964,0.15442374159654904,-371897.0350617105,-0.8962125714269634,0.15346229896710406,50
0.6659919510190668,0.19014286128198324,0.1900906799886637,0.2993292420985183,-389395.6887637836,-0.867531182586613,0.14916863612594095,50
0.3745401188473625,0.11435240396465488,0.7319939418114051,0.2907306241353117,-478065.92621219746,-0.7619569722945262,0.15869814654528216,50
0.3778823732147299,0.12097539278624184,0.7494290681449964,0.0016410649600007432,-144768.1298040974,-0.9902517607216357,0.14848483109952978,50
0.1300807561729404,0.11538304655247954,0.8296729198175729,0.17766612881891986,-220934.17679170295,-0.8523884679706103,0.14512013508147306,50
0.1300807561729404,0.11835754354596516,0.8297358063948106,0.17766612881891986,-366377.6294655189,-0.8150402040454906,0.14161021015968808,50
0.3745401188473625,0.11090458775713291,0.8891322101486617,0.07489605307303795,-356102.88449788495,-0.9445085945957138,0.15435702975220023,50
0.07701996515666774,0.021243933238996513,0.655965156793468,4.142920336580591e-05,-190690.78758025807,-0.9944858403916018,0.1569144227394734,50
0.39619714601074296,0.060298300968691695,0.8287375091519293,0.22119603146653455,-168919.3510244587,-0.841738336188875,0.14291641220688542,50
0.24293868750403425,0.018494656323707035,0.30027913249679256,0.09318501966885875,-558311.7377050066,-0.9218527110106222,0.17105033356551033,50
0.5453010280869183,0.11132465840378787,0.22593191303826066,0.05257832244948371,-429761.41076224553,-0.9498536209790464,0.16005903130695662,50
0.3745401188473625,0.19758484566139395,0.27442066974664464,0.007484102100868299,-394857.94217736874,-0.9895900349671255,0.1588972886178762,50
0.4417270844437944,0.060298300968691695,0.8287375091519293,0.17390252636253686,-283879.6554754333,-0.8494079736634843,0.14425406563106716,50
0.07701996515666774,0.021243933238996513,0.655965156793468,0.0032068424679585483,-196482.22645494321,-0.9853295988005722,0.14815065469846747,50
0.0949669228365515,0.014888567846648552,0.6513942026319677,0.013751637390744642,-456655.2566000239,-0.9798215038429751,0.16333870712852208,50
0.4130246460272165,0.05426980635477918,0.7776367222394794,0.1689158175612714,-300691.68221273826,-0.919294344752798,0.14751780380185844,50
0.3959745886202795,0.11880770353958597,0.8282325759416865,0.0023658432879350155,-192051.6599345353,-0.9911856289094599,0.15431234885854364,50
0.08930314012235979,0.0413572476710565,0.6302297747473492,4.142920336580591e-05,-91534.55699890981,-0.9914175562499258,0.14536358069261224,50
0.14383935637312834,0.11794733887209773,0.6340612099968781,0.002644887986219674,-222448.22003177146,-0.9919995472637382,0.1577147165329192,50
0.39619714601074296,0.014440834137841224,0.8415507582104257,0.0005971050510965442,-206935.67640533636,-0.9883791737547685,0.1510927732404247,50
0.07402086757923443,0.11538304655247954,0.22598220658007073,0.09280693291327854,-410338.1763998669,-0.8806940319632167,0.15441766132362217,50
0.5526126728868904,0.009290082543999545,0.6075448519014384,0.16977364331027947,-411577.8328162379,-0.8706632866788399,0.15347591085837306,50
0.14383935637312834,0.1195159922093368,0.56745042710584,9.096295061468895e-05,-91799.02648006263,-0.99121174954008,0.15382918904171242,50
0.3890128437718539,0.02508170011346087,0.8287686095321888,0.1564373500476715,-488637.72541113244,-0.8402384458251184,0.15962373438032626,50
0.08484101389413234,0.014849817258195145,0.6513942026319677,0.013751637390744642,-161080.44356003808,-0.9792113839389596,0.14447423203940987,50
0.14358275616407828,0.11538304655247954,0.7585080948930275,0.18810800102298814,-156321.90299270168,-0.8823789031161149,0.14147638583806157,50
0.07701996515666774,0.02128268382745004,0.655965156793468,4.142920336580591e-05,-426304.58619816817,-0.9909630095455179,0.16486886508970044,50
0.5453010280869183,0.16745668678624523,0.22100332893586344,0.05257832244948371,-459288.24730753433,-0.9498248996385376,0.1551562913393366,50
0.08211009039816916,0.060298300968691695,0.834590367947467,0.0008375444367237916,-339957.6618107171,-0.9951564847306908,0.15836325043313867,50
0.4593381422116586,0.03932863291714846,0.8876237564802782,0.0033339598158347444,-331061.45580606203,-0.985218114056471,0.15193480592948658,50
0.19297836324713113,0.08766910665571967,0.957713617730273,0.442732101877385,-397188.0914915469,-0.7784670082591368,0.14860459157686187,50
0.40119472890026364,0.060312984524284595,0.6716885355040169,0.0027114852679979845,-157261.5841785022,-0.9856619920077107,0.15095056752513755,50
0.12851479401272356,0.04328793776368562,0.9631099296347451,0.000734807426162977,-149296.98905480342,-0.9858098740116702,0.14837666716014206,50
0.08211009039816916,0.060298300968691695,0.8216141857525288,0.03301185398610071,-302064.89781083626,-0.9654007147712768,0.15173263778160426,50
0.0949669228365515,0.014888567846648552,0.6513942026319677,0.06593807084638634,-296744.68068777997,-0.9223827136563756,0.15129977898081895,50
0.13931474847029449,0.11538304655247954,0.665879749218372,0.01253111306175965,-250125.70892986978,-0.9739373882054131,0.150756075708414,50
0.08211009039816916,0.06334292087845063,0.834590367947467,0.0011289072586787574,-343941.06411511626,-0.9905128924365393,0.15216703844188964,50
0.13683649728862562,0.030964845082872394,0.9705772473677122,0.006473476708650505,-210539.34306696992,-0.9819256421628572,0.14932980017962819,50
0.14391290269423118,0.11835767920126275,0.8629911041213159,0.006677892317060577,-394363.03102768614,-0.9775268537785967,0.1544940603130314,50
0.1324828625235602,0.021243933238996513,0.655965156793468,4.142920336580591e-05,-61127.68456245782,-0.9942623359600825,0.14679283979202984,50
0.1612467473291277,0.04085334986500253,0.6373423270437345,0.43504045729526125,-115078.3850494727,-0.7394744361587895,0.14381377162393763,50
0.14383935637312834,0.12137338383629905,0.6340612099968781,0.002644887986219674,-396168.33751529426,-0.9885700597825103,0.17508097536269004,50
0.19174154638433125,0.08955090142098728,0.8077517851286724,0.4009506816380941,-246148.41889638375,-0.6727433892892885,0.15156545963707174,50
0.059291665480918146,0.023722946964776857,0.8100484588702535,4.142920336580591e-05,-295070.858061854,-0.9948355226624687,0.16345950284238667,50
0.19297836324713113,0.08884760268945197,0.8180147659224931,0.442732101877385,-483862.02355978667,-0.7433744052648081,0.1622356220376366,50
0.35973629234963417,0.030964845082872394,0.9578979499512437,0.40066517614229485,-42432.31482780733,-0.7715771142410516,0.14400040716484488,50
0.13177601084982932,0.11538304655247954,0.29323994616803484,0.08436774732650268,-467513.32549273013,-0.8558676584976973,0.1693985760841431,50
0.19174154638433125,0.11658807701258803,0.5841889247399997,0.4009506816380941,-156274.22897655275,-0.7865833722161333,0.15648191292041783,50
