bridging-capital-weight,innovation-diffusion-rate,policy-effectiveness,cultural-diffusion-rate,Obj_Innov_Neg,Obj_Div_Neg,Obj_Gini,Generation
0.6964691855978616,0.0572278669900759,0.2268514535642031,0.2756573845414456,-361844.77567381895,-0.8808918386004714,0.16767205294182172,1
0.48093190148436094,0.0784235036388301,0.3431780161508694,0.3645248536920208,-333485.26593921037,-0.6556420550366074,0.161655631711115,1
0.18249173045349998,0.03509035122949851,0.5315513738418384,0.26591379354843303,-292023.31757214904,-0.7748127900396224,0.16381457798060697,1
0.4308627633296438,0.09873701953006125,0.425830290295828,0.15613061148623264,-119100.48542618753,-0.8388276421609686,0.150553842723663,1
0.6030601284109274,0.10901360129329299,0.3427638337743084,0.15206039451359205,-461343.1479872472,-0.9130754699118614,0.17179992289736798,1
0.31876642638187636,0.13839405910636393,0.5543832497177721,0.1944752870615723,-282923.0880416395,-0.8339998438744236,0.15839821334561643,1
0.9251324896139861,0.16833399938254326,0.35739756668317624,0.021795731899520276,-74837.43576253467,-0.9730684414766276,0.16435625728813802,1
0.8544524875245048,0.07696756225515222,0.31678789711837974,0.17713233779583926,-279437.8318449698,-0.8989336230452243,0.15564434159914184,1
0.17108182920509907,0.1658225269003781,0.3386708459143266,0.27618503764703656,-299937.5462982222,-0.767170602449466,0.15496988605960174,1
0.6006985678335899,0.17317289166065294,0.9835216092035556,0.03968289518900786,-207628.27733812286,-0.9505067256356833,0.15131350610039676,1
0.4382143843772247,0.1530192190478613,0.5656420012258828,0.0424520815959088,-268787.65233234316,-0.9415892872301245,0.1550928728932549,1
0.5622183787309056,0.024448709926501014,0.20139950138137086,0.40582217414201077,-319654.4560144175,-0.7070199047922799,0.16554556866088485,1
0.9319321480766781,0.11643509182917403,0.20609572744527416,0.3588787811397788,-383180.45756718615,-0.7155282379777987,0.16849636980423657,1
0.29371404638882936,0.12619522477089756,0.09210493994507518,0.21685058633976412,-284842.6313660775,-0.8474410481556992,0.17104586474931452,1
0.4679875740567494,0.16158764189672203,0.007426378544613033,0.27579636299120275,-388668.820603635,-0.8162592797223228,0.18476087471308833,1
0.9019113726606706,0.19672617698234465,0.2575420641540831,0.28217952146239084,-273686.26167009614,-0.7762812084388356,0.1669248806473085,1
0.6693137829622723,0.11718731051244258,0.6249035020955999,0.3373445254939124,-285649.60881686705,-0.7251059924473718,0.15912077675140923,1
0.32198060646830806,0.13231286733324873,0.8465062252707221,0.2766286723983567,-275793.48511214345,-0.7526982990168776,0.16806264576083454,1
0.45741199752361195,0.1507051981596229,0.7418621518420373,0.024289516422134394,-196003.60379820134,-0.9405444421349239,0.15321566915693324,1
0.5826710878614046,0.16296874057868194,0.33706638344761,0.46378828978769476,-156183.4818373086,-0.7474150969897849,0.15256837575370188,1
0.8593890756806114,0.1643008226401116,0.9098716596102089,0.06431559875469,-149190.147952251,-0.9464829239969988,0.15391859904169414,1
0.7224433825702216,0.06459178277063564,0.3617886556223141,0.11413161543947781,-254377.2549502156,-0.8992373912623352,0.1714941550758398,1
0.15112745234808023,0.07977525854523132,0.24085589772362448,0.17172800702416247,-210971.39075215042,-0.9060511022237051,0.15807724983116506,1
0.8069686841371791,0.07887401079055496,0.7310730358445571,0.08053450721460742,-198827.11828512253,-0.908387719174517,0.15682851420049645,1
0.708697395442746,0.16784866956101674,0.16593788420695388,0.39049896899997866,-240804.8666425339,-0.7427856822379159,0.16189535402260488,1
0.7507170003431679,0.1148127650299929,0.7516439887929184,0.039574480369102605,-242829.30675763055,-0.8871222981977976,0.16810026585482374,1
0.08178008709398521,0.02768311455631796,0.3993787101028001,0.21215343054049596,-249020.17051481936,-0.8326127884453428,0.16363219690171546,1
0.6272489720512687,0.14468327163799097,0.01612920669501683,0.29721593972252125,-269216.9908044759,-0.8004846893930825,0.18013688245637718,1
0.6344009585513211,0.16988635881555791,0.7244553248606352,0.30551175533879144,-179065.35250401878,-0.7806599813338213,0.15449145674064968,1
0.2865366167291019,0.06129395066591146,0.665261465349683,0.055696085803857875,-159892.07786583438,-0.9292441144284203,0.15573062419511471,1
0.5131281541990022,0.13332491003281433,0.10590848505681383,0.06544747533204037,-86697.53380168896,-0.9344891350840427,0.1700997260373606,1
0.032197934937924,0.1489561310283532,0.4729130022384551,0.060877177736526844,-11692.070050541026,-0.9389698307690723,0.15712183508409294,1
0.4170222110247016,0.13626015315855933,0.8754568417951749,0.25521116873900557,-207934.84952252265,-0.7231322076011594,0.16126320663792368,1
0.6239529517921112,0.023123679015859145,0.3172854818203209,0.2074131059768159,-181212.3784177761,-0.8887403125066501,0.16296199856304697,1
0.09332671036982076,0.059372155096135894,0.9275842401521475,0.28450186571509767,-192061.39146207817,-0.7496107160636184,0.16265064499224044,1
0.4385722446796244,0.011935579321913671,0.3980442553304314,0.36899770286601785,-247644.50839050522,-0.738551530502311,0.1665659818899404,1
0.3789858496989177,0.13367678945189196,0.02931972289377127,0.31795017967567807,-211499.6658820736,-0.7970312024564592,0.18115093921868686,1
0.30476807341109746,0.07963713638359621,0.7049588304513622,0.4976792410170087,-170749.96420093224,-0.7639306716154297,0.1567510398624574,1
0.8423424376202573,0.016638997666487753,0.7636828414433382,0.121833187268437,-158054.21412671774,-0.8877388476336598,0.15746571264957124,1
0.5194851192598093,0.12257890515259354,0.12062866599032374,0.4131704002534166,-189489.18538803433,-0.5416645711377756,0.1614742893514617,1
0.4263513069628082,0.17867783262342696,0.9441600182038796,0.2509183379421683,-170832.33332106343,-0.7897728958606259,0.16372969427093614,1
0.8663091578833659,0.05009107307930134,0.48303426426270435,0.4927798928053525,-71383.4971414163,-0.6795815930457382,0.15696862768321543,1
0.7194689697855631,0.0846212920248922,0.9807641983846155,0.34241486929243165,-106023.9391193078,-0.6484927859526125,0.16189428143180476,1
0.19422296057877086,0.11449139149829463,0.09571251661238711,0.4426634131375698,-80889.08189540466,-0.8084497333014179,0.16985565637266078,1
0.35591486571745956,0.15250956275708677,0.5931769165622212,0.34585089935008856,-62336.21421761054,-0.8029133163568803,0.15747222383490977,1
0.9053415756616099,0.0415271722392649,0.2924894127924248,0.2600050765362417,-79245.87189589787,-0.7839001753598036,0.1611838333141043,1
0.42834727470094924,0.04090857190928554,0.4506364905187348,0.273881786314427,-112265.4959274198,-0.792685900935354,0.16794047508782803,1
0.5567851923942887,0.03179192882894455,0.1530705151247731,0.34776476438545545,-109395.70077874076,-0.6960798319414914,0.16378768583806735,1
0.6648724488032943,0.17757135853524453,0.6963112682354063,0.22016393833270453,-167242.48599907817,-0.7801055472196982,0.17380813698437006,1
0.578551468108833,0.10430661187946647,0.002688064574320692,0.49417270964141,-134420.2791582149,-0.6806185671033643,0.18332808091595598,1
0.6964691855978616,0.0572278669900759,0.2268514535642031,0.2756573845414456,-361844.77567381895,-0.8808918386004714,0.16767205294182172,2
0.4308627633296438,0.09873701953006125,0.425830290295828,0.15613061148623264,-119100.48542618753,-0.8388276421609686,0.150553842723663,2
0.6030601284109274,0.10901360129329299,0.3427638337743084,0.15206039451359205,-461343.1479872472,-0.9130754699118614,0.17179992289736798,2
0.31876642638187636,0.13839405910636393,0.5543832497177721,0.1944752870615723,-282923.0880416395,-0.8339998438744236,0.15839821334561643,2
0.9251324896139861,0.16833399938254326,0.35739756668317624,0.021795731899520276,-74837.43576253467,-0.9730684414766276,0.16435625728813802,2
0.8544524875245048,0.07696756225515222,0.31678789711837974,0.17713233779583926,-279437.8318449698,-0.8989336230452243,0.15564434159914184,2
0.17108182920509907,0.1658225269003781,0.3386708459143266,0.27618503764703656,-299937.5462982222,-0.767170602449466,0.15496988605960174,2
0.6006985678335899,0.17317289166065294,0.9835216092035556,0.03968289518900786,-207628.27733812286,-0.9505067256356833,0.15131350610039676,2
0.4382143843772247,0.1530192190478613,0.5656420012258828,0.0424520815959088,-268787.65233234316,-0.9415892872301245,0.1550928728932549,2
0.6030723001201854,0.17378070979074509,0.3427638337743084,0.15129095265459092,-294136.99660832644,-0.8552010338875474,0.16363040574957696,2
0.45741199752361195,0.14891862435948797,0.6655102506800248,0.024289516422134394,-180831.78436773006,-0.9613715659349858,0.1646914565810128,2
0.6006863961243318,0.10840567919909008,0.9835216092035556,0.04045267269122858,-131771.71055617454,-0.971112931647515,0.15269572684284893,2
0.7188876494708696,0.17195113518147703,0.7244553248606352,0.30121640710829056,-436942.43259324,-0.8257275586244218,0.15710694989600252,2
0.45741199752361195,0.1507051981596229,0.7418621518420373,0.024289516422134394,-196003.60379820134,-0.9405444421349239,0.15321566915693324,2
0.5826710878614046,0.16296874057868194,0.33706638344761,0.46378828978769476,-156183.4818373086,-0.7474150969897849,0.15256837575370188,2
0.8593890756806114,0.1643008226401116,0.9098716596102089,0.06431559875469,-149190.147952251,-0.9464829239969988,0.15391859904169414,2
0.7224433825702216,0.06459178277063564,0.3617886556223141,0.11413161543947781,-254377.2549502156,-0.8992373912623352,0.1714941550758398,2
0.15112745234808023,0.07977525854523132,0.24085589772362448,0.17172800702416247,-210971.39075215042,-0.9060511022237051,0.15807724983116506,2
0.8069686841371791,0.07887401079055496,0.7310730358445571,0.08053450721460742,-198827.11828512253,-0.908387719174517,0.15682851420049645,2
0.7507170003431679,0.1148127650299929,0.7516439887929184,0.039574480369102605,-242829.30675763055,-0.8871222981977976,0.16810026585482374,2
0.29371404638882936,0.12619522477089756,0.09210493994507518,0.21685058633976412,-284842.6313660775,-0.8474410481556992,0.17104586474931452,2
0.08178008709398521,0.02768311455631796,0.3993787101028001,0.21215343054049596,-249020.17051481936,-0.8326127884453428,0.16363219690171546,2
0.1663679873434678,0.15015434786644177,0.4729130022384551,0.01599186773410044,-72371.4485201075,-0.9711103295806695,0.15929460551083874,2
0.48093190148436094,0.0784235036388301,0.3431780161508694,0.3645248536920208,-333485.26593921037,-0.6556420550366074,0.161655631711115,2
0.18249173045349998,0.03509035122949851,0.5315513738418384,0.26591379354843303,-292023.31757214904,-0.7748127900396224,0.16381457798060697,2
0.5622183787309056,0.024448709926501014,0.20139950138137086,0.40582217414201077,-319654.4560144175,-0.7070199047922799,0.16554556866088485,2
0.9319321480766781,0.11643509182917403,0.20609572744527416,0.3588787811397788,-383180.45756718615,-0.7155282379777987,0.16849636980423657,2
0.4679875740567494,0.16158764189672203,0.007426378544613033,0.27579636299120275,-388668.820603635,-0.8162592797223228,0.18476087471308833,2
0.6693137829622723,0.11718731051244258,0.6249035020955999,0.3373445254939124,-285649.60881686705,-0.7251059924473718,0.15912077675140923,2
0.708697395442746,0.16784866956101674,0.16593788420695388,0.39049896899997866,-240804.8666425339,-0.7427856822379159,0.16189535402260488,2
0.42845351599745685,0.10006093317243503,0.425830290295828,0.29728448943743746,-293267.6257893367,-0.7962590892773712,0.16496264274344621,2
0.6344009585513211,0.16988635881555791,0.7244553248606352,0.30551175533879144,-179065.35250401878,-0.7806599813338213,0.15449145674064968,2
0.2865366167291019,0.06129395066591146,0.665261465349683,0.055696085803857875,-159892.07786583438,-0.9292441144284203,0.15573062419511471,2
0.5131281541990022,0.13332491003281433,0.10590848505681383,0.06544747533204037,-86697.53380168896,-0.9344891350840427,0.1700997260373606,2
0.032197934937924,0.1489561310283532,0.4729130022384551,0.060877177736526844,-11692.070050541026,-0.9389698307690723,0.15712183508409294,2
0.6349822788660147,0.08255563329363014,0.9807641983846155,0.3467102175229325,-48630.68328475474,-0.6336944591147694,0.1544451349654636,2
0.6239529517921112,0.023123679015859145,0.3172854818203209,0.2074131059768159,-181212.3784177761,-0.8887403125066501,0.16296199856304697,2
0.09332671036982076,0.059372155096135894,0.9275842401521475,0.28450186571509767,-192061.39146207817,-0.7496107160636184,0.16265064499224044,2
0.6272489720512687,0.14468327163799097,0.01612920669501683,0.29721593972252125,-269216.9908044759,-0.8004846893930825,0.18013688245637718,2
0.6648724488032943,0.1778099878315409,0.6963112682354063,0.22016393833270453,-230565.54974556217,-0.8111019656941968,0.16538814549628209,2
0.4170222110247016,0.13626015315855933,0.8754568417951749,0.25521116873900557,-207934.84952252265,-0.7231322076011594,0.16126320663792368,2
0.9019113726606706,0.19672617698234465,0.2575420641540831,0.28217952146239084,-273686.26167009614,-0.7762812084388356,0.1669248806473085,2
0.32198060646830806,0.13231286733324873,0.8465062252707221,0.2766286723983567,-275793.48511214345,-0.7526982990168776,0.16806264576083454,2
0.4385722446796244,0.011935579321913671,0.3980442553304314,0.36899770286601785,-247644.50839050522,-0.738551530502311,0.1665659818899404,2
0.30476807341109746,0.07963713638359621,0.7049588304513622,0.4976792410170087,-170749.96420093224,-0.7639306716154297,0.1567510398624574,2
0.8423424376202573,0.016638997666487753,0.7636828414433382,0.121833187268437,-158054.21412671774,-0.8877388476336598,0.15746571264957124,2
0.904282345456221,0.19482314853569915,0.2575420641540831,0.1410256438320927,-138530.4985500334,-0.9266885985647364,0.16290708390754485,2
0.4263513069628082,0.17867783262342696,0.9441600182038796,0.2509183379421683,-170832.33332106343,-0.7897728958606259,0.16372969427093614,2
0.3789858496989177,0.13367678945189196,0.02931972289377127,0.31795017967567807,-211499.6658820736,-0.7970312024564592,0.18115093921868686,2
0.5194851192598093,0.12257890515259354,0.12062866599032374,0.4131704002534166,-189489.18538803433,-0.5416645711377756,0.1614742893514617,2
0.6964691855978616,0.0572278669900759,0.2268514535642031,0.2756573845414456,-361844.77567381895,-0.8808918386004714,0.16767205294182172,3
0.6030601284109274,0.10901360129329299,0.3427638337743084,0.15206039451359205,-461343.1479872472,-0.9130754699118614,0.17179992289736798,3
0.31876642638187636,0.13839405910636393,0.5543832497177721,0.1944752870615723,-282923.0880416395,-0.8339998438744236,0.15839821334561643,3
0.9251324896139861,0.16833399938254326,0.35739756668317624,0.021795731899520276,-74837.43576253467,-0.9730684414766276,0.16435625728813802,3
0.8544524875245048,0.07696756225515222,0.31678789711837974,0.17713233779583926,-279437.8318449698,-0.8989336230452243,0.15564434159914184,3
0.17108182920509907,0.1658225269003781,0.3386708459143266,0.27618503764703656,-299937.5462982222,-0.767170602449466,0.15496988605960174,3
0.6006985678335899,0.17317289166065294,0.9835216092035556,0.03968289518900786,-207628.27733812286,-0.9505067256356833,0.15131350610039676,3
0.4382143843772247,0.1530192190478613,0.5656420012258828,0.0424520815959088,-268787.65233234316,-0.9415892872301245,0.1550928728932549,3
0.6030723001201854,0.17378070979074509,0.3427638337743084,0.15129095265459092,-294136.99660832644,-0.8552010338875474,0.16363040574957696,3
0.45741199752361195,0.14891862435948797,0.6655102506800248,0.024289516422134394,-180831.78436773006,-0.9613715659349858,0.1646914565810128,3
0.6006863961243318,0.10840567919909008,0.9835216092035556,0.04045267269122858,-131771.71055617454,-0.971112931647515,0.15269572684284893,3
0.7188876494708696,0.17195113518147703,0.7244553248606352,0.30121640710829056,-436942.43259324,-0.8257275586244218,0.15710694989600252,3
0.6034198141774563,0.12387808567686273,0.9978629280534611,0.03286095824145574,-245627.40770839583,-0.9565207066128721,0.16109528251002728,3
0.7709128868276094,0.09894190069584224,0.7466862904930331,0.15613061148623264,-174880.96489118214,-0.8926316237303303,0.14930314400471853,3
0.6349822788660147,0.1496629104498984,0.9769881917310432,0.010609247056042381,-29471.241786991304,-0.9880779351341396,0.15435535517047014,3
0.41066685621357724,0.11460788386421189,0.43078798678817903,0.039574480369102605,-304994.13752197486,-0.9263981611960855,0.16868575881752088,3
0.45741199752361195,0.1507051981596229,0.7418621518420373,0.024289516422134394,-196003.60379820134,-0.9405444421349239,0.15321566915693324,3
0.8593890756806114,0.1643008226401116,0.9098716596102089,0.06431559875469,-149190.147952251,-0.9464829239969988,0.15391859904169414,3
0.15112745234808023,0.07977525854523132,0.24085589772362448,0.17172800702416247,-210971.39075215042,-0.9060511022237051,0.15807724983116506,3
0.8069686841371791,0.07887401079055496,0.7310730358445571,0.08053450721460742,-198827.11828512253,-0.908387719174517,0.15682851420049645,3
0.08178008709398521,0.02768311455631796,0.3993787101028001,0.21215343054049596,-249020.17051481936,-0.8326127884453428,0.16363219690171546,3
0.1663679873434678,0.15015434786644177,0.4729130022384551,0.01599186773410044,-72371.4485201075,-0.9711103295806695,0.15929460551083874,3
0.48093190148436094,0.0784235036388301,0.3431780161508694,0.3645248536920208,-333485.26593921037,-0.6556420550366074,0.161655631711115,3
0.18249173045349998,0.03509035122949851,0.5315513738418384,0.26591379354843303,-292023.31757214904,-0.7748127900396224,0.16381457798060697,3
0.5622183787309056,0.024448709926501014,0.20139950138137086,0.40582217414201077,-319654.4560144175,-0.7070199047922799,0.16554556866088485,3
0.9319321480766781,0.11643509182917403,0.20609572744527416,0.3588787811397788,-383180.45756718615,-0.7155282379777987,0.16849636980423657,3
0.4679875740567494,0.16158764189672203,0.007426378544613033,0.27579636299120275,-388668.820603635,-0.8162592797223228,0.18476087471308833,3
0.6693137829622723,0.11718731051244258,0.6249035020955999,0.3373445254939124,-285649.60881686705,-0.7251059924473718,0.15912077675140923,3
0.42845351599745685,0.10006093317243503,0.425830290295828,0.29728448943743746,-293267.6257893367,-0.7962590892773712,0.16496264274344621,3
0.7507170003431679,0.1148127650299929,0.7516439887929184,0.039574480369102605,-242829.30675763055,-0.8871222981977976,0.16810026585482374,3
0.708697395442746,0.16784866956101674,0.16593788420695388,0.39049896899997866,-240804.8666425339,-0.7427856822379159,0.16189535402260488,3
0.4308627633296438,0.09873701953006125,0.425830290295828,0.15613061148623264,-119100.48542618753,-0.8388276421609686,0.150553842723663,3
0.5826710878614046,0.16296874057868194,0.33706638344761,0.46378828978769476,-156183.4818373086,-0.7474150969897849,0.15256837575370188,3
0.7224433825702216,0.06459178277063564,0.3617886556223141,0.11413161543947781,-254377.2549502156,-0.8992373912623352,0.1714941550758398,3
0.29371404638882936,0.12619522477089756,0.09210493994507518,0.21685058633976412,-284842.6313660775,-0.8474410481556992,0.17104586474931452,3
0.6272489720512687,0.14468327163799097,0.01612920669501683,0.29721593972252125,-269216.9908044759,-0.8004846893930825,0.18013688245637718,3
0.1663679873434678,0.0830470701869622,0.4740337454569172,0.3559633845594897,-324629.4516879393,-0.6468390429870724,0.16508338140745613,3
0.032197934937924,0.1489561310283532,0.4729130022384551,0.060877177736526844,-11692.070050541026,-0.9389698307690723,0.15712183508409294,3
0.7992343686318862,0.16158764189672203,0.7075940249593489,0.08091991405181388,-149328.03003115623,-0.9284941168612025,0.1536396739813786,3
0.49730623575492094,0.10778990176656346,0.1161877154618946,0.3714835108666465,-214385.28917376258,-0.8437308649744097,0.17024276087392753,3
0.4170222110247016,0.13626015315855933,0.8754568417951749,0.25521116873900557,-207934.84952252265,-0.7231322076011594,0.16126320663792368,3
0.5131281541990022,0.13332491003281433,0.10590848505681383,0.06544747533204037,-86697.53380168896,-0.9344891350840427,0.1700997260373606,3
0.6239529517921112,0.023123679015859145,0.3172854818203209,0.2074131059768159,-181212.3784177761,-0.8887403125066501,0.16296199856304697,3
0.32198060646830806,0.13231286733324873,0.8465062252707221,0.2766286723983567,-275793.48511214345,-0.7526982990168776,0.16806264576083454,3
0.6648724488032943,0.1778099878315409,0.6963112682354063,0.22016393833270453,-230565.54974556217,-0.8111019656941968,0.16538814549628209,3
0.4385722446796244,0.011935579321913671,0.3980442553304314,0.36899770286601785,-247644.50839050522,-0.738551530502311,0.1665659818899404,3
0.2865366167291019,0.06129395066591146,0.665261465349683,0.055696085803857875,-159892.07786583438,-0.9292441144284203,0.15573062419511471,3
0.09332671036982076,0.059372155096135894,0.9275842401521475,0.28450186571509767,-192061.39146207817,-0.7496107160636184,0.16265064499224044,3
0.15112745234808023,0.07977525854523132,0.42259724033163215,0.17172800702416247,-266018.39422755124,-0.7823137612712915,0.16703907361825213,3
0.6344009585513211,0.16988635881555791,0.7244553248606352,0.30551175533879144,-179065.35250401878,-0.7806599813338213,0.15449145674064968,3
0.9251324896139861,0.16833399938254326,0.35739756668317624,0.021795731899520276,-74837.43576253467,-0.9730684414766276,0.16435625728813802,4
0.45741199752361195,0.14891862435948797,0.6655102506800248,0.024289516422134394,-180831.78436773006,-0.9613715659349858,0.1646914565810128,4
0.6006863961243318,0.10840567919909008,0.9835216092035556,0.04045267269122858,-131771.71055617454,-0.971112931647515,0.15269572684284893,4
0.6034198141774563,0.12387808567686273,0.9978629280534611,0.03286095824145574,-245627.40770839583,-0.9565207066128721,0.16109528251002728,4
0.7709128868276094,0.09894190069584224,0.7466862904930331,0.15613061148623264,-174880.96489118214,-0.8926316237303303,0.14930314400471853,4
0.6349822788660147,0.1496629104498984,0.9769881917310432,0.010609247056042381,-29471.241786991304,-0.9880779351341396,0.15435535517047014,4
0.2865366167291019,0.05312591646227311,0.665261465349683,0.024430154870088858,-156016.41754557786,-0.9583056287136072,0.16211788342573144,4
0.7444803369586996,0.15015434786644177,0.2780800267203146,0.014461406860603994,-632392.815869687,-0.9543048117209842,0.15009526777513463,4
0.1663679873434678,0.15015434786644177,0.4729130022384551,0.01599186773410044,-72371.4485201075,-0.9711103295806695,0.15929460551083874,4
0.6964691855978616,0.0572278669900759,0.2268514535642031,0.2756573845414456,-361844.77567381895,-0.8808918386004714,0.16767205294182172,4
0.6030601284109274,0.10901360129329299,0.3427638337743084,0.15206039451359205,-461343.1479872472,-0.9130754699118614,0.17179992289736798,4
0.31876642638187636,0.13839405910636393,0.5543832497177721,0.1944752870615723,-282923.0880416395,-0.8339998438744236,0.15839821334561643,4
0.8544524875245048,0.07696756225515222,0.31678789711837974,0.17713233779583926,-279437.8318449698,-0.8989336230452243,0.15564434159914184,4
0.17108182920509907,0.1658225269003781,0.3386708459143266,0.27618503764703656,-299937.5462982222,-0.767170602449466,0.15496988605960174,4
0.6006985678335899,0.17317289166065294,0.9835216092035556,0.03968289518900786,-207628.27733812286,-0.9505067256356833,0.15131350610039676,4
0.4382143843772247,0.1530192190478613,0.5656420012258828,0.0424520815959088,-268787.65233234316,-0.9415892872301245,0.1550928728932549,4
0.6030723001201854,0.17378070979074509,0.3427638337743084,0.15129095265459092,-294136.99660832644,-0.8552010338875474,0.16363040574957696,4
0.7188876494708696,0.17195113518147703,0.7244553248606352,0.30121640710829056,-436942.43259324,-0.8257275586244218,0.15710694989600252,4
0.41066685621357724,0.11460788386421189,0.43078798678817903,0.039574480369102605,-304994.13752197486,-0.9263981611960855,0.16868575881752088,4
0.4308627633296438,0.09873701953006125,0.425830290295828,0.15613061148623264,-119100.48542618753,-0.8388276421609686,0.150553842723663,4
0.14066562693916107,0.06459178277063564,0.5038018461280834,0.11570188671012618,-250607.48095584975,-0.9149698722726652,0.15098874972266876,4
0.47544009769021434,0.15887295877979682,0.7418621518420373,0.05555544751116799,-174990.02961312732,-0.9278859121221084,0.15065829189583912,4
0.45741199752361195,0.1507051981596229,0.7418621518420373,0.024289516422134394,-196003.60379820134,-0.9405444421349239,0.15321566915693324,4
0.8593890756806114,0.1643008226401116,0.9098716596102089,0.06431559875469,-149190.147952251,-0.9464829239969988,0.15391859904169414,4
0.48093190148436094,0.0784235036388301,0.3431780161508694,0.3645248536920208,-333485.26593921037,-0.6556420550366074,0.161655631711115,4
0.18249173045349998,0.03509035122949851,0.5315513738418384,0.26591379354843303,-292023.31757214904,-0.7748127900396224,0.16381457798060697,4
0.5622183787309056,0.024448709926501014,0.20139950138137086,0.40582217414201077,-319654.4560144175,-0.7070199047922799,0.16554556866088485,4
0.9319321480766781,0.11643509182917403,0.20609572744527416,0.3588787811397788,-383180.45756718615,-0.7155282379777987,0.16849636980423657,4
0.4679875740567494,0.16158764189672203,0.007426378544613033,0.27579636299120275,-388668.820603635,-0.8162592797223228,0.18476087471308833,4
0.42845351599745685,0.10006093317243503,0.425830290295828,0.29728448943743746,-293267.6257893367,-0.7962590892773712,0.16496264274344621,4
0.31876642638187636,0.13839405910636393,0.5543832497177721,0.2799992343146495,-301474.40196025645,-0.7286633395002243,0.1577007332710809,4
0.7224433825702216,0.06459178277063564,0.3617886556223141,0.11413161543947781,-254377.2549502156,-0.8992373912623352,0.1714941550758398,4
0.29371404638882936,0.12619522477089756,0.09210493994507518,0.21685058633976412,-284842.6313660775,-0.8474410481556992,0.17104586474931452,4
0.15112745234808023,0.07977525854523132,0.24085589772362448,0.17172800702416247,-210971.39075215042,-0.9060511022237051,0.15807724983116506,4
0.8069686841371791,0.07887401079055496,0.7310730358445571,0.08053450721460742,-198827.11828512253,-0.908387719174517,0.15682851420049645,4
0.08178008709398521,0.02768311455631796,0.3993787101028001,0.21215343054049596,-249020.17051481936,-0.8326127884453428,0.16363219690171546,4
0.7507170003431679,0.1148127650299929,0.7516439887929184,0.039574480369102605,-242829.30675763055,-0.8871222981977976,0.16810026585482374,4
0.708697395442746,0.16784866956101674,0.16593788420695388,0.39049896899997866,-240804.8666425339,-0.7427856822379159,0.16189535402260488,4
0.8286916343195081,0.07696756225515222,0.316494860771997,0.17713233779583926,-204288.45389448412,-0.8727795155419042,0.15334275229861147,4
0.5826710878614046,0.16296874057868194,0.33706638344761,0.46378828978769476,-156183.4818373086,-0.7474150969897849,0.15256837575370188,4
0.6272489720512687,0.14468327163799097,0.01612920669501683,0.29721593972252125,-269216.9908044759,-0.8004846893930825,0.18013688245637718,4
0.7992343686318862,0.16158764189672203,0.7075940249593489,0.08091991405181388,-149328.03003115623,-0.9284941168612025,0.1536396739813786,4
0.1663679873434678,0.0830470701869622,0.4740337454569172,0.3559633845594897,-324629.4516879393,-0.6468390429870724,0.16508338140745613,4
0.032197934937924,0.1489561310283532,0.4729130022384551,0.060877177736526844,-11692.070050541026,-0.9389698307690723,0.15712183508409294,4
0.49730623575492094,0.10778990176656346,0.1161877154618946,0.3714835108666465,-214385.28917376258,-0.8437308649744097,0.17024276087392753,4
0.6693137829622723,0.11718731051244258,0.6249035020955999,0.3373445254939124,-285649.60881686705,-0.7251059924473718,0.15912077675140923,4
0.5131281541990022,0.13332491003281433,0.10590848505681383,0.06544747533204037,-86697.53380168896,-0.9344891350840427,0.1700997260373606,4
0.6239529517921112,0.023123679015859145,0.3172854818203209,0.2074131059768159,-181212.3784177761,-0.8887403125066501,0.16296199856304697,4
0.6648724488032943,0.1778099878315409,0.6963112682354063,0.22016393833270453,-230565.54974556217,-0.8111019656941968,0.16538814549628209,4
0.09332671036982076,0.059372155096135894,0.9275842401521475,0.28450186571509767,-192061.39146207817,-0.7496107160636184,0.16265064499224044,4
0.9251324896139861,0.16833399938254326,0.35739756668317624,0.021795731899520276,-74837.43576253467,-0.9730684414766276,0.16435625728813802,5
0.45741199752361195,0.14891862435948797,0.6655102506800248,0.024289516422134394,-180831.78436773006,-0.9613715659349858,0.1646914565810128,5
0.6006863961243318,0.10840567919909008,0.9835216092035556,0.04045267269122858,-131771.71055617454,-0.971112931647515,0.15269572684284893,5
0.6034198141774563,0.12387808567686273,0.9978629280534611,0.03286095824145574,-245627.40770839583,-0.9565207066128721,0.16109528251002728,5
0.7709128868276094,0.09894190069584224,0.7466862904930331,0.15613061148623264,-174880.96489118214,-0.8926316237303303,0.14930314400471853,5
0.6349822788660147,0.1496629104498984,0.9769881917310432,0.010609247056042381,-29471.241786991304,-0.9880779351341396,0.15435535517047014,5
0.2865366167291019,0.05312591646227311,0.665261465349683,0.024430154870088858,-156016.41754557786,-0.9583056287136072,0.16211788342573144,5
0.7444803369586996,0.15015434786644177,0.2780800267203146,0.014461406860603994,-632392.815869687,-0.9543048117209842,0.15009526777513463,5
0.7188876494708696,0.10316351733822793,0.7467136430793982,0.30121640710829056,-322432.33848715323,-0.7699312503171986,0.14576351517183103,5
0.08300161243437126,0.09127818653728884,0.9098716596102089,0.0596658868124722,-250464.84348828808,-0.8739715316283502,0.14741081478236848,5
0.1663679873434678,0.15015434786644177,0.4729130022384551,0.01599186773410044,-72371.4485201075,-0.9711103295806695,0.15929460551083874,5
0.6964691855978616,0.0572278669900759,0.2268514535642031,0.2756573845414456,-361844.77567381895,-0.8808918386004714,0.16767205294182172,5
0.6030601284109274,0.10901360129329299,0.3427638337743084,0.15206039451359205,-461343.1479872472,-0.9130754699118614,0.17179992289736798,5
0.8544524875245048,0.07696756225515222,0.31678789711837974,0.17713233779583926,-279437.8318449698,-0.8989336230452243,0.15564434159914184,5
0.6006985678335899,0.17317289166065294,0.9835216092035556,0.03968289518900786,-207628.27733812286,-0.9505067256356833,0.15131350610039676,5
0.4382143843772247,0.1530192190478613,0.5656420012258828,0.0424520815959088,-268787.65233234316,-0.9415892872301245,0.1550928728932549,5
0.6030723001201854,0.17378070979074509,0.3427638337743084,0.15129095265459092,-294136.99660832644,-0.8552010338875474,0.16363040574957696,5
0.7188876494708696,0.17195113518147703,0.7244553248606352,0.30121640710829056,-436942.43259324,-0.8257275586244218,0.15710694989600252,5
0.41066685621357724,0.11460788386421189,0.43078798678817903,0.039574480369102605,-304994.13752197486,-0.9263981611960855,0.16868575881752088,5
0.14066562693916107,0.06459178277063564,0.5038018461280834,0.11570188671012618,-250607.48095584975,-0.9149698722726652,0.15098874972266876,5
0.47544009769021434,0.15887295877979682,0.7418621518420373,0.05555544751116799,-174990.02961312732,-0.9278859121221084,0.15065829189583912,5
0.15112745234808023,0.0944770804718705,0.4776749402850482,0.17172800702416247,-416170.771002175,-0.8363620927479097,0.15546289645653266,5
0.17108182920509907,0.1658225269003781,0.3386708459143266,0.27618503764703656,-299937.5462982222,-0.767170602449466,0.15496988605960174,5
0.4308627633296438,0.09873701953006125,0.425830290295828,0.15613061148623264,-119100.48542618753,-0.8388276421609686,0.150553842723663,5
0.45741199752361195,0.1507051981596229,0.7418621518420373,0.024289516422134394,-196003.60379820134,-0.9405444421349239,0.15321566915693324,5
0.8593890756806114,0.1643008226401116,0.9098716596102089,0.06431559875469,-149190.147952251,-0.9464829239969988,0.15391859904169414,5
0.7224433825702216,0.06459178277063564,0.3617886556223141,0.11413161543947781,-254377.2549502156,-0.8992373912623352,0.1714941550758398,5
0.29371404638882936,0.12619522477089756,0.09210493994507518,0.21685058633976412,-284842.6313660775,-0.8474410481556992,0.17104586474931452,5
0.15112745234808023,0.07977525854523132,0.24085589772362448,0.17172800702416247,-210971.39075215042,-0.9060511022237051,0.15807724983116506,5
0.8069686841371791,0.07887401079055496,0.7310730358445571,0.08053450721460742,-198827.11828512253,-0.908387719174517,0.15682851420049645,5
0.7507170003431679,0.1148127650299929,0.7516439887929184,0.039574480369102605,-242829.30675763055,-0.8871222981977976,0.16810026585482374,5
0.8286916343195081,0.07696756225515222,0.316494860771997,0.17713233779583926,-204288.45389448412,-0.8727795155419042,0.15334275229861147,5
0.5581122658431764,0.16158764189672203,0.7075940249593489,0.08091991405181388,-200837.58517437658,-0.9021501984450745,0.15704179461502907,5
0.5826710878614046,0.16296874057868194,0.33706638344761,0.46378828978769476,-156183.4818373086,-0.7474150969897849,0.15256837575370188,5
0.31876642638187636,0.13839405910636393,0.5543832497177721,0.1944752870615723,-282923.0880416395,-0.8339998438744236,0.15839821334561643,5
0.48093190148436094,0.0784235036388301,0.3431780161508694,0.3645248536920208,-333485.26593921037,-0.6556420550366074,0.161655631711115,5
0.18249173045349998,0.03509035122949851,0.5315513738418384,0.26591379354843303,-292023.31757214904,-0.7748127900396224,0.16381457798060697,5
0.5622183787309056,0.024448709926501014,0.20139950138137086,0.40582217414201077,-319654.4560144175,-0.7070199047922799,0.16554556866088485,5
0.9319321480766781,0.11643509182917403,0.20609572744527416,0.3588787811397788,-383180.45756718615,-0.7155282379777987,0.16849636980423657,5
0.4679875740567494,0.16158764189672203,0.007426378544613033,0.27579636299120275,-388668.820603635,-0.8162592797223228,0.18476087471308833,5
0.42845351599745685,0.10006093317243503,0.425830290295828,0.29728448943743746,-293267.6257893367,-0.7962590892773712,0.16496264274344621,5
0.31876642638187636,0.13839405910636393,0.5543832497177721,0.2799992343146495,-301474.40196025645,-0.7286633395002243,0.1577007332710809,5
0.6272489720512687,0.14468327163799097,0.01612920669501683,0.29721593972252125,-269216.9908044759,-0.8004846893930825,0.18013688245637718,5
0.1663679873434678,0.0830470701869622,0.4740337454569172,0.3559633845594897,-324629.4516879393,-0.6468390429870724,0.16508338140745613,5
0.032197934937924,0.1489561310283532,0.4729130022384551,0.060877177736526844,-11692.070050541026,-0.9389698307690723,0.15712183508409294,5
0.7992343686318862,0.16158764189672203,0.7075940249593489,0.08091991405181388,-149328.03003115623,-0.9284941168612025,0.1536396739813786,5
0.6693137829622723,0.11718731051244258,0.6249035020955999,0.3373445254939124,-285649.60881686705,-0.7251059924473718,0.15912077675140923,5
0.49730623575492094,0.10778990176656346,0.1161877154618946,0.3714835108666465,-214385.28917376258,-0.8437308649744097,0.17024276087392753,5
0.5131281541990022,0.13332491003281433,0.10590848505681383,0.06544747533204037,-86697.53380168896,-0.9344891350840427,0.1700997260373606,5
0.006165286156269795,0.1489561310283532,0.4729130022384551,0.09049359911737526,-206728.04402377977,-0.9050716541641601,0.16859754203386915,5
0.45741199752361195,0.14891862435948797,0.6655102506800248,0.024289516422134394,-180831.78436773006,-0.9613715659349858,0.1646914565810128,6
0.6006863961243318,0.10840567919909008,0.9835216092035556,0.04045267269122858,-131771.71055617454,-0.971112931647515,0.15269572684284893,6
0.6034198141774563,0.12387808567686273,0.9978629280534611,0.03286095824145574,-245627.40770839583,-0.9565207066128721,0.16109528251002728,6
0.7709128868276094,0.09894190069584224,0.7466862904930331,0.15613061148623264,-174880.96489118214,-0.8926316237303303,0.14930314400471853,6
0.6349822788660147,0.1496629104498984,0.9769881917310432,0.010609247056042381,-29471.241786991304,-0.9880779351341396,0.15435535517047014,6
0.2865366167291019,0.05312591646227311,0.665261465349683,0.024430154870088858,-156016.41754557786,-0.9583056287136072,0.16211788342573144,6
0.7444803369586996,0.15015434786644177,0.2780800267203146,0.014461406860603994,-632392.815869687,-0.9543048117209842,0.15009526777513463,6
0.7188876494708696,0.10316351733822793,0.7467136430793982,0.30121640710829056,-322432.33848715323,-0.7699312503171986,0.14576351517183103,6
0.08300161243437126,0.09127818653728884,0.9098716596102089,0.0596658868124722,-250464.84348828808,-0.8739715316283502,0.14741081478236848,6
0.1663679873434678,0.09380330855592844,0.4729130022384551,0.01599186773410044,-102374.83432356968,-0.9752411666882962,0.16071648598893143,6
0.1663679873434678,0.15015434786644177,0.4729130022384551,0.01599186773410044,-72371.4485201075,-0.9711103295806695,0.15929460551083874,6
0.6964691855978616,0.0572278669900759,0.2268514535642031,0.2756573845414456,-361844.77567381895,-0.8808918386004714,0.16767205294182172,6
0.6030601284109274,0.10901360129329299,0.3427638337743084,0.15206039451359205,-461343.1479872472,-0.9130754699118614,0.17179992289736798,6
0.6006985678335899,0.17317289166065294,0.9835216092035556,0.03968289518900786,-207628.27733812286,-0.9505067256356833,0.15131350610039676,6
0.4382143843772247,0.1530192190478613,0.5656420012258828,0.0424520815959088,-268787.65233234316,-0.9415892872301245,0.1550928728932549,6
0.7188876494708696,0.17195113518147703,0.7244553248606352,0.30121640710829056,-436942.43259324,-0.8257275586244218,0.15710694989600252,6
0.41066685621357724,0.11460788386421189,0.43078798678817903,0.039574480369102605,-304994.13752197486,-0.9263981611960855,0.16868575881752088,6
0.14066562693916107,0.06459178277063564,0.5038018461280834,0.11570188671012618,-250607.48095584975,-0.9149698722726652,0.15098874972266876,6
0.47544009769021434,0.15887295877979682,0.7418621518420373,0.05555544751116799,-174990.02961312732,-0.9278859121221084,0.15065829189583912,6
0.15112745234808023,0.0944770804718705,0.4776749402850482,0.17172800702416247,-416170.771002175,-0.8363620927479097,0.15546289645653266,6
0.13864117267838227,0.16812130281371568,0.665261465349683,0.024430154870088858,-260957.53522450934,-0.9512562406696167,0.16511418751508666,6
0.08300161243437126,0.14762922573818033,0.9098716596102089,0.0596658868124722,-297678.8778047849,-0.9046241663145428,0.15022199473365208,6
0.7188876494708696,0.10316351733822793,0.7450891341153626,0.04050419523433407,-195359.63855786168,-0.9519958772656639,0.15515465960133756,6
0.17108182920509907,0.1658225269003781,0.3386708459143266,0.27618503764703656,-299937.5462982222,-0.767170602449466,0.15496988605960174,6
0.6030601284109274,0.10901360129329299,0.3474615586016194,0.15206039451359205,-82009.97568528255,-0.8710772837799782,0.14857763856997042,6
0.9251324896139861,0.16833399938254326,0.35739756668317624,0.021795731899520276,-74837.43576253467,-0.9730684414766276,0.16435625728813802,6
0.45741199752361195,0.1507051981596229,0.7418621518420373,0.024289516422134394,-196003.60379820134,-0.9405444421349239,0.15321566915693324,6
0.8593890756806114,0.1643008226401116,0.9098716596102089,0.06431559875469,-149190.147952251,-0.9464829239969988,0.15391859904169414,6
0.15112745234808023,0.07977525854523132,0.24085589772362448,0.17172800702416247,-210971.39075215042,-0.9060511022237051,0.15807724983116506,6
0.8069686841371791,0.07887401079055496,0.7310730358445571,0.08053450721460742,-198827.11828512253,-0.908387719174517,0.15682851420049645,6
0.48093190148436094,0.0784235036388301,0.3431780161508694,0.3645248536920208,-333485.26593921037,-0.6556420550366074,0.161655631711115,6
0.5622183787309056,0.024448709926501014,0.20139950138137086,0.40582217414201077,-319654.4560144175,-0.7070199047922799,0.16554556866088485,6
0.9319321480766781,0.11643509182917403,0.20609572744527416,0.3588787811397788,-383180.45756718615,-0.7155282379777987,0.16849636980423657,6
0.4679875740567494,0.16158764189672203,0.007426378544613033,0.27579636299120275,-388668.820603635,-0.8162592797223228,0.18476087471308833,6
0.31876642638187636,0.13839405910636393,0.5543832497177721,0.2799992343146495,-301474.40196025645,-0.7286633395002243,0.1577007332710809,6
0.9251324896139861,0.053725149055657694,0.35739756668317624,0.021795731899520276,-204180.10421214032,-0.9276482329993497,0.1688800952483822,6
0.8544524875245048,0.07696756225515222,0.31678789711837974,0.17713233779583926,-279437.8318449698,-0.8989336230452243,0.15564434159914184,6
0.6030723001201854,0.17378070979074509,0.3427638337743084,0.15129095265459092,-294136.99660832644,-0.8552010338875474,0.16363040574957696,6
0.4308627633296438,0.09873701953006125,0.425830290295828,0.15613061148623264,-119100.48542618753,-0.8388276421609686,0.150553842723663,6
0.7224433825702216,0.06459178277063564,0.3617886556223141,0.11413161543947781,-254377.2549502156,-0.8992373912623352,0.1714941550758398,6
0.8286916343195081,0.07696756225515222,0.316494860771997,0.17713233779583926,-204288.45389448412,-0.8727795155419042,0.15334275229861147,6
0.5581122658431764,0.16158764189672203,0.7075940249593489,0.08091991405181388,-200837.58517437658,-0.9021501984450745,0.15704179461502907,6
0.5826710878614046,0.16296874057868194,0.33706638344761,0.46378828978769476,-156183.4818373086,-0.7474150969897849,0.15256837575370188,6
0.31876642638187636,0.13839405910636393,0.5543832497177721,0.1944752870615723,-282923.0880416395,-0.8339998438744236,0.15839821334561643,6
0.7992343686318862,0.16158764189672203,0.7075940249593489,0.08091991405181388,-149328.03003115623,-0.9284941168612025,0.1536396739813786,6
0.29371404638882936,0.12619522477089756,0.09210493994507518,0.21685058633976412,-284842.6313660775,-0.8474410481556992,0.17104586474931452,6
0.032197934937924,0.1489561310283532,0.4729130022384551,0.060877177736526844,-11692.070050541026,-0.9389698307690723,0.15712183508409294,6
0.1663679873434678,0.0830470701869622,0.4740337454569172,0.3559633845594897,-324629.4516879393,-0.6468390429870724,0.16508338140745613,6
0.6693137829622723,0.11718731051244258,0.6249035020955999,0.3373445254939124,-285649.60881686705,-0.7251059924473718,0.15912077675140923,6
0.7507170003431679,0.1148127650299929,0.7516439887929184,0.039574480369102605,-242829.30675763055,-0.8871222981977976,0.16810026585482374,6
0.6034198141774563,0.12387808567686273,0.9978629280534611,0.03286095824145574,-245627.40770839583,-0.9565207066128721,0.16109528251002728,7
0.6349822788660147,0.1496629104498984,0.9769881917310432,0.010609247056042381,-29471.241786991304,-0.9880779351341396,0.15435535517047014,7
0.7444803369586996,0.15015434786644177,0.2780800267203146,0.014461406860603994,-632392.815869687,-0.9543048117209842,0.15009526777513463,7
0.7188876494708696,0.10316351733822793,0.7467136430793982,0.30121640710829056,-322432.33848715323,-0.7699312503171986,0.14576351517183103,7
0.08300161243437126,0.09127818653728884,0.9098716596102089,0.0596658868124722,-250464.84348828808,-0.8739715316283502,0.14741081478236848,7
0.167350526223088,0.15015434786644177,0.4729130022384551,0.015949974127897996,-166258.7846861095,-0.980093005320653,0.14583897587465003,7
0.04973031358013037,0.02490622124222107,0.46763810816574125,0.02457566466470539,-298860.5651763501,-0.9809470562100836,0.17114444609372306,7
0.6340011015260731,0.1496629104498984,0.9769881917310432,0.0030784253011841237,-193625.44039365035,-0.9854494338941846,0.1597027595672977,7
0.2690974936231182,0.16215304952970547,0.6705363594219576,0.0607316686382349,-309545.64119927166,-0.9400766325421176,0.1474686989849897,7
0.6964691855978616,0.0572278669900759,0.2268514535642031,0.2756573845414456,-361844.77567381895,-0.8808918386004714,0.16767205294182172,7
0.6030601284109274,0.10901360129329299,0.3427638337743084,0.15206039451359205,-461343.1479872472,-0.9130754699118614,0.17179992289736798,7
0.6006985678335899,0.17317289166065294,0.9835216092035556,0.03968289518900786,-207628.27733812286,-0.9505067256356833,0.15131350610039676,7
0.4382143843772247,0.1530192190478613,0.5656420012258828,0.0424520815959088,-268787.65233234316,-0.9415892872301245,0.1550928728932549,7
0.7188876494708696,0.17195113518147703,0.7244553248606352,0.30121640710829056,-436942.43259324,-0.8257275586244218,0.15710694989600252,7
0.15112745234808023,0.0944770804718705,0.4776749402850482,0.17172800702416247,-416170.771002175,-0.8363620927479097,0.15546289645653266,7
0.13864117267838227,0.16812130281371568,0.665261465349683,0.024430154870088858,-260957.53522450934,-0.9512562406696167,0.16511418751508666,7
0.7188876494708696,0.10316351733822793,0.7450891341153626,0.04050419523433407,-195359.63855786168,-0.9519958772656639,0.15515465960133756,7
0.6006863961243318,0.10840567919909008,0.9835216092035556,0.04045267269122858,-131771.71055617454,-0.971112931647515,0.15269572684284893,7
0.45741199752361195,0.14891862435948797,0.6655102506800248,0.024289516422134394,-180831.78436773006,-0.9613715659349858,0.1646914565810128,7
0.2865366167291019,0.05312591646227311,0.665261465349683,0.024430154870088858,-156016.41754557786,-0.9583056287136072,0.16211788342573144,7
0.1663679873434678,0.09380330855592844,0.4729130022384551,0.01599186773410044,-102374.83432356968,-0.9752411666882962,0.16071648598893143,7
0.7709128868276094,0.09894190069584224,0.7466862904930331,0.15613061148623264,-174880.96489118214,-0.8926316237303303,0.14930314400471853,7
0.41066685621357724,0.11460788386421189,0.43078798678817903,0.039574480369102605,-304994.13752197486,-0.9263981611960855,0.16868575881752088,7
0.14066562693916107,0.06459178277063564,0.5038018461280834,0.11570188671012618,-250607.48095584975,-0.9149698722726652,0.15098874972266876,7
0.47544009769021434,0.15887295877979682,0.7418621518420373,0.05555544751116799,-174990.02961312732,-0.9278859121221084,0.15065829189583912,7
0.08300161243437126,0.14762922573818033,0.9098716596102089,0.0596658868124722,-297678.8778047849,-0.9046241663145428,0.15022199473365208,7
0.17108182920509907,0.1658225269003781,0.3386708459143266,0.27618503764703656,-299937.5462982222,-0.767170602449466,0.15496988605960174,7
0.6030601284109274,0.10901360129329299,0.3474615586016194,0.15206039451359205,-82009.97568528255,-0.8710772837799782,0.14857763856997042,7
0.45741199752361195,0.1507051981596229,0.7418621518420373,0.024289516422134394,-196003.60379820134,-0.9405444421349239,0.15321566915693324,7
0.8593890756806114,0.1643008226401116,0.9098716596102089,0.06431559875469,-149190.147952251,-0.9464829239969988,0.15391859904169414,7
0.48093190148436094,0.0784235036388301,0.3431780161508694,0.3645248536920208,-333485.26593921037,-0.6556420550366074,0.161655631711115,7
0.4679875740567494,0.16158764189672203,0.007426378544613033,0.27579636299120275,-388668.820603635,-0.8162592797223228,0.18476087471308833,7
0.31876642638187636,0.13839405910636393,0.5543832497177721,0.2799992343146495,-301474.40196025645,-0.7286633395002243,0.1577007332710809,7
0.29371404638882936,0.13403766249250385,0.8379911693088203,0.21695420602443627,-387817.2791001976,-0.8345035122826152,0.16312465591416594,7
0.9251324896139861,0.053725149055657694,0.35739756668317624,0.021795731899520276,-204180.10421214032,-0.9276482329993497,0.1688800952483822,7
0.1663679873434678,0.15015434786644177,0.4729130022384551,0.01599186773410044,-72371.4485201075,-0.9711103295806695,0.15929460551083874,7
0.08300161243437126,0.08343574881387643,0.23058145859443563,0.059562571873915504,-129352.35981315454,-0.9530575616384472,0.16661744824008837,7
0.9251324896139861,0.16833399938254326,0.35739756668317624,0.021795731899520276,-74837.43576253467,-0.9730684414766276,0.16435625728813802,7
0.15112745234808023,0.07977525854523132,0.24085589772362448,0.17172800702416247,-210971.39075215042,-0.9060511022237051,0.15807724983116506,7
0.8069686841371791,0.07887401079055496,0.7310730358445571,0.08053450721460742,-198827.11828512253,-0.908387719174517,0.15682851420049645,7
0.8544524875245048,0.07696756225515222,0.31678789711837974,0.17713233779583926,-279437.8318449698,-0.8989336230452243,0.15564434159914184,7
0.6030723001201854,0.17378070979074509,0.3427638337743084,0.15129095265459092,-294136.99660832644,-0.8552010338875474,0.16363040574957696,7
0.4308627633296438,0.09873701953006125,0.425830290295828,0.15613061148623264,-119100.48542618753,-0.8388276421609686,0.150553842723663,7
0.7224433825702216,0.06459178277063564,0.3617886556223141,0.11413161543947781,-254377.2549502156,-0.8992373912623352,0.1714941550758398,7
0.8286916343195081,0.07696756225515222,0.316494860771997,0.17713233779583926,-204288.45389448412,-0.8727795155419042,0.15334275229861147,7
0.5581122658431764,0.16158764189672203,0.7075940249593489,0.08091991405181388,-200837.58517437658,-0.9021501984450745,0.15704179461502907,7
0.5826710878614046,0.16296874057868194,0.33706638344761,0.46378828978769476,-156183.4818373086,-0.7474150969897849,0.15256837575370188,7
0.31876642638187636,0.13839405910636393,0.5543832497177721,0.1944752870615723,-282923.0880416395,-0.8339998438744236,0.15839821334561643,7
0.16696416668156114,0.16442901146978744,0.34315911751616224,0.27271744397396425,-206964.83046082177,-0.8048061559924959,0.15533310301483413,7
0.9319321480766781,0.11643509182917403,0.20609572744527416,0.3588787811397788,-383180.45756718615,-0.7155282379777987,0.16849636980423657,7
0.6034198141774563,0.12387808567686273,0.9978629280534611,0.03286095824145574,-245627.40770839583,-0.9565207066128721,0.16109528251002728,8
0.6349822788660147,0.1496629104498984,0.9769881917310432,0.010609247056042381,-29471.241786991304,-0.9880779351341396,0.15435535517047014,8
0.7444803369586996,0.15015434786644177,0.2780800267203146,0.014461406860603994,-632392.815869687,-0.9543048117209842,0.15009526777513463,8
0.7188876494708696,0.10316351733822793,0.7467136430793982,0.30121640710829056,-322432.33848715323,-0.7699312503171986,0.14576351517183103,8
0.08300161243437126,0.09127818653728884,0.9098716596102089,0.0596658868124722,-250464.84348828808,-0.8739715316283502,0.14741081478236848,8
0.167350526223088,0.15015434786644177,0.4729130022384551,0.015949974127897996,-166258.7846861095,-0.980093005320653,0.14583897587465003,8
0.04973031358013037,0.02490622124222107,0.46763810816574125,0.02457566466470539,-298860.5651763501,-0.9809470562100836,0.17114444609372306,8
0.6340011015260731,0.1496629104498984,0.9769881917310432,0.0030784253011841237,-193625.44039365035,-0.9854494338941846,0.1597027595672977,8
0.2690974936231182,0.16215304952970547,0.6705363594219576,0.0607316686382349,-309545.64119927166,-0.9400766325421176,0.1474686989849897,8
0.9251324896139861,0.097119127618773,0.3575431915355193,0.001401457292589059,-253124.8009186569,-0.9840730198176048,0.16514624450870355,8
0.1663679873434678,0.14596835127218116,0.49376056937517177,0.01599186773410044,-74534.76231545642,-0.980309979544603,0.15545194326157444,8
0.6964691855978616,0.0572278669900759,0.2268514535642031,0.2756573845414456,-361844.77567381895,-0.8808918386004714,0.16767205294182172,8
0.6030601284109274,0.10901360129329299,0.3427638337743084,0.15206039451359205,-461343.1479872472,-0.9130754699118614,0.17179992289736798,8
0.6006985678335899,0.17317289166065294,0.9835216092035556,0.03968289518900786,-207628.27733812286,-0.9505067256356833,0.15131350610039676,8
0.7188876494708696,0.17195113518147703,0.7244553248606352,0.30121640710829056,-436942.43259324,-0.8257275586244218,0.15710694989600252,8
0.15112745234808023,0.0944770804718705,0.4776749402850482,0.17172800702416247,-416170.771002175,-0.8363620927479097,0.15546289645653266,8
0.09953547564650468,0.040824746391991504,0.46763810816574125,0.02457566466470539,-279600.42046038184,-0.952248491254949,0.15201252983344005,8
0.6006863961243318,0.10840567919909008,0.9835216092035556,0.04045267269122858,-131771.71055617454,-0.971112931647515,0.15269572684284893,8
0.45741199752361195,0.14891862435948797,0.6655102506800248,0.024289516422134394,-180831.78436773006,-0.9613715659349858,0.1646914565810128,8
0.2865366167291019,0.05312591646227311,0.665261465349683,0.024430154870088858,-156016.41754557786,-0.9583056287136072,0.16211788342573144,8
0.1663679873434678,0.09380330855592844,0.4729130022384551,0.01599186773410044,-102374.83432356968,-0.9752411666882962,0.16071648598893143,8
0.41066685621357724,0.11460788386421189,0.43078798678817903,0.039574480369102605,-304994.13752197486,-0.9263981611960855,0.16868575881752088,8
0.14066562693916107,0.06459178277063564,0.5038018461280834,0.11570188671012618,-250607.48095584975,-0.9149698722726652,0.15098874972266876,8
0.47544009769021434,0.15887295877979682,0.7418621518420373,0.05555544751116799,-174990.02961312732,-0.9278859121221084,0.15065829189583912,8
0.08300161243437126,0.14762922573818033,0.9098716596102089,0.0596658868124722,-297678.8778047849,-0.9046241663145428,0.15022199473365208,8
0.17108182920509907,0.1658225269003781,0.3386708459143266,0.27618503764703656,-299937.5462982222,-0.767170602449466,0.15496988605960174,8
0.10344132152273483,0.13743942958840313,0.6732361064597085,0.0596658868124722,-241025.27758396082,-0.9241449041761168,0.1477061325461111,8
0.48093190148436094,0.0784235036388301,0.3431780161508694,0.3645248536920208,-333485.26593921037,-0.6556420550366074,0.161655631711115,8
0.4679875740567494,0.16158764189672203,0.007426378544613033,0.27579636299120275,-388668.820603635,-0.8162592797223228,0.18476087471308833,8
0.31876642638187636,0.13839405910636393,0.5543832497177721,0.2799992343146495,-301474.40196025645,-0.7286633395002243,0.1577007332710809,8
0.29371404638882936,0.13403766249250385,0.8379911693088203,0.21695420602443627,-387817.2791001976,-0.8345035122826152,0.16312465591416594,8
0.4382143843772247,0.1530192190478613,0.5656420012258828,0.0424520815959088,-268787.65233234316,-0.9415892872301245,0.1550928728932549,8
0.13864117267838227,0.16812130281371568,0.665261465349683,0.024430154870088858,-260957.53522450934,-0.9512562406696167,0.16511418751508666,8
0.7188876494708696,0.10316351733822793,0.7450891341153626,0.04050419523433407,-195359.63855786168,-0.9519958772656639,0.15515465960133756,8
0.45741199752361195,0.1507051981596229,0.7418621518420373,0.024289516422134394,-196003.60379820134,-0.9405444421349239,0.15321566915693324,8
0.8593890756806114,0.1643008226401116,0.9098716596102089,0.06431559875469,-149190.147952251,-0.9464829239969988,0.15391859904169414,8
0.45741199752361195,0.09675358160350128,0.6331055015123992,0.024289516422134394,-264997.79276328656,-0.950210920077348,0.15463048225843548,8
0.1663679873434678,0.15015434786644177,0.4729130022384551,0.01599186773410044,-72371.4485201075,-0.9711103295806695,0.15929460551083874,8
0.08300161243437126,0.08343574881387643,0.23058145859443563,0.059562571873915504,-129352.35981315454,-0.9530575616384472,0.16661744824008837,8
0.9251324896139861,0.16833399938254326,0.35739756668317624,0.021795731899520276,-74837.43576253467,-0.9730684414766276,0.16435625728813802,8
0.8544524875245048,0.07696756225515222,0.31678789711837974,0.17713233779583926,-279437.8318449698,-0.8989336230452243,0.15564434159914184,8
0.6030723001201854,0.17378070979074509,0.3427638337743084,0.15129095265459092,-294136.99660832644,-0.8552010338875474,0.16363040574957696,8
0.31876642638187636,0.13839405910636393,0.5543832497177721,0.1944752870615723,-282923.0880416395,-0.8339998438744236,0.15839821334561643,8
0.5805928431676641,0.1615375509157678,0.33706638344761,0.46378828978769476,-241406.83224907983,-0.6100506222960818,0.15350362323001954,8
0.7709128868276094,0.09894190069584224,0.7466862904930331,0.15613061148623264,-174880.96489118214,-0.8926316237303303,0.14930314400471853,8
0.6030601284109274,0.10901360129329299,0.3474615586016194,0.15206039451359205,-82009.97568528255,-0.8710772837799782,0.14857763856997042,8
0.8286916343195081,0.07696756225515222,0.316494860771997,0.17713233779583926,-204288.45389448412,-0.8727795155419042,0.15334275229861147,8
0.4308627633296438,0.09873701953006125,0.425830290295828,0.15613061148623264,-119100.48542618753,-0.8388276421609686,0.150553842723663,8
0.7224433825702216,0.06459178277063564,0.3617886556223141,0.11413161543947781,-254377.2549502156,-0.8992373912623352,0.1714941550758398,8
0.2690974936231182,0.16215304952970547,0.9071714535829365,0.0607316686382349,-173824.5912685933,-0.9464760145033827,0.1583127918099276,8
0.6034198141774563,0.12387808567686273,0.9978629280534611,0.03286095824145574,-245627.40770839583,-0.9565207066128721,0.16109528251002728,9
0.7444803369586996,0.15015434786644177,0.2780800267203146,0.014461406860603994,-632392.815869687,-0.9543048117209842,0.15009526777513463,9
0.7188876494708696,0.10316351733822793,0.7467136430793982,0.30121640710829056,-322432.33848715323,-0.7699312503171986,0.14576351517183103,9
0.08300161243437126,0.09127818653728884,0.9098716596102089,0.0596658868124722,-250464.84348828808,-0.8739715316283502,0.14741081478236848,9
0.04973031358013037,0.02490622124222107,0.46763810816574125,0.02457566466470539,-298860.5651763501,-0.9809470562100836,0.17114444609372306,9
0.2690974936231182,0.16215304952970547,0.6705363594219576,0.0607316686382349,-309545.64119927166,-0.9400766325421176,0.1474686989849897,9
0.9251324896139861,0.097119127618773,0.3575431915355193,0.001401457292589059,-253124.8009186569,-0.9840730198176048,0.16514624450870355,9
0.1663679873434678,0.15015434786644177,0.4729130022384551,0.005360393131698726,-221089.97596510276,-0.9893878921076364,0.14423740640519267,9
0.6030601284109274,0.10901360129329299,0.3427638337743084,0.15206039451359205,-461343.1479872472,-0.9130754699118614,0.17179992289736798,9
0.7188876494708696,0.17195113518147703,0.7244553248606352,0.30121640710829056,-436942.43259324,-0.8257275586244218,0.15710694989600252,9
0.15112745234808023,0.0944770804718705,0.4776749402850482,0.17172800702416247,-416170.771002175,-0.8363620927479097,0.15546289645653266,9
0.09953547564650468,0.040824746391991504,0.46763810816574125,0.02457566466470539,-279600.42046038184,-0.952248491254949,0.15201252983344005,9
0.09856574344783126,0.09127818653728884,0.8653549534331375,0.0596658868124722,-357603.2261628025,-0.9165547982509509,0.15756520578555283,9
0.7188876494708696,0.10142978262853222,0.7467136430793982,0.30121640710829056,-374107.17536325095,-0.8826058340676916,0.1524895068198829,9
0.41066685621357724,0.11460788386421189,0.43078798678817903,0.039574480369102605,-304994.13752197486,-0.9263981611960855,0.16868575881752088,9
0.14066562693916107,0.06459178277063564,0.5038018461280834,0.11570188671012618,-250607.48095584975,-0.9149698722726652,0.15098874972266876,9
0.08300161243437126,0.14762922573818033,0.9098716596102089,0.0596658868124722,-297678.8778047849,-0.9046241663145428,0.15022199473365208,9
0.10344132152273483,0.13743942958840313,0.6732361064597085,0.0596658868124722,-241025.27758396082,-0.9241449041761168,0.1477061325461111,9
0.6349822788660147,0.1496629104498984,0.9769881917310432,0.010609247056042381,-29471.241786991304,-0.9880779351341396,0.15435535517047014,9
0.167350526223088,0.15015434786644177,0.4729130022384551,0.015949974127897996,-166258.7846861095,-0.980093005320653,0.14583897587465003,9
0.1663679873434678,0.14596835127218116,0.49376056937517177,0.01599186773410044,-74534.76231545642,-0.980309979544603,0.15545194326157444,9
0.6006985678335899,0.17317289166065294,0.9835216092035556,0.03968289518900786,-207628.27733812286,-0.9505067256356833,0.15131350610039676,9
0.47544009769021434,0.15887295877979682,0.7418621518420373,0.05555544751116799,-174990.02961312732,-0.9278859121221084,0.15065829189583912,9
0.26878466743924856,0.16166544097976399,0.9072164751787756,0.0030784253011841237,-220240.13525463475,-0.9872460476723507,0.15934029917539763,9
0.4679875740567494,0.16158764189672203,0.007426378544613033,0.27579636299120275,-388668.820603635,-0.8162592797223228,0.18476087471308833,9
0.29371404638882936,0.13403766249250385,0.8379911693088203,0.21695420602443627,-387817.2791001976,-0.8345035122826152,0.16312465591416594,9
0.4382143843772247,0.1530192190478613,0.5656420012258828,0.0424520815959088,-268787.65233234316,-0.9415892872301245,0.1550928728932549,9
0.13864117267838227,0.16812130281371568,0.665261465349683,0.024430154870088858,-260957.53522450934,-0.9512562406696167,0.16511418751508666,9
0.7188876494708696,0.10316351733822793,0.7450891341153626,0.04050419523433407,-195359.63855786168,-0.9519958772656639,0.15515465960133756,9
0.45741199752361195,0.09675358160350128,0.6331055015123992,0.024289516422134394,-264997.79276328656,-0.950210920077348,0.15463048225843548,9
0.6964691855978616,0.0572278669900759,0.2268514535642031,0.2756573845414456,-361844.77567381895,-0.8808918386004714,0.16767205294182172,9
0.17108182920509907,0.1658225269003781,0.3386708459143266,0.27618503764703656,-299937.5462982222,-0.767170602449466,0.15496988605960174,9
0.48093190148436094,0.0784235036388301,0.3431780161508694,0.3645248536920208,-333485.26593921037,-0.6556420550366074,0.161655631711115,9
0.31876642638187636,0.13839405910636393,0.5543832497177721,0.2799992343146495,-301474.40196025645,-0.7286633395002243,0.1577007332710809,9
0.2690974936231182,0.16215304952970547,0.6697213307072861,0.0607316686382349,-273035.6817230277,-0.9198402572493022,0.1711433089250817,9
0.8544524875245048,0.07696756225515222,0.31678789711837974,0.17713233779583926,-279437.8318449698,-0.8989336230452243,0.15564434159914184,9
0.6030723001201854,0.17378070979074509,0.3427638337743084,0.15129095265459092,-294136.99660832644,-0.8552010338875474,0.16363040574957696,9
0.31876642638187636,0.13839405910636393,0.5543832497177721,0.1944752870615723,-282923.0880416395,-0.8339998438744236,0.15839821334561643,9
0.5805928431676641,0.1615375509157678,0.33706638344761,0.46378828978769476,-241406.83224907983,-0.6100506222960818,0.15350362323001954,9
0.17108182920509907,0.09747890907371627,0.3335418328577842,0.2855874740103506,-290162.1577535354,-0.78381480285499,0.15979458934932816,9
0.7709128868276094,0.09894190069584224,0.7466862904930331,0.15613061148623264,-174880.96489118214,-0.8926316237303303,0.14930314400471853,9
0.6006863961243318,0.10840567919909008,0.9835216092035556,0.04045267269122858,-131771.71055617454,-0.971112931647515,0.15269572684284893,9
0.6030601284109274,0.10901360129329299,0.3474615586016194,0.15206039451359205,-82009.97568528255,-0.8710772837799782,0.14857763856997042,9
0.45741199752361195,0.1507051981596229,0.7418621518420373,0.024289516422134394,-196003.60379820134,-0.9405444421349239,0.15321566915693324,9
0.8593890756806114,0.1643008226401116,0.9098716596102089,0.06431559875469,-149190.147952251,-0.9464829239969988,0.15391859904169414,9
0.8286916343195081,0.07696756225515222,0.316494860771997,0.17713233779583926,-204288.45389448412,-0.8727795155419042,0.15334275229861147,9
0.6340011015260731,0.1496629104498984,0.9769881917310432,0.0030784253011841237,-193625.44039365035,-0.9854494338941846,0.1597027595672977,9
0.261040530767494,0.16214690309801846,0.46191269680193586,0.01599186773410044,-121506.91567887447,-0.9857488179180449,0.1615819467152671,9
0.1663679873434678,0.09380330855592844,0.4729130022384551,0.01599186773410044,-102374.83432356968,-0.9752411666882962,0.16071648598893143,9
0.31876642638187636,0.11538096776291897,0.49275926550888827,0.2737812478783785,-213737.89210617714,-0.8247781021050707,0.16527073532129594,9
0.7444803369586996,0.15015434786644177,0.2780800267203146,0.014461406860603994,-632392.815869687,-0.9543048117209842,0.15009526777513463,10
0.7188876494708696,0.10316351733822793,0.7467136430793982,0.30121640710829056,-322432.33848715323,-0.7699312503171986,0.14576351517183103,10
0.04973031358013037,0.02490622124222107,0.46763810816574125,0.02457566466470539,-298860.5651763501,-0.9809470562100836,0.17114444609372306,10
0.2690974936231182,0.16215304952970547,0.6705363594219576,0.0607316686382349,-309545.64119927166,-0.9400766325421176,0.1474686989849897,10
0.9251324896139861,0.097119127618773,0.3575431915355193,0.001401457292589059,-253124.8009186569,-0.9840730198176048,0.16514624450870355,10
0.1663679873434678,0.15015434786644177,0.4729130022384551,0.005360393131698726,-221089.97596510276,-0.9893878921076364,0.14423740640519267,10
0.6973884012210998,0.10352911181414097,0.46600109688235725,0.026721275900081387,-270975.551367398,-0.9577943260880227,0.1396836006618035,10
0.1663679873434678,0.12392181405873678,0.4617892814206824,0.01599186773410044,-304485.57772532006,-0.9694993429088722,0.16532253931375088,10
0.0836631403002451,0.16214690309801846,0.9177035843541824,0.01599186773410044,-243560.70654276153,-0.9773861857994492,0.15848739601880776,10
0.6030601284109274,0.10901360129329299,0.3427638337743084,0.15206039451359205,-461343.1479872472,-0.9130754699118614,0.17179992289736798,10
0.7188876494708696,0.17195113518147703,0.7244553248606352,0.30121640710829056,-436942.43259324,-0.8257275586244218,0.15710694989600252,10
0.15112745234808023,0.0944770804718705,0.4776749402850482,0.17172800702416247,-416170.771002175,-0.8363620927479097,0.15546289645653266,10
0.09953547564650468,0.040824746391991504,0.46763810816574125,0.02457566466470539,-279600.42046038184,-0.952248491254949,0.15201252983344005,10
0.09856574344783126,0.09127818653728884,0.8653549534331375,0.0596658868124722,-357603.2261628025,-0.9165547982509509,0.15756520578555283,10
0.7188876494708696,0.10142978262853222,0.7467136430793982,0.30121640710829056,-374107.17536325095,-0.8826058340676916,0.1524895068198829,10
0.17566997932423373,0.08333273927853768,0.8653549534331375,0.0596658868124722,-340450.16601341084,-0.9332480939150116,0.16123470025413525,10
0.08300161243437126,0.14762922573818033,0.9098716596102089,0.0596658868124722,-297678.8778047849,-0.9046241663145428,0.15022199473365208,10
0.6349822788660147,0.1496629104498984,0.9769881917310432,0.010609247056042381,-29471.241786991304,-0.9880779351341396,0.15435535517047014,10
0.167350526223088,0.15015434786644177,0.4729130022384551,0.015949974127897996,-166258.7846861095,-0.980093005320653,0.14583897587465003,10
0.26878466743924856,0.16166544097976399,0.9072164751787756,0.0030784253011841237,-220240.13525463475,-0.9872460476723507,0.15934029917539763,10
0.06387856225385868,0.15015434786644177,0.5604426870579998,0.005360393131698726,-204619.9181545557,-0.98668265570755,0.14675384726518845,10
0.6034198141774563,0.12387808567686273,0.9978629280534611,0.03286095824145574,-245627.40770839583,-0.9565207066128721,0.16109528251002728,10
0.08300161243437126,0.09127818653728884,0.9098716596102089,0.0596658868124722,-250464.84348828808,-0.8739715316283502,0.14741081478236848,10
0.14066562693916107,0.06459178277063564,0.5038018461280834,0.11570188671012618,-250607.48095584975,-0.9149698722726652,0.15098874972266876,10
0.10344132152273483,0.13743942958840313,0.6732361064597085,0.0596658868124722,-241025.27758396082,-0.9241449041761168,0.1477061325461111,10
0.6006985678335899,0.17317289166065294,0.9835216092035556,0.03968289518900786,-207628.27733812286,-0.9505067256356833,0.15131350610039676,10
0.261040530767494,0.16214690309801846,0.46191269680193586,0.01599186773410044,-121506.91567887447,-0.9857488179180449,0.1615819467152671,10
0.4679875740567494,0.16158764189672203,0.007426378544613033,0.27579636299120275,-388668.820603635,-0.8162592797223228,0.18476087471308833,10
0.48093190148436094,0.0784235036388301,0.3431780161508694,0.3645248536920208,-333485.26593921037,-0.6556420550366074,0.161655631711115,10
0.6030601284109274,0.10901360129329299,0.3474615586016194,0.15206039451359205,-82009.97568528255,-0.8710772837799782,0.14857763856997042,10
0.1663679873434678,0.14596835127218116,0.49376056937517177,0.01599186773410044,-74534.76231545642,-0.980309979544603,0.15545194326157444,10
0.41066685621357724,0.11460788386421189,0.43078798678817903,0.039574480369102605,-304994.13752197486,-0.9263981611960855,0.16868575881752088,10
0.31876642638187636,0.13839405910636393,0.5543832497177721,0.2799992343146495,-301474.40196025645,-0.7286633395002243,0.1577007332710809,10
0.6964691855978616,0.0572278669900759,0.2268514535642031,0.2756573845414456,-361844.77567381895,-0.8808918386004714,0.16767205294182172,10
0.13864117267838227,0.16812130281371568,0.665261465349683,0.024430154870088858,-260957.53522450934,-0.9512562406696167,0.16511418751508666,10
0.8286916343195081,0.07696756225515222,0.316494860771997,0.17713233779583926,-204288.45389448412,-0.8727795155419042,0.15334275229861147,10
0.6006863961243318,0.10840567919909008,0.9835216092035556,0.04045267269122858,-131771.71055617454,-0.971112931647515,0.15269572684284893,10
0.17108182920509907,0.09747890907371627,0.3335418328577842,0.2855874740103506,-290162.1577535354,-0.78381480285499,0.15979458934932816,10
0.8544524875245048,0.07696756225515222,0.31678789711837974,0.17713233779583926,-279437.8318449698,-0.8989336230452243,0.15564434159914184,10
0.29371404638882936,0.13403766249250385,0.8379911693088203,0.21695420602443627,-387817.2791001976,-0.8345035122826152,0.16312465591416594,10
0.17108182920509907,0.1658225269003781,0.3386708459143266,0.27618503764703656,-299937.5462982222,-0.767170602449466,0.15496988605960174,10
0.8593890756806114,0.1643008226401116,0.9098716596102089,0.06431559875469,-149190.147952251,-0.9464829239969988,0.15391859904169414,10
0.6030723001201854,0.17378070979074509,0.3427638337743084,0.15129095265459092,-294136.99660832644,-0.8552010338875474,0.16363040574957696,10
0.7709128868276094,0.09894190069584224,0.7466862904930331,0.15613061148623264,-174880.96489118214,-0.8926316237303303,0.14930314400471853,10
0.47544009769021434,0.15887295877979682,0.7418621518420373,0.05555544751116799,-174990.02961312732,-0.9278859121221084,0.15065829189583912,10
0.6027069712799944,0.10142978262853222,0.7467136430793982,0.14910935751715887,-283413.4912091704,-0.822301387146885,0.15091820614403398,10
0.6340011015260731,0.1496629104498984,0.9769881917310432,0.0030784253011841237,-193625.44039365035,-0.9854494338941846,0.1597027595672977,10
0.31876642638187636,0.13839405910636393,0.5543832497177721,0.1944752870615723,-282923.0880416395,-0.8339998438744236,0.15839821334561643,10
0.45741199752361195,0.1507051981596229,0.7418621518420373,0.024289516422134394,-196003.60379820134,-0.9405444421349239,0.15321566915693324,10
0.7188876494708696,0.10316351733822793,0.7450891341153626,0.04050419523433407,-195359.63855786168,-0.9519958772656639,0.15515465960133756,10
0.7444803369586996,0.15015434786644177,0.2780800267203146,0.014461406860603994,-632392.815869687,-0.9543048117209842,0.15009526777513463,11
0.7188876494708696,0.10316351733822793,0.7467136430793982,0.30121640710829056,-322432.33848715323,-0.7699312503171986,0.14576351517183103,11
0.04973031358013037,0.02490622124222107,0.46763810816574125,0.02457566466470539,-298860.5651763501,-0.9809470562100836,0.17114444609372306,11
0.2690974936231182,0.16215304952970547,0.6705363594219576,0.0607316686382349,-309545.64119927166,-0.9400766325421176,0.1474686989849897,11
0.9251324896139861,0.097119127618773,0.3575431915355193,0.001401457292589059,-253124.8009186569,-0.9840730198176048,0.16514624450870355,11
0.1663679873434678,0.15015434786644177,0.4729130022384551,0.005360393131698726,-221089.97596510276,-0.9893878921076364,0.14423740640519267,11
0.6973884012210998,0.10352911181414097,0.46600109688235725,0.026721275900081387,-270975.551367398,-0.9577943260880227,0.1396836006618035,11
0.1663679873434678,0.12392181405873678,0.4617892814206824,0.01599186773410044,-304485.57772532006,-0.9694993429088722,0.16532253931375088,11
0.0836631403002451,0.16214690309801846,0.9177035843541824,0.01599186773410044,-243560.70654276153,-0.9773861857994492,0.15848739601880776,11
0.6030601284109274,0.10901360129329299,0.3427638337743084,0.15206039451359205,-461343.1479872472,-0.9130754699118614,0.17179992289736798,11
0.7188876494708696,0.17195113518147703,0.7244553248606352,0.30121640710829056,-436942.43259324,-0.8257275586244218,0.15710694989600252,11
0.15112745234808023,0.0944770804718705,0.4776749402850482,0.17172800702416247,-416170.771002175,-0.8363620927479097,0.15546289645653266,11
0.09953547564650468,0.040824746391991504,0.46763810816574125,0.02457566466470539,-279600.42046038184,-0.952248491254949,0.15201252983344005,11
0.09856574344783126,0.09127818653728884,0.8653549534331375,0.0596658868124722,-357603.2261628025,-0.9165547982509509,0.15756520578555283,11
0.7188876494708696,0.10142978262853222,0.7467136430793982,0.30121640710829056,-374107.17536325095,-0.8826058340676916,0.1524895068198829,11
0.17566997932423373,0.08333273927853768,0.8653549534331375,0.0596658868124722,-340450.16601341084,-0.9332480939150116,0.16123470025413525,11
0.11438796309320398,0.16683533008286394,0.48065426427210556,0.015949974127897996,-409274.3342297825,-0.940531871312329,0.16757107892728904,11
0.08300161243437126,0.14762922573818033,0.9098716596102089,0.0596658868124722,-297678.8778047849,-0.9046241663145428,0.15022199473365208,11
0.6349822788660147,0.1496629104498984,0.9769881917310432,0.010609247056042381,-29471.241786991304,-0.9880779351341396,0.15435535517047014,11
0.167350526223088,0.15015434786644177,0.4729130022384551,0.015949974127897996,-166258.7846861095,-0.980093005320653,0.14583897587465003,11
0.26878466743924856,0.16166544097976399,0.9072164751787756,0.0030784253011841237,-220240.13525463475,-0.9872460476723507,0.15934029917539763,11
0.06387856225385868,0.15015434786644177,0.5604426870579998,0.005360393131698726,-204619.9181545557,-0.98668265570755,0.14675384726518845,11
0.6034198141774563,0.12387808567686273,0.9978629280534611,0.03286095824145574,-245627.40770839583,-0.9565207066128721,0.16109528251002728,11
0.08300161243437126,0.09127818653728884,0.9098716596102089,0.0596658868124722,-250464.84348828808,-0.8739715316283502,0.14741081478236848,11
0.14066562693916107,0.06459178277063564,0.5038018461280834,0.11570188671012618,-250607.48095584975,-0.9149698722726652,0.15098874972266876,11
0.10344132152273483,0.13743942958840313,0.6732361064597085,0.0596658868124722,-241025.27758396082,-0.9241449041761168,0.1477061325461111,11
0.6006985678335899,0.17317289166065294,0.9835216092035556,0.03968289518900786,-207628.27733812286,-0.9505067256356833,0.15131350610039676,11
0.1663679873434678,0.14596835127218116,0.49376056937517177,0.01599186773410044,-74534.76231545642,-0.980309979544603,0.15545194326157444,11
0.261040530767494,0.16214690309801846,0.46191269680193586,0.01599186773410044,-121506.91567887447,-0.9857488179180449,0.1615819467152671,11
0.6030601284109274,0.10901360129329299,0.3474615586016194,0.15206039451359205,-82009.97568528255,-0.8710772837799782,0.14857763856997042,11
0.4679875740567494,0.16158764189672203,0.007426378544613033,0.27579636299120275,-388668.820603635,-0.8162592797223228,0.18476087471308833,11
0.48093190148436094,0.0784235036388301,0.3431780161508694,0.3645248536920208,-333485.26593921037,-0.6556420550366074,0.161655631711115,11
0.41066685621357724,0.11460788386421189,0.43078798678817903,0.039574480369102605,-304994.13752197486,-0.9263981611960855,0.16868575881752088,11
0.31876642638187636,0.13839405910636393,0.5543832497177721,0.2799992343146495,-301474.40196025645,-0.7286633395002243,0.1577007332710809,11
0.13864117267838227,0.16812130281371568,0.665261465349683,0.024430154870088858,-260957.53522450934,-0.9512562406696167,0.16511418751508666,11
0.6964691855978616,0.0572278669900759,0.2268514535642031,0.2756573845414456,-361844.77567381895,-0.8808918386004714,0.16767205294182172,11
0.8286916343195081,0.07696756225515222,0.316494860771997,0.17713233779583926,-204288.45389448412,-0.8727795155419042,0.15334275229861147,11
0.6006863961243318,0.10840567919909008,0.9835216092035556,0.04045267269122858,-131771.71055617454,-0.971112931647515,0.15269572684284893,11
0.17108182920509907,0.09747890907371627,0.3335418328577842,0.2855874740103506,-290162.1577535354,-0.78381480285499,0.15979458934932816,11
0.8544524875245048,0.07696756225515222,0.31678789711837974,0.17713233779583926,-279437.8318449698,-0.8989336230452243,0.15564434159914184,11
0.17108182920509907,0.1658225269003781,0.3386708459143266,0.27618503764703656,-299937.5462982222,-0.767170602449466,0.15496988605960174,11
0.8593890756806114,0.1643008226401116,0.9098716596102089,0.06431559875469,-149190.147952251,-0.9464829239969988,0.15391859904169414,11
0.29371404638882936,0.13403766249250385,0.8379911693088203,0.21695420602443627,-387817.2791001976,-0.8345035122826152,0.16312465591416594,11
0.6030723001201854,0.17378070979074509,0.3427638337743084,0.15129095265459092,-294136.99660832644,-0.8552010338875474,0.16363040574957696,11
0.7709128868276094,0.09894190069584224,0.7466862904930331,0.15613061148623264,-174880.96489118214,-0.8926316237303303,0.14930314400471853,11
0.47544009769021434,0.15887295877979682,0.7418621518420373,0.05555544751116799,-174990.02961312732,-0.9278859121221084,0.15065829189583912,11
0.6027069712799944,0.10142978262853222,0.7467136430793982,0.14910935751715887,-283413.4912091704,-0.822301387146885,0.15091820614403398,11
0.6340011015260731,0.1496629104498984,0.9769881917310432,0.0030784253011841237,-193625.44039365035,-0.9854494338941846,0.1597027595672977,11
0.31876642638187636,0.13839405910636393,0.5543832497177721,0.1944752870615723,-282923.0880416395,-0.8339998438744236,0.15839821334561643,11
0.45741199752361195,0.1507051981596229,0.7418621518420373,0.024289516422134394,-196003.60379820134,-0.9405444421349239,0.15321566915693324,11
0.7444803369586996,0.15015434786644177,0.2780800267203146,0.014461406860603994,-632392.815869687,-0.9543048117209842,0.15009526777513463,12
0.7188876494708696,0.10316351733822793,0.7467136430793982,0.30121640710829056,-322432.33848715323,-0.7699312503171986,0.14576351517183103,12
0.04973031358013037,0.02490622124222107,0.46763810816574125,0.02457566466470539,-298860.5651763501,-0.9809470562100836,0.17114444609372306,12
0.2690974936231182,0.16215304952970547,0.6705363594219576,0.0607316686382349,-309545.64119927166,-0.9400766325421176,0.1474686989849897,12
0.9251324896139861,0.097119127618773,0.3575431915355193,0.001401457292589059,-253124.8009186569,-0.9840730198176048,0.16514624450870355,12
0.1663679873434678,0.15015434786644177,0.4729130022384551,0.005360393131698726,-221089.97596510276,-0.9893878921076364,0.14423740640519267,12
0.6973884012210998,0.10352911181414097,0.46600109688235725,0.026721275900081387,-270975.551367398,-0.9577943260880227,0.1396836006618035,12
0.1663679873434678,0.12392181405873678,0.4617892814206824,0.01599186773410044,-304485.57772532006,-0.9694993429088722,0.16532253931375088,12
0.0836631403002451,0.16214690309801846,0.9177035843541824,0.01599186773410044,-243560.70654276153,-0.9773861857994492,0.15848739601880776,12
0.261040530767494,0.16214690309801846,0.572489526465459,0.0012970338540505,-152709.27504005271,-0.9904670328618349,0.17049603078338757,12
0.08929546932397922,0.10901360129329299,0.33438684657329754,0.01976526130480158,-265936.0931593766,-0.9661147446123821,0.15890410548695577,12
0.906364492829546,0.13784585948835784,0.49376056937517177,0.01599186773410044,-261197.51444942338,-0.9798415723307512,0.16016736188084169,12
0.6030601284109274,0.10901360129329299,0.3427638337743084,0.15206039451359205,-461343.1479872472,-0.9130754699118614,0.17179992289736798,12
0.7188876494708696,0.17195113518147703,0.7244553248606352,0.30121640710829056,-436942.43259324,-0.8257275586244218,0.15710694989600252,12
0.15112745234808023,0.0944770804718705,0.4776749402850482,0.17172800702416247,-416170.771002175,-0.8363620927479097,0.15546289645653266,12
0.09953547564650468,0.040824746391991504,0.46763810816574125,0.02457566466470539,-279600.42046038184,-0.952248491254949,0.15201252983344005,12
0.09856574344783126,0.09127818653728884,0.8653549534331375,0.0596658868124722,-357603.2261628025,-0.9165547982509509,0.15756520578555283,12
0.7188876494708696,0.10142978262853222,0.7467136430793982,0.30121640710829056,-374107.17536325095,-0.8826058340676916,0.1524895068198829,12
0.17566997932423373,0.08333273927853768,0.8653549534331375,0.0596658868124722,-340450.16601341084,-0.9332480939150116,0.16123470025413525,12
0.11438796309320398,0.16683533008286394,0.48065426427210556,0.015949974127897996,-409274.3342297825,-0.940531871312329,0.16757107892728904,12
0.08300161243437126,0.14762922573818033,0.9098716596102089,0.0596658868124722,-297678.8778047849,-0.9046241663145428,0.15022199473365208,12
0.6349822788660147,0.1496629104498984,0.9769881917310432,0.010609247056042381,-29471.241786991304,-0.9880779351341396,0.15435535517047014,12
0.167350526223088,0.15015434786644177,0.4729130022384551,0.015949974127897996,-166258.7846861095,-0.980093005320653,0.14583897587465003,12
0.26878466743924856,0.16166544097976399,0.9072164751787756,0.0030784253011841237,-220240.13525463475,-0.9872460476723507,0.15934029917539763,12
0.06387856225385868,0.15015434786644177,0.5604426870579998,0.005360393131698726,-204619.9181545557,-0.98668265570755,0.14675384726518845,12
0.08300161243437126,0.09127818653728884,0.9098716596102089,0.0596658868124722,-250464.84348828808,-0.8739715316283502,0.14741081478236848,12
0.14066562693916107,0.06459178277063564,0.5038018461280834,0.11570188671012618,-250607.48095584975,-0.9149698722726652,0.15098874972266876,12
0.10344132152273483,0.13743942958840313,0.6732361064597085,0.0596658868124722,-241025.27758396082,-0.9241449041761168,0.1477061325461111,12
0.6006985678335899,0.17317289166065294,0.9835216092035556,0.03968289518900786,-207628.27733812286,-0.9505067256356833,0.15131350610039676,12
0.6034198141774563,0.12387808567686273,0.9978629280534611,0.03286095824145574,-245627.40770839583,-0.9565207066128721,0.16109528251002728,12
0.4679875740567494,0.16158764189672203,0.007426378544613033,0.27579636299120275,-388668.820603635,-0.8162592797223228,0.18476087471308833,12
0.1663679873434678,0.14596835127218116,0.49376056937517177,0.01599186773410044,-74534.76231545642,-0.980309979544603,0.15545194326157444,12
0.6030601284109274,0.10901360129329299,0.3474615586016194,0.15206039451359205,-82009.97568528255,-0.8710772837799782,0.14857763856997042,12
0.261040530767494,0.16214690309801846,0.46191269680193586,0.01599186773410044,-121506.91567887447,-0.9857488179180449,0.1615819467152671,12
0.48093190148436094,0.0784235036388301,0.3431780161508694,0.3645248536920208,-333485.26593921037,-0.6556420550366074,0.161655631711115,12
0.41066685621357724,0.11460788386421189,0.43078798678817903,0.039574480369102605,-304994.13752197486,-0.9263981611960855,0.16868575881752088,12
0.31876642638187636,0.13839405910636393,0.5543832497177721,0.2799992343146495,-301474.40196025645,-0.7286633395002243,0.1577007332710809,12
0.6964691855978616,0.0572278669900759,0.2268514535642031,0.2756573845414456,-361844.77567381895,-0.8808918386004714,0.16767205294182172,12
0.13864117267838227,0.16812130281371568,0.665261465349683,0.024430154870088858,-260957.53522450934,-0.9512562406696167,0.16511418751508666,12
0.6006863961243318,0.10840567919909008,0.9835216092035556,0.04045267269122858,-131771.71055617454,-0.971112931647515,0.15269572684284893,12
0.17108182920509907,0.09747890907371627,0.3335418328577842,0.2855874740103506,-290162.1577535354,-0.78381480285499,0.15979458934932816,12
0.8544524875245048,0.07696756225515222,0.31678789711837974,0.17713233779583926,-279437.8318449698,-0.8989336230452243,0.15564434159914184,12
0.17108182920509907,0.1658225269003781,0.3386708459143266,0.27618503764703656,-299937.5462982222,-0.767170602449466,0.15496988605960174,12
0.8593890756806114,0.1643008226401116,0.9098716596102089,0.06431559875469,-149190.147952251,-0.9464829239969988,0.15391859904169414,12
0.29371404638882936,0.13403766249250385,0.8379911693088203,0.21695420602443627,-387817.2791001976,-0.8345035122826152,0.16312465591416594,12
0.6030723001201854,0.17378070979074509,0.3427638337743084,0.15129095265459092,-294136.99660832644,-0.8552010338875474,0.16363040574957696,12
0.7709128868276094,0.09894190069584224,0.7466862904930331,0.15613061148623264,-174880.96489118214,-0.8926316237303303,0.14930314400471853,12
0.6023991800568615,0.11018771104926744,0.34809515819479026,0.17713233779583926,-227308.0303393238,-0.8798083900210926,0.15537691459335776,12
0.5640313367517683,0.013160690409838013,0.47601509536675524,0.15693424212698764,-255637.42357290591,-0.8224256159774034,0.15533125453158586,12
0.47544009769021434,0.15887295877979682,0.7418621518420373,0.05555544751116799,-174990.02961312732,-0.9278859121221084,0.15065829189583912,12
0.7444803369586996,0.15015434786644177,0.2780800267203146,0.014461406860603994,-632392.815869687,-0.9543048117209842,0.15009526777513463,13
0.7188876494708696,0.10316351733822793,0.7467136430793982,0.30121640710829056,-322432.33848715323,-0.7699312503171986,0.14576351517183103,13
0.04973031358013037,0.02490622124222107,0.46763810816574125,0.02457566466470539,-298860.5651763501,-0.9809470562100836,0.17114444609372306,13
0.2690974936231182,0.16215304952970547,0.6705363594219576,0.0607316686382349,-309545.64119927166,-0.9400766325421176,0.1474686989849897,13
0.9251324896139861,0.097119127618773,0.3575431915355193,0.001401457292589059,-253124.8009186569,-0.9840730198176048,0.16514624450870355,13
0.1663679873434678,0.15015434786644177,0.4729130022384551,0.005360393131698726,-221089.97596510276,-0.9893878921076364,0.14423740640519267,13
0.6973884012210998,0.10352911181414097,0.46600109688235725,0.026721275900081387,-270975.551367398,-0.9577943260880227,0.1396836006618035,13
0.1663679873434678,0.12392181405873678,0.4617892814206824,0.01599186773410044,-304485.57772532006,-0.9694993429088722,0.16532253931375088,13
0.0836631403002451,0.16214690309801846,0.9177035843541824,0.01599186773410044,-243560.70654276153,-0.9773861857994492,0.15848739601880776,13
0.261040530767494,0.16214690309801846,0.572489526465459,0.0012970338540505,-152709.27504005271,-0.9904670328618349,0.17049603078338757,13
0.08929546932397922,0.10901360129329299,0.33438684657329754,0.01976526130480158,-265936.0931593766,-0.9661147446123821,0.15890410548695577,13
0.906364492829546,0.13784585948835784,0.49376056937517177,0.01599186773410044,-261197.51444942338,-0.9798415723307512,0.16016736188084169,13
0.19971965571633005,0.16214743018538041,0.6700667369635916,0.014452482134476249,-322187.8587966527,-0.9676933027139603,0.1662332083751006,13
0.7444803369586996,0.1502161118293548,0.2597557975655722,0.004423775487395316,-253646.65959260776,-0.9849107341332807,0.16834838110226216,13
0.6144607719206404,0.16667753507922686,0.9769881917310432,0.010943613627806754,-314008.51861372613,-0.9576410358498723,0.15210763154543297,13
0.796098845751912,0.15272750999135226,0.4729130022384551,0.005360393131698726,-323780.3409995719,-0.9837762338083337,0.17120650142672936,13
0.6030601284109274,0.10901360129329299,0.3427638337743084,0.15206039451359205,-461343.1479872472,-0.9130754699118614,0.17179992289736798,13
0.7188876494708696,0.17195113518147703,0.7244553248606352,0.30121640710829056,-436942.43259324,-0.8257275586244218,0.15710694989600252,13
0.15112745234808023,0.0944770804718705,0.4776749402850482,0.17172800702416247,-416170.771002175,-0.8363620927479097,0.15546289645653266,13
0.09953547564650468,0.040824746391991504,0.46763810816574125,0.02457566466470539,-279600.42046038184,-0.952248491254949,0.15201252983344005,13
0.09856574344783126,0.09127818653728884,0.8653549534331375,0.0596658868124722,-357603.2261628025,-0.9165547982509509,0.15756520578555283,13
0.7188876494708696,0.10142978262853222,0.7467136430793982,0.30121640710829056,-374107.17536325095,-0.8826058340676916,0.1524895068198829,13
0.17566997932423373,0.08333273927853768,0.8653549534331375,0.0596658868124722,-340450.16601341084,-0.9332480939150116,0.16123470025413525,13
0.11438796309320398,0.16683533008286394,0.48065426427210556,0.015949974127897996,-409274.3342297825,-0.940531871312329,0.16757107892728904,13
0.2609323317381244,0.16215252244234352,0.4623823192599016,0.11413745328246025,-384239.31594588375,-0.9424202234677682,0.1682971225226105,13
0.08300161243437126,0.14762922573818033,0.9098716596102089,0.0596658868124722,-297678.8778047849,-0.9046241663145428,0.15022199473365208,13
0.6349822788660147,0.1496629104498984,0.9769881917310432,0.010609247056042381,-29471.241786991304,-0.9880779351341396,0.15435535517047014,13
0.167350526223088,0.15015434786644177,0.4729130022384551,0.015949974127897996,-166258.7846861095,-0.980093005320653,0.14583897587465003,13
0.26878466743924856,0.16166544097976399,0.9072164751787756,0.0030784253011841237,-220240.13525463475,-0.9872460476723507,0.15934029917539763,13
0.06387856225385868,0.15015434786644177,0.5604426870579998,0.005360393131698726,-204619.9181545557,-0.98668265570755,0.14675384726518845,13
0.08300161243437126,0.09127818653728884,0.9098716596102089,0.0596658868124722,-250464.84348828808,-0.8739715316283502,0.14741081478236848,13
0.14066562693916107,0.06459178277063564,0.5038018461280834,0.11570188671012618,-250607.48095584975,-0.9149698722726652,0.15098874972266876,13
0.10344132152273483,0.13743942958840313,0.6732361064597085,0.0596658868124722,-241025.27758396082,-0.9241449041761168,0.1477061325461111,13
0.6006985678335899,0.17317289166065294,0.9835216092035556,0.03968289518900786,-207628.27733812286,-0.9505067256356833,0.15131350610039676,13
0.08867709693534248,0.04080594756961836,0.46763810816574125,0.02457566466470539,-318444.06702730065,-0.9628748610648872,0.16662904546346222,13
0.6034198141774563,0.12387808567686273,0.9978629280534611,0.03286095824145574,-245627.40770839583,-0.9565207066128721,0.16109528251002728,13
0.4679875740567494,0.16158764189672203,0.007426378544613033,0.27579636299120275,-388668.820603635,-0.8162592797223228,0.18476087471308833,13
0.1663679873434678,0.14596835127218116,0.49376056937517177,0.01599186773410044,-74534.76231545642,-0.980309979544603,0.15545194326157444,13
0.6030601284109274,0.10901360129329299,0.3474615586016194,0.15206039451359205,-82009.97568528255,-0.8710772837799782,0.14857763856997042,13
0.48093190148436094,0.0784235036388301,0.3431780161508694,0.3645248536920208,-333485.26593921037,-0.6556420550366074,0.161655631711115,13
0.261040530767494,0.16214690309801846,0.46191269680193586,0.01599186773410044,-121506.91567887447,-0.9857488179180449,0.1615819467152671,13
0.41066685621357724,0.11460788386421189,0.43078798678817903,0.039574480369102605,-304994.13752197486,-0.9263981611960855,0.16868575881752088,13
0.31876642638187636,0.13839405910636393,0.5543832497177721,0.2799992343146495,-301474.40196025645,-0.7286633395002243,0.1577007332710809,13
0.47544009769021434,0.15887295877979682,0.7418621518420373,0.05555544751116799,-174990.02961312732,-0.9278859121221084,0.15065829189583912,13
0.6964691855978616,0.0572278669900759,0.2268514535642031,0.2756573845414456,-361844.77567381895,-0.8808918386004714,0.16767205294182172,13
0.17108182920509907,0.09747890907371627,0.3335418328577842,0.2855874740103506,-290162.1577535354,-0.78381480285499,0.15979458934932816,13
0.6023991800568615,0.11018771104926744,0.34809515819479026,0.17713233779583926,-227308.0303393238,-0.8798083900210926,0.15537691459335776,13
0.8593890756806114,0.1643008226401116,0.9098716596102089,0.06431559875469,-149190.147952251,-0.9464829239969988,0.15391859904169414,13
0.6006863961243318,0.10840567919909008,0.9835216092035556,0.04045267269122858,-131771.71055617454,-0.971112931647515,0.15269572684284893,13
0.13864117267838227,0.16812130281371568,0.665261465349683,0.024430154870088858,-260957.53522450934,-0.9512562406696167,0.16511418751508666,13
0.7444803369586996,0.15015434786644177,0.2780800267203146,0.014461406860603994,-632392.815869687,-0.9543048117209842,0.15009526777513463,14
0.7188876494708696,0.10316351733822793,0.7467136430793982,0.30121640710829056,-322432.33848715323,-0.7699312503171986,0.14576351517183103,14
0.04973031358013037,0.02490622124222107,0.46763810816574125,0.02457566466470539,-298860.5651763501,-0.9809470562100836,0.17114444609372306,14
0.2690974936231182,0.16215304952970547,0.6705363594219576,0.0607316686382349,-309545.64119927166,-0.9400766325421176,0.1474686989849897,14
0.9251324896139861,0.097119127618773,0.3575431915355193,0.001401457292589059,-253124.8009186569,-0.9840730198176048,0.16514624450870355,14
0.1663679873434678,0.15015434786644177,0.4729130022384551,0.005360393131698726,-221089.97596510276,-0.9893878921076364,0.14423740640519267,14
0.6973884012210998,0.10352911181414097,0.46600109688235725,0.026721275900081387,-270975.551367398,-0.9577943260880227,0.1396836006618035,14
0.1663679873434678,0.12392181405873678,0.4617892814206824,0.01599186773410044,-304485.57772532006,-0.9694993429088722,0.16532253931375088,14
0.0836631403002451,0.16214690309801846,0.9177035843541824,0.01599186773410044,-243560.70654276153,-0.9773861857994492,0.15848739601880776,14
0.261040530767494,0.16214690309801846,0.572489526465459,0.0012970338540505,-152709.27504005271,-0.9904670328618349,0.17049603078338757,14
0.906364492829546,0.13784585948835784,0.49376056937517177,0.01599186773410044,-261197.51444942338,-0.9798415723307512,0.16016736188084169,14
0.7444803369586996,0.1502161118293548,0.2597557975655722,0.004423775487395316,-253646.65959260776,-0.9849107341332807,0.16834838110226216,14
0.6144607719206404,0.16667753507922686,0.9769881917310432,0.010943613627806754,-314008.51861372613,-0.9576410358498723,0.15210763154543297,14
0.796098845751912,0.15272750999135226,0.4729130022384551,0.005360393131698726,-323780.3409995719,-0.9837762338083337,0.17120650142672936,14
0.26161436560083084,0.16214690309801846,0.4393403670750629,0.01599186773410044,-338645.0329132318,-0.9628297611348854,0.15427853424017798,14
0.19971965571633005,0.1606238600618814,0.6700667369635916,0.014452482134476249,-530941.6749030247,-0.9690489159317801,0.15649162876249847,14
0.1663679873434678,0.15015434786644177,0.45586494844225967,0.005459437682654004,-282868.7643077775,-0.9817153058138374,0.16294359144012774,14
0.11207506853980762,0.16214690309801846,0.9177035843541824,0.01646310044132618,-289693.84962063184,-0.9754133283591436,0.1515343846764071,14
0.6973884012210998,0.10352911181414097,0.46600109688235725,0.0047806754560472675,-240691.8508201342,-0.9811015533621203,0.15183201819789802,14
0.15112745234808023,0.0944770804718705,0.4776749402850482,0.17172800702416247,-416170.771002175,-0.8363620927479097,0.15546289645653266,14
0.7188876494708696,0.10142978262853222,0.7467136430793982,0.30121640710829056,-374107.17536325095,-0.8826058340676916,0.1524895068198829,14
0.08300161243437126,0.14762922573818033,0.9098716596102089,0.0596658868124722,-297678.8778047849,-0.9046241663145428,0.15022199473365208,14
0.6349822788660147,0.1496629104498984,0.9769881917310432,0.010609247056042381,-29471.241786991304,-0.9880779351341396,0.15435535517047014,14
0.167350526223088,0.15015434786644177,0.4729130022384551,0.015949974127897996,-166258.7846861095,-0.980093005320653,0.14583897587465003,14
0.26878466743924856,0.16166544097976399,0.9072164751787756,0.0030784253011841237,-220240.13525463475,-0.9872460476723507,0.15934029917539763,14
0.06387856225385868,0.15015434786644177,0.5604426870579998,0.005360393131698726,-204619.9181545557,-0.98668265570755,0.14675384726518845,14
0.08300161243437126,0.09127818653728884,0.9098716596102089,0.0596658868124722,-250464.84348828808,-0.8739715316283502,0.14741081478236848,14
0.14066562693916107,0.06459178277063564,0.5038018461280834,0.11570188671012618,-250607.48095584975,-0.9149698722726652,0.15098874972266876,14
0.10344132152273483,0.13743942958840313,0.6732361064597085,0.0596658868124722,-241025.27758396082,-0.9241449041761168,0.1477061325461111,14
0.6006985678335899,0.17317289166065294,0.9835216092035556,0.03968289518900786,-207628.27733812286,-0.9505067256356833,0.15131350610039676,14
0.19971965571633005,0.16214743018538041,0.6700667369635916,0.014452482134476249,-322187.8587966527,-0.9676933027139603,0.1662332083751006,14
0.6030601284109274,0.10901360129329299,0.3427638337743084,0.15206039451359205,-461343.1479872472,-0.9130754699118614,0.17179992289736798,14
0.7188876494708696,0.17195113518147703,0.7244553248606352,0.30121640710829056,-436942.43259324,-0.8257275586244218,0.15710694989600252,14
0.09856574344783126,0.09127818653728884,0.8653549534331375,0.0596658868124722,-357603.2261628025,-0.9165547982509509,0.15756520578555283,14
0.17566997932423373,0.08333273927853768,0.8653549534331375,0.0596658868124722,-340450.16601341084,-0.9332480939150116,0.16123470025413525,14
0.11438796309320398,0.16683533008286394,0.48065426427210556,0.015949974127897996,-409274.3342297825,-0.940531871312329,0.16757107892728904,14
0.2609323317381244,0.16215252244234352,0.4623823192599016,0.11413745328246025,-384239.31594588375,-0.9424202234677682,0.1682971225226105,14
0.08929546932397922,0.10901360129329299,0.33438684657329754,0.01976526130480158,-265936.0931593766,-0.9661147446123821,0.15890410548695577,14
0.09953547564650468,0.040824746391991504,0.46763810816574125,0.02457566466470539,-279600.42046038184,-0.952248491254949,0.15201252983344005,14
0.1663679873434678,0.14596835127218116,0.49376056937517177,0.01599186773410044,-74534.76231545642,-0.980309979544603,0.15545194326157444,14
0.4679875740567494,0.16158764189672203,0.007426378544613033,0.27579636299120275,-388668.820603635,-0.8162592797223228,0.18476087471308833,14
0.6030601284109274,0.10901360129329299,0.3474615586016194,0.15206039451359205,-82009.97568528255,-0.8710772837799782,0.14857763856997042,14
0.261040530767494,0.16214690309801846,0.46191269680193586,0.01599186773410044,-121506.91567887447,-0.9857488179180449,0.1615819467152671,14
0.48093190148436094,0.0784235036388301,0.3431780161508694,0.3645248536920208,-333485.26593921037,-0.6556420550366074,0.161655631711115,14
0.6964691855978616,0.0572278669900759,0.2268514535642031,0.2756573845414456,-361844.77567381895,-0.8808918386004714,0.16767205294182172,14
0.5560118425328198,0.16102913182096126,0.9864458642081456,0.010844569079860762,-203440.26382121944,-0.9718692225833534,0.1497815640909647,14
0.31876642638187636,0.13839405910636393,0.5543832497177721,0.2799992343146495,-301474.40196025645,-0.7286633395002243,0.1577007332710809,14
0.13864117267838227,0.16812130281371568,0.665261465349683,0.024430154870088858,-260957.53522450934,-0.9512562406696167,0.16511418751508666,14
0.17108182920509907,0.09747890907371627,0.3335418328577842,0.2855874740103506,-290162.1577535354,-0.78381480285499,0.15979458934932816,14
0.439591419333466,0.16158764189672203,0.007426378544613033,0.27598839913713297,-276124.3214550317,-0.7541557189286282,0.15675384474544532,14
0.7444803369586996,0.15015434786644177,0.2780800267203146,0.014461406860603994,-632392.815869687,-0.9543048117209842,0.15009526777513463,15
0.7188876494708696,0.10316351733822793,0.7467136430793982,0.30121640710829056,-322432.33848715323,-0.7699312503171986,0.14576351517183103,15
0.04973031358013037,0.02490622124222107,0.46763810816574125,0.02457566466470539,-298860.5651763501,-0.9809470562100836,0.17114444609372306,15
0.2690974936231182,0.16215304952970547,0.6705363594219576,0.0607316686382349,-309545.64119927166,-0.9400766325421176,0.1474686989849897,15
0.9251324896139861,0.097119127618773,0.3575431915355193,0.001401457292589059,-253124.8009186569,-0.9840730198176048,0.16514624450870355,15
0.1663679873434678,0.15015434786644177,0.4729130022384551,0.005360393131698726,-221089.97596510276,-0.9893878921076364,0.14423740640519267,15
0.6973884012210998,0.10352911181414097,0.46600109688235725,0.026721275900081387,-270975.551367398,-0.9577943260880227,0.1396836006618035,15
0.261040530767494,0.16214690309801846,0.572489526465459,0.0012970338540505,-152709.27504005271,-0.9904670328618349,0.17049603078338757,15
0.906364492829546,0.13784585948835784,0.49376056937517177,0.01599186773410044,-261197.51444942338,-0.9798415723307512,0.16016736188084169,15
0.7444803369586996,0.1502161118293548,0.2597557975655722,0.004423775487395316,-253646.65959260776,-0.9849107341332807,0.16834838110226216,15
0.6144607719206404,0.16667753507922686,0.9769881917310432,0.010943613627806754,-314008.51861372613,-0.9576410358498723,0.15210763154543297,15
0.796098845751912,0.15272750999135226,0.4729130022384551,0.005360393131698726,-323780.3409995719,-0.9837762338083337,0.17120650142672936,15
0.26161436560083084,0.16214690309801846,0.4393403670750629,0.01599186773410044,-338645.0329132318,-0.9628297611348854,0.15427853424017798,15
0.19971965571633005,0.1606238600618814,0.6700667369635916,0.014452482134476249,-530941.6749030247,-0.9690489159317801,0.15649162876249847,15
0.1663679873434678,0.15015434786644177,0.45586494844225967,0.005459437682654004,-282868.7643077775,-0.9817153058138374,0.16294359144012774,15
0.11207506853980762,0.16214690309801846,0.9177035843541824,0.01646310044132618,-289693.84962063184,-0.9754133283591436,0.1515343846764071,15
0.6973884012210998,0.10352911181414097,0.46600109688235725,0.0047806754560472675,-240691.8508201342,-0.9811015533621203,0.15183201819789802,15
0.08918841081521227,0.15827948556534133,0.6700667369635916,0.01977715910300071,-336079.31182494276,-0.9783594450729419,0.1538522294559498,15
0.15112745234808023,0.0944770804718705,0.4776749402850482,0.17172800702416247,-416170.771002175,-0.8363620927479097,0.15546289645653266,15
0.7188876494708696,0.10142978262853222,0.7467136430793982,0.30121640710829056,-374107.17536325095,-0.8826058340676916,0.1524895068198829,15
0.7188876494708696,0.100458436589178,0.7467136430793982,0.30121640710829056,-370862.24177178746,-0.7743077198106297,0.15016593822234905,15
0.08300161243437126,0.14762922573818033,0.9098716596102089,0.0596658868124722,-297678.8778047849,-0.9046241663145428,0.15022199473365208,15
0.6349822788660147,0.1496629104498984,0.9769881917310432,0.010609247056042381,-29471.241786991304,-0.9880779351341396,0.15435535517047014,15
0.167350526223088,0.15015434786644177,0.4729130022384551,0.015949974127897996,-166258.7846861095,-0.980093005320653,0.14583897587465003,15
0.26878466743924856,0.16166544097976399,0.9072164751787756,0.0030784253011841237,-220240.13525463475,-0.9872460476723507,0.15934029917539763,15
0.06387856225385868,0.15015434786644177,0.5604426870579998,0.005360393131698726,-204619.9181545557,-0.98668265570755,0.14675384726518845,15
0.08300161243437126,0.09127818653728884,0.9098716596102089,0.0596658868124722,-250464.84348828808,-0.8739715316283502,0.14741081478236848,15
0.14066562693916107,0.06459178277063564,0.5038018461280834,0.11570188671012618,-250607.48095584975,-0.9149698722726652,0.15098874972266876,15
0.10344132152273483,0.13743942958840313,0.6732361064597085,0.0596658868124722,-241025.27758396082,-0.9241449041761168,0.1477061325461111,15
0.6006985678335899,0.17317289166065294,0.9835216092035556,0.03968289518900786,-207628.27733812286,-0.9505067256356833,0.15131350610039676,15
0.6030601284109274,0.10901360129329299,0.3427638337743084,0.15206039451359205,-461343.1479872472,-0.9130754699118614,0.17179992289736798,15
0.7188876494708696,0.17195113518147703,0.7244553248606352,0.30121640710829056,-436942.43259324,-0.8257275586244218,0.15710694989600252,15
0.09856574344783126,0.09127818653728884,0.8653549534331375,0.0596658868124722,-357603.2261628025,-0.9165547982509509,0.15756520578555283,15
0.17566997932423373,0.08333273927853768,0.8653549534331375,0.0596658868124722,-340450.16601341084,-0.9332480939150116,0.16123470025413525,15
0.11438796309320398,0.16683533008286394,0.48065426427210556,0.015949974127897996,-409274.3342297825,-0.940531871312329,0.16757107892728904,15
0.2609323317381244,0.16215252244234352,0.4623823192599016,0.11413745328246025,-384239.31594588375,-0.9424202234677682,0.1682971225226105,15
0.09953547564650468,0.040824746391991504,0.46763810816574125,0.02457566466470539,-279600.42046038184,-0.952248491254949,0.15201252983344005,15
0.1663679873434678,0.12392181405873678,0.4617892814206824,0.01599186773410044,-304485.57772532006,-0.9694993429088722,0.16532253931375088,15
0.0836631403002451,0.16214690309801846,0.9177035843541824,0.01599186773410044,-243560.70654276153,-0.9773861857994492,0.15848739601880776,15
0.19971965571633005,0.16214743018538041,0.6700667369635916,0.014452482134476249,-322187.8587966527,-0.9676933027139603,0.1662332083751006,15
0.08929546932397922,0.10901360129329299,0.33438684657329754,0.01976526130480158,-265936.0931593766,-0.9661147446123821,0.15890410548695577,15
0.7188876494708696,0.1510790787076172,0.7244553248606352,0.008870509893362605,-238891.5935363779,-0.9783593137750484,0.16236187607951302,15
0.23919770841388663,0.11135797552282783,0.33438684657329754,0.01444058433627713,-275527.58407888026,-0.9773257462156092,0.16128688988638207,15
0.261040530767494,0.16214690309801846,0.46191269680193586,0.01599186773410044,-121506.91567887447,-0.9857488179180449,0.1615819467152671,15
0.1663679873434678,0.14596835127218116,0.49376056937517177,0.01599186773410044,-74534.76231545642,-0.980309979544603,0.15545194326157444,15
0.48093190148436094,0.0784235036388301,0.3431780161508694,0.3645248536920208,-333485.26593921037,-0.6556420550366074,0.161655631711115,15
0.4679875740567494,0.16158764189672203,0.007426378544613033,0.27579636299120275,-388668.820603635,-0.8162592797223228,0.18476087471308833,15
0.6030601284109274,0.10901360129329299,0.3474615586016194,0.15206039451359205,-82009.97568528255,-0.8710772837799782,0.14857763856997042,15
0.6964691855978616,0.0572278669900759,0.2268514535642031,0.2756573845414456,-361844.77567381895,-0.8808918386004714,0.16767205294182172,15
0.13864117267838227,0.16812130281371568,0.665261465349683,0.024430154870088858,-260957.53522450934,-0.9512562406696167,0.16511418751508666,15
0.7444803369586996,0.15015434786644177,0.2780800267203146,0.014461406860603994,-632392.815869687,-0.9543048117209842,0.15009526777513463,16
0.7188876494708696,0.10316351733822793,0.7467136430793982,0.30121640710829056,-322432.33848715323,-0.7699312503171986,0.14576351517183103,16
0.04973031358013037,0.02490622124222107,0.46763810816574125,0.02457566466470539,-298860.5651763501,-0.9809470562100836,0.17114444609372306,16
0.2690974936231182,0.16215304952970547,0.6705363594219576,0.0607316686382349,-309545.64119927166,-0.9400766325421176,0.1474686989849897,16
0.9251324896139861,0.097119127618773,0.3575431915355193,0.001401457292589059,-253124.8009186569,-0.9840730198176048,0.16514624450870355,16
0.1663679873434678,0.15015434786644177,0.4729130022384551,0.005360393131698726,-221089.97596510276,-0.9893878921076364,0.14423740640519267,16
0.6973884012210998,0.10352911181414097,0.46600109688235725,0.026721275900081387,-270975.551367398,-0.9577943260880227,0.1396836006618035,16
0.261040530767494,0.16214690309801846,0.572489526465459,0.0012970338540505,-152709.27504005271,-0.9904670328618349,0.17049603078338757,16
0.906364492829546,0.13784585948835784,0.49376056937517177,0.01599186773410044,-261197.51444942338,-0.9798415723307512,0.16016736188084169,16
0.7444803369586996,0.1502161118293548,0.2597557975655722,0.004423775487395316,-253646.65959260776,-0.9849107341332807,0.16834838110226216,16
0.6144607719206404,0.16667753507922686,0.9769881917310432,0.010943613627806754,-314008.51861372613,-0.9576410358498723,0.15210763154543297,16
0.796098845751912,0.15272750999135226,0.4729130022384551,0.005360393131698726,-323780.3409995719,-0.9837762338083337,0.17120650142672936,16
0.26161436560083084,0.16214690309801846,0.4393403670750629,0.01599186773410044,-338645.0329132318,-0.9628297611348854,0.15427853424017798,16
0.19971965571633005,0.1606238600618814,0.6700667369635916,0.014452482134476249,-530941.6749030247,-0.9690489159317801,0.15649162876249847,16
0.1663679873434678,0.15015434786644177,0.45586494844225967,0.005459437682654004,-282868.7643077775,-0.9817153058138374,0.16294359144012774,16
0.11207506853980762,0.16214690309801846,0.9177035843541824,0.01646310044132618,-289693.84962063184,-0.9754133283591436,0.1515343846764071,16
0.6973884012210998,0.10352911181414097,0.46600109688235725,0.0047806754560472675,-240691.8508201342,-0.9811015533621203,0.15183201819789802,16
0.08918841081521227,0.15827948556534133,0.6700667369635916,0.01977715910300071,-336079.31182494276,-0.9783594450729419,0.1538522294559498,16
0.36925248419698553,0.16215304952970547,0.6705363594219576,0.0607316686382349,-340561.7360447959,-0.933439516753975,0.14724872660565475,16
0.15112745234808023,0.0944770804718705,0.4776749402850482,0.17172800702416247,-416170.771002175,-0.8363620927479097,0.15546289645653266,16
0.7188876494708696,0.10142978262853222,0.7467136430793982,0.30121640710829056,-374107.17536325095,-0.8826058340676916,0.1524895068198829,16
0.7188876494708696,0.100458436589178,0.7467136430793982,0.30121640710829056,-370862.24177178746,-0.7743077198106297,0.15016593822234905,16
0.6349822788660147,0.1496629104498984,0.9769881917310432,0.010609247056042381,-29471.241786991304,-0.9880779351341396,0.15435535517047014,16
0.167350526223088,0.15015434786644177,0.4729130022384551,0.015949974127897996,-166258.7846861095,-0.980093005320653,0.14583897587465003,16
0.26878466743924856,0.16166544097976399,0.9072164751787756,0.0030784253011841237,-220240.13525463475,-0.9872460476723507,0.15934029917539763,16
0.06387856225385868,0.15015434786644177,0.5604426870579998,0.005360393131698726,-204619.9181545557,-0.98668265570755,0.14675384726518845,16
0.15100258275799278,0.15272750999135226,0.4729130022384551,0.005360393131698726,-85269.97509226103,-0.9883001728422118,0.16928124938846248,16
0.6006985678335899,0.17317289166065294,0.9835216092035556,0.03968289518900786,-207628.27733812286,-0.9505067256356833,0.15131350610039676,16
0.6030601284109274,0.10901360129329299,0.3427638337743084,0.15206039451359205,-461343.1479872472,-0.9130754699118614,0.17179992289736798,16
0.7188876494708696,0.17195113518147703,0.7244553248606352,0.30121640710829056,-436942.43259324,-0.8257275586244218,0.15710694989600252,16
0.09856574344783126,0.09127818653728884,0.8653549534331375,0.0596658868124722,-357603.2261628025,-0.9165547982509509,0.15756520578555283,16
0.11438796309320398,0.16683533008286394,0.48065426427210556,0.015949974127897996,-409274.3342297825,-0.940531871312329,0.16757107892728904,16
0.2609323317381244,0.16215252244234352,0.4623823192599016,0.11413745328246025,-384239.31594588375,-0.9424202234677682,0.1682971225226105,16
0.09953547564650468,0.040824746391991504,0.46763810816574125,0.02457566466470539,-279600.42046038184,-0.952248491254949,0.15201252983344005,16
0.1663679873434678,0.12392181405873678,0.4617892814206824,0.01599186773410044,-304485.57772532006,-0.9694993429088722,0.16532253931375088,16
0.0836631403002451,0.16214690309801846,0.9177035843541824,0.01599186773410044,-243560.70654276153,-0.9773861857994492,0.15848739601880776,16
0.19971965571633005,0.16214743018538041,0.6700667369635916,0.014452482134476249,-322187.8587966527,-0.9676933027139603,0.1662332083751006,16
0.08929546932397922,0.10901360129329299,0.33438684657329754,0.01976526130480158,-265936.0931593766,-0.9661147446123821,0.15890410548695577,16
0.7188876494708696,0.1510790787076172,0.7244553248606352,0.008870509893362605,-238891.5935363779,-0.9783593137750484,0.16236187607951302,16
0.23919770841388663,0.11135797552282783,0.33438684657329754,0.01444058433627713,-275527.58407888026,-0.9773257462156092,0.16128688988638207,16
0.167350526223088,0.14750678901122902,0.4729130022384551,0.015949974127897996,-320460.98729550384,-0.971204197139976,0.1705850431036211,16
0.08300161243437126,0.14762922573818033,0.9098716596102089,0.0596658868124722,-297678.8778047849,-0.9046241663145428,0.15022199473365208,16
0.08300161243437126,0.09127818653728884,0.9098716596102089,0.0596658868124722,-250464.84348828808,-0.8739715316283502,0.14741081478236848,16
0.14066562693916107,0.06459178277063564,0.5038018461280834,0.11570188671012618,-250607.48095584975,-0.9149698722726652,0.15098874972266876,16
0.10344132152273483,0.13743942958840313,0.6732361064597085,0.0596658868124722,-241025.27758396082,-0.9241449041761168,0.1477061325461111,16
0.17566997932423373,0.08333273927853768,0.8653549534331375,0.0596658868124722,-340450.16601341084,-0.9332480939150116,0.16123470025413525,16
0.7982979177988637,0.16790506464537402,0.7255563153174502,0.30121640710829056,-355399.3537692183,-0.7995923682672207,0.15471314102492462,16
0.4679875740567494,0.16158764189672203,0.007426378544613033,0.27579636299120275,-388668.820603635,-0.8162592797223228,0.18476087471308833,16
0.6030601284109274,0.10901360129329299,0.3474615586016194,0.15206039451359205,-82009.97568528255,-0.8710772837799782,0.14857763856997042,16
0.261040530767494,0.16214690309801846,0.46191269680193586,0.01599186773410044,-121506.91567887447,-0.9857488179180449,0.1615819467152671,16
0.7444803369586996,0.15015434786644177,0.2780800267203146,0.014461406860603994,-632392.815869687,-0.9543048117209842,0.15009526777513463,17
0.7188876494708696,0.10316351733822793,0.7467136430793982,0.30121640710829056,-322432.33848715323,-0.7699312503171986,0.14576351517183103,17
0.04973031358013037,0.02490622124222107,0.46763810816574125,0.02457566466470539,-298860.5651763501,-0.9809470562100836,0.17114444609372306,17
0.2690974936231182,0.16215304952970547,0.6705363594219576,0.0607316686382349,-309545.64119927166,-0.9400766325421176,0.1474686989849897,17
0.9251324896139861,0.097119127618773,0.3575431915355193,0.001401457292589059,-253124.8009186569,-0.9840730198176048,0.16514624450870355,17
0.1663679873434678,0.15015434786644177,0.4729130022384551,0.005360393131698726,-221089.97596510276,-0.9893878921076364,0.14423740640519267,17
0.6973884012210998,0.10352911181414097,0.46600109688235725,0.026721275900081387,-270975.551367398,-0.9577943260880227,0.1396836006618035,17
0.261040530767494,0.16214690309801846,0.572489526465459,0.0012970338540505,-152709.27504005271,-0.9904670328618349,0.17049603078338757,17
0.906364492829546,0.13784585948835784,0.49376056937517177,0.01599186773410044,-261197.51444942338,-0.9798415723307512,0.16016736188084169,17
0.7444803369586996,0.1502161118293548,0.2597557975655722,0.004423775487395316,-253646.65959260776,-0.9849107341332807,0.16834838110226216,17
0.6144607719206404,0.16667753507922686,0.9769881917310432,0.010943613627806754,-314008.51861372613,-0.9576410358498723,0.15210763154543297,17
0.796098845751912,0.15272750999135226,0.4729130022384551,0.005360393131698726,-323780.3409995719,-0.9837762338083337,0.17120650142672936,17
0.26161436560083084,0.16214690309801846,0.4393403670750629,0.01599186773410044,-338645.0329132318,-0.9628297611348854,0.15427853424017798,17
0.19971965571633005,0.1606238600618814,0.6700667369635916,0.014452482134476249,-530941.6749030247,-0.9690489159317801,0.15649162876249847,17
0.1663679873434678,0.15015434786644177,0.45586494844225967,0.005459437682654004,-282868.7643077775,-0.9817153058138374,0.16294359144012774,17
0.11207506853980762,0.16214690309801846,0.9177035843541824,0.01646310044132618,-289693.84962063184,-0.9754133283591436,0.1515343846764071,17
0.08918841081521227,0.15827948556534133,0.6700667369635916,0.01977715910300071,-336079.31182494276,-0.9783594450729419,0.1538522294559498,17
0.36925248419698553,0.16215304952970547,0.6705363594219576,0.0607316686382349,-340561.7360447959,-0.933439516753975,0.14724872660565475,17
0.0544620773352244,0.13737412969983134,0.7244553248606352,0.008870509893362605,-246467.54231167064,-0.9839860717190462,0.14685772146838058,17
0.15112745234808023,0.0944770804718705,0.4776749402850482,0.17172800702416247,-416170.771002175,-0.8363620927479097,0.15546289645653266,17
0.7188876494708696,0.10142978262853222,0.7467136430793982,0.30121640710829056,-374107.17536325095,-0.8826058340676916,0.1524895068198829,17
0.7188876494708696,0.100458436589178,0.7467136430793982,0.30121640710829056,-370862.24177178746,-0.7743077198106297,0.15016593822234905,17
0.6349822788660147,0.1496629104498984,0.9769881917310432,0.010609247056042381,-29471.241786991304,-0.9880779351341396,0.15435535517047014,17
0.167350526223088,0.15015434786644177,0.4729130022384551,0.015949974127897996,-166258.7846861095,-0.980093005320653,0.14583897587465003,17
0.26878466743924856,0.16166544097976399,0.9072164751787756,0.0030784253011841237,-220240.13525463475,-0.9872460476723507,0.15934029917539763,17
0.06387856225385868,0.15015434786644177,0.5604426870579998,0.005360393131698726,-204619.9181545557,-0.98668265570755,0.14675384726518845,17
0.15100258275799278,0.15272750999135226,0.4729130022384551,0.005360393131698726,-85269.97509226103,-0.9883001728422118,0.16928124938846248,17
0.6030601284109274,0.10901360129329299,0.3427638337743084,0.15206039451359205,-461343.1479872472,-0.9130754699118614,0.17179992289736798,17
0.7188876494708696,0.17195113518147703,0.7244553248606352,0.30121640710829056,-436942.43259324,-0.8257275586244218,0.15710694989600252,17
0.09856574344783126,0.09127818653728884,0.8653549534331375,0.0596658868124722,-357603.2261628025,-0.9165547982509509,0.15756520578555283,17
0.11438796309320398,0.16683533008286394,0.48065426427210556,0.015949974127897996,-409274.3342297825,-0.940531871312329,0.16757107892728904,17
0.2609323317381244,0.16215252244234352,0.4623823192599016,0.11413745328246025,-384239.31594588375,-0.9424202234677682,0.1682971225226105,17
0.09953547564650468,0.040824746391991504,0.46763810816574125,0.02457566466470539,-279600.42046038184,-0.952248491254949,0.15201252983344005,17
0.1663679873434678,0.12392181405873678,0.4617892814206824,0.01599186773410044,-304485.57772532006,-0.9694993429088722,0.16532253931375088,17
0.19971965571633005,0.16214743018538041,0.6700667369635916,0.014452482134476249,-322187.8587966527,-0.9676933027139603,0.1662332083751006,17
0.08929546932397922,0.10901360129329299,0.33438684657329754,0.01976526130480158,-265936.0931593766,-0.9661147446123821,0.15890410548695577,17
0.23919770841388663,0.11135797552282783,0.33438684657329754,0.01444058433627713,-275527.58407888026,-0.9773257462156092,0.16128688988638207,17
0.167350526223088,0.14750678901122902,0.4729130022384551,0.015949974127897996,-320460.98729550384,-0.971204197139976,0.1705850431036211,17
0.08300161243437126,0.14762922573818033,0.9098716596102089,0.0596658868124722,-297678.8778047849,-0.9046241663145428,0.15022199473365208,17
0.08300161243437126,0.09127818653728884,0.9098716596102089,0.0596658868124722,-250464.84348828808,-0.8739715316283502,0.14741081478236848,17
0.14066562693916107,0.06459178277063564,0.5038018461280834,0.11570188671012618,-250607.48095584975,-0.9149698722726652,0.15098874972266876,17
0.17566997932423373,0.08333273927853768,0.8653549534331375,0.0596658868124722,-340450.16601341084,-0.9332480939150116,0.16123470025413525,17
0.6973884012210998,0.10352911181414097,0.46600109688235725,0.0047806754560472675,-240691.8508201342,-0.9811015533621203,0.15183201819789802,17
0.0836631403002451,0.16214690309801846,0.9177035843541824,0.01599186773410044,-243560.70654276153,-0.9773861857994492,0.15848739601880776,17
0.10344132152273483,0.13743942958840313,0.6732361064597085,0.0596658868124722,-241025.27758396082,-0.9241449041761168,0.1477061325461111,17
0.770180517796219,0.15114437859618898,0.6732361064597085,0.0596658868124722,-244385.6275666398,-0.9227341259131127,0.1496470227410241,17
0.26576373447581436,0.16715087799957565,0.9771853964295422,0.006008828499526719,-239967.4282296357,-0.9798155719692403,0.15003790452460997,17
0.261040530767494,0.16214690309801846,0.46191269680193586,0.01599186773410044,-121506.91567887447,-0.9857488179180449,0.1615819467152671,17
0.7982979177988637,0.16790506464537402,0.7255563153174502,0.30121640710829056,-355399.3537692183,-0.7995923682672207,0.15471314102492462,17
0.4679875740567494,0.16158764189672203,0.007426378544613033,0.27579636299120275,-388668.820603635,-0.8162592797223228,0.18476087471308833,17
0.7444803369586996,0.15015434786644177,0.2780800267203146,0.014461406860603994,-632392.815869687,-0.9543048117209842,0.15009526777513463,18
0.7188876494708696,0.10316351733822793,0.7467136430793982,0.30121640710829056,-322432.33848715323,-0.7699312503171986,0.14576351517183103,18
0.04973031358013037,0.02490622124222107,0.46763810816574125,0.02457566466470539,-298860.5651763501,-0.9809470562100836,0.17114444609372306,18
0.2690974936231182,0.16215304952970547,0.6705363594219576,0.0607316686382349,-309545.64119927166,-0.9400766325421176,0.1474686989849897,18
0.9251324896139861,0.097119127618773,0.3575431915355193,0.001401457292589059,-253124.8009186569,-0.9840730198176048,0.16514624450870355,18
0.1663679873434678,0.15015434786644177,0.4729130022384551,0.005360393131698726,-221089.97596510276,-0.9893878921076364,0.14423740640519267,18
0.6973884012210998,0.10352911181414097,0.46600109688235725,0.026721275900081387,-270975.551367398,-0.9577943260880227,0.1396836006618035,18
0.261040530767494,0.16214690309801846,0.572489526465459,0.0012970338540505,-152709.27504005271,-0.9904670328618349,0.17049603078338757,18
0.906364492829546,0.13784585948835784,0.49376056937517177,0.01599186773410044,-261197.51444942338,-0.9798415723307512,0.16016736188084169,18
0.7444803369586996,0.1502161118293548,0.2597557975655722,0.004423775487395316,-253646.65959260776,-0.9849107341332807,0.16834838110226216,18
0.6144607719206404,0.16667753507922686,0.9769881917310432,0.010943613627806754,-314008.51861372613,-0.9576410358498723,0.15210763154543297,18
0.796098845751912,0.15272750999135226,0.4729130022384551,0.005360393131698726,-323780.3409995719,-0.9837762338083337,0.17120650142672936,18
0.26161436560083084,0.16214690309801846,0.4393403670750629,0.01599186773410044,-338645.0329132318,-0.9628297611348854,0.15427853424017798,18
0.19971965571633005,0.1606238600618814,0.6700667369635916,0.014452482134476249,-530941.6749030247,-0.9690489159317801,0.15649162876249847,18
0.1663679873434678,0.15015434786644177,0.45586494844225967,0.005459437682654004,-282868.7643077775,-0.9817153058138374,0.16294359144012774,18
0.11207506853980762,0.16214690309801846,0.9177035843541824,0.01646310044132618,-289693.84962063184,-0.9754133283591436,0.1515343846764071,18
0.08918841081521227,0.15827948556534133,0.6700667369635916,0.01977715910300071,-336079.31182494276,-0.9783594450729419,0.1538522294559498,18
0.36925248419698553,0.16215304952970547,0.6705363594219576,0.0607316686382349,-340561.7360447959,-0.933439516753975,0.14724872660565475,18
0.0544620773352244,0.13737412969983134,0.7244553248606352,0.008870509893362605,-246467.54231167064,-0.9839860717190462,0.14685772146838058,18
0.9110387942200284,0.12408593523157692,0.49376056937517177,0.01599186773410044,-373812.3110901588,-0.976806108518435,0.15600035641953228,18
0.15112745234808023,0.0944770804718705,0.4776749402850482,0.17172800702416247,-416170.771002175,-0.8363620927479097,0.15546289645653266,18
0.7188876494708696,0.10142978262853222,0.7467136430793982,0.30121640710829056,-374107.17536325095,-0.8826058340676916,0.1524895068198829,18
0.7188876494708696,0.100458436589178,0.7467136430793982,0.30121640710829056,-370862.24177178746,-0.7743077198106297,0.15016593822234905,18
0.6349822788660147,0.1496629104498984,0.9769881917310432,0.010609247056042381,-29471.241786991304,-0.9880779351341396,0.15435535517047014,18
0.167350526223088,0.15015434786644177,0.4729130022384551,0.015949974127897996,-166258.7846861095,-0.980093005320653,0.14583897587465003,18
0.26878466743924856,0.16166544097976399,0.9072164751787756,0.0030784253011841237,-220240.13525463475,-0.9872460476723507,0.15934029917539763,18
0.06387856225385868,0.15015434786644177,0.5604426870579998,0.005360393131698726,-204619.9181545557,-0.98668265570755,0.14675384726518845,18
0.15100258275799278,0.15272750999135226,0.4729130022384551,0.005360393131698726,-85269.97509226103,-0.9883001728422118,0.16928124938846248,18
0.6030601284109274,0.10901360129329299,0.3427638337743084,0.15206039451359205,-461343.1479872472,-0.9130754699118614,0.17179992289736798,18
0.7188876494708696,0.17195113518147703,0.7244553248606352,0.30121640710829056,-436942.43259324,-0.8257275586244218,0.15710694989600252,18
0.11438796309320398,0.16683533008286394,0.48065426427210556,0.015949974127897996,-409274.3342297825,-0.940531871312329,0.16757107892728904,18
0.2609323317381244,0.16215252244234352,0.4623823192599016,0.11413745328246025,-384239.31594588375,-0.9424202234677682,0.1682971225226105,18
0.36925248419698553,0.16215304952970547,0.5980960182619552,0.05188822276805517,-479993.85960001295,-0.9101800963498582,0.16835077913037397,18
0.09953547564650468,0.040824746391991504,0.46763810816574125,0.02457566466470539,-279600.42046038184,-0.952248491254949,0.15201252983344005,18
0.23919770841388663,0.11135797552282783,0.33438684657329754,0.01444058433627713,-275527.58407888026,-0.9773257462156092,0.16128688988638207,18
0.08300161243437126,0.14762922573818033,0.9098716596102089,0.0596658868124722,-297678.8778047849,-0.9046241663145428,0.15022199473365208,18
0.08300161243437126,0.09127818653728884,0.9098716596102089,0.0596658868124722,-250464.84348828808,-0.8739715316283502,0.14741081478236848,18
0.14066562693916107,0.06459178277063564,0.5038018461280834,0.11570188671012618,-250607.48095584975,-0.9149698722726652,0.15098874972266876,18
0.6973884012210998,0.10352911181414097,0.46600109688235725,0.0047806754560472675,-240691.8508201342,-0.9811015533621203,0.15183201819789802,18
0.0836631403002451,0.16214690309801846,0.9177035843541824,0.01599186773410044,-243560.70654276153,-0.9773861857994492,0.15848739601880776,18
0.10344132152273483,0.13743942958840313,0.6732361064597085,0.0596658868124722,-241025.27758396082,-0.9241449041761168,0.1477061325461111,18
0.770180517796219,0.15114437859618898,0.6732361064597085,0.0596658868124722,-244385.6275666398,-0.9227341259131127,0.1496470227410241,18
0.26576373447581436,0.16715087799957565,0.9771853964295422,0.006008828499526719,-239967.4282296357,-0.9798155719692403,0.15003790452460997,18
0.09856574344783126,0.09127818653728884,0.8653549534331375,0.0596658868124722,-357603.2261628025,-0.9165547982509509,0.15756520578555283,18
0.1663679873434678,0.12392181405873678,0.4617892814206824,0.01599186773410044,-304485.57772532006,-0.9694993429088722,0.16532253931375088,18
0.19971965571633005,0.16214743018538041,0.6700667369635916,0.014452482134476249,-322187.8587966527,-0.9676933027139603,0.1662332083751006,18
0.08929546932397922,0.10901360129329299,0.33438684657329754,0.01976526130480158,-265936.0931593766,-0.9661147446123821,0.15890410548695577,18
0.167350526223088,0.14750678901122902,0.4729130022384551,0.015949974127897996,-320460.98729550384,-0.971204197139976,0.1705850431036211,18
0.17566997932423373,0.08333273927853768,0.8653549534331375,0.0596658868124722,-340450.16601341084,-0.9332480939150116,0.16123470025413525,18
0.6349822788660147,0.12372549427210668,0.9769881917310432,0.010271484344785281,-263551.04686187423,-0.9704423521814652,0.1562808064616905,18
0.7444803369586996,0.15015434786644177,0.2780800267203146,0.014461406860603994,-632392.815869687,-0.9543048117209842,0.15009526777513463,19
0.7188876494708696,0.10316351733822793,0.7467136430793982,0.30121640710829056,-322432.33848715323,-0.7699312503171986,0.14576351517183103,19
0.04973031358013037,0.02490622124222107,0.46763810816574125,0.02457566466470539,-298860.5651763501,-0.9809470562100836,0.17114444609372306,19
0.2690974936231182,0.16215304952970547,0.6705363594219576,0.0607316686382349,-309545.64119927166,-0.9400766325421176,0.1474686989849897,19
0.1663679873434678,0.15015434786644177,0.4729130022384551,0.005360393131698726,-221089.97596510276,-0.9893878921076364,0.14423740640519267,19
0.6973884012210998,0.10352911181414097,0.46600109688235725,0.026721275900081387,-270975.551367398,-0.9577943260880227,0.1396836006618035,19
0.261040530767494,0.16214690309801846,0.572489526465459,0.0012970338540505,-152709.27504005271,-0.9904670328618349,0.17049603078338757,19
0.6144607719206404,0.16667753507922686,0.9769881917310432,0.010943613627806754,-314008.51861372613,-0.9576410358498723,0.15210763154543297,19
0.796098845751912,0.15272750999135226,0.4729130022384551,0.005360393131698726,-323780.3409995719,-0.9837762338083337,0.17120650142672936,19
0.26161436560083084,0.16214690309801846,0.4393403670750629,0.01599186773410044,-338645.0329132318,-0.9628297611348854,0.15427853424017798,19
0.19971965571633005,0.1606238600618814,0.6700667369635916,0.014452482134476249,-530941.6749030247,-0.9690489159317801,0.15649162876249847,19
0.1663679873434678,0.15015434786644177,0.45586494844225967,0.005459437682654004,-282868.7643077775,-0.9817153058138374,0.16294359144012774,19
0.11207506853980762,0.16214690309801846,0.9177035843541824,0.01646310044132618,-289693.84962063184,-0.9754133283591436,0.1515343846764071,19
0.08918841081521227,0.15827948556534133,0.6700667369635916,0.01977715910300071,-336079.31182494276,-0.9783594450729419,0.1538522294559498,19
0.36925248419698553,0.16215304952970547,0.6705363594219576,0.0607316686382349,-340561.7360447959,-0.933439516753975,0.14724872660565475,19
0.0544620773352244,0.13737412969983134,0.7244553248606352,0.008870509893362605,-246467.54231167064,-0.9839860717190462,0.14685772146838058,19
0.9110387942200284,0.12408593523157692,0.49376056937517177,0.01599186773410044,-373812.3110901588,-0.976806108518435,0.15600035641953228,19
0.7437732427388861,0.1502161118293548,0.2597557975655722,0.004423775487395316,-366368.6750928387,-0.9864840769025344,0.1723295191706554,19
0.15112745234808023,0.0944770804718705,0.46189869412016826,0.011078524188010572,-261234.26758269765,-0.9849798509232618,0.15969246148800342,19
0.6030601284109274,0.10901360129329299,0.3427638337743084,0.15206039451359205,-461343.1479872472,-0.9130754699118614,0.17179992289736798,19
0.6349822788660147,0.1496629104498984,0.9769881917310432,0.010609247056042381,-29471.241786991304,-0.9880779351341396,0.15435535517047014,19
0.15100258275799278,0.15272750999135226,0.4729130022384551,0.005360393131698726,-85269.97509226103,-0.9883001728422118,0.16928124938846248,19
0.7188876494708696,0.100458436589178,0.7467136430793982,0.30121640710829056,-370862.24177178746,-0.7743077198106297,0.15016593822234905,19
0.36925248419698553,0.16215304952970547,0.5980960182619552,0.05188822276805517,-479993.85960001295,-0.9101800963498582,0.16835077913037397,19
0.18856300346486415,0.1606238600618814,0.49547861785473635,0.014452482134476249,-72904.68722591556,-0.9681541555871177,0.14525415818882662,19
0.7188876494708696,0.17195113518147703,0.7244553248606352,0.30121640710829056,-436942.43259324,-0.8257275586244218,0.15710694989600252,19
0.15112745234808023,0.0944770804718705,0.4776749402850482,0.17172800702416247,-416170.771002175,-0.8363620927479097,0.15546289645653266,19
0.167350526223088,0.15015434786644177,0.4729130022384551,0.015949974127897996,-166258.7846861095,-0.980093005320653,0.14583897587465003,19
0.08300161243437126,0.09127818653728884,0.9098716596102089,0.0596658868124722,-250464.84348828808,-0.8739715316283502,0.14741081478236848,19
0.7188876494708696,0.10142978262853222,0.7467136430793982,0.30121640710829056,-374107.17536325095,-0.8826058340676916,0.1524895068198829,19
0.08300161243437126,0.14762922573818033,0.9098716596102089,0.0596658868124722,-297678.8778047849,-0.9046241663145428,0.15022199473365208,19
0.23919770841388663,0.11135797552282783,0.33438684657329754,0.01444058433627713,-275527.58407888026,-0.9773257462156092,0.16128688988638207,19
0.17566997932423373,0.08333273927853768,0.8653549534331375,0.0596658868124722,-340450.16601341084,-0.9332480939150116,0.16123470025413525,19
0.11438796309320398,0.16683533008286394,0.48065426427210556,0.015949974127897996,-409274.3342297825,-0.940531871312329,0.16757107892728904,19
0.06387856225385868,0.15015434786644177,0.5604426870579998,0.005360393131698726,-204619.9181545557,-0.98668265570755,0.14675384726518845,19
0.09953547564650468,0.040824746391991504,0.46763810816574125,0.02457566466470539,-279600.42046038184,-0.952248491254949,0.15201252983344005,19
0.9251324896139861,0.097119127618773,0.3575431915355193,0.001401457292589059,-253124.8009186569,-0.9840730198176048,0.16514624450870355,19
0.167350526223088,0.14750678901122902,0.4729130022384551,0.015949974127897996,-320460.98729550384,-0.971204197139976,0.1705850431036211,19
0.2609323317381244,0.16215252244234352,0.4623823192599016,0.11413745328246025,-384239.31594588375,-0.9424202234677682,0.1682971225226105,19
0.09856574344783126,0.09127818653728884,0.8653549534331375,0.0596658868124722,-357603.2261628025,-0.9165547982509509,0.15756520578555283,19
0.10344132152273483,0.13743942958840313,0.6732361064597085,0.0596658868124722,-241025.27758396082,-0.9241449041761168,0.1477061325461111,19
0.770180517796219,0.15114437859618898,0.6732361064597085,0.0596658868124722,-244385.6275666398,-0.9227341259131127,0.1496470227410241,19
0.19971965571633005,0.16214743018538041,0.6700667369635916,0.014452482134476249,-322187.8587966527,-0.9676933027139603,0.1662332083751006,19
0.26878466743924856,0.16166544097976399,0.9072164751787756,0.0030784253011841237,-220240.13525463475,-0.9872460476723507,0.15934029917539763,19
0.08929546932397922,0.10901360129329299,0.33438684657329754,0.01976526130480158,-265936.0931593766,-0.9661147446123821,0.15890410548695577,19
0.1663679873434678,0.12392181405873678,0.4617892814206824,0.01599186773410044,-304485.57772532006,-0.9694993429088722,0.16532253931375088,19
0.906364492829546,0.13784585948835784,0.49376056937517177,0.01599186773410044,-261197.51444942338,-0.9798415723307512,0.16016736188084169,19
0.14066562693916107,0.06459178277063564,0.5038018461280834,0.11570188671012618,-250607.48095584975,-0.9149698722726652,0.15098874972266876,19
0.6349822788660147,0.12372549427210668,0.9769881917310432,0.010271484344785281,-263551.04686187423,-0.9704423521814652,0.1562808064616905,19
0.26576373447581436,0.16715087799957565,0.9771853964295422,0.006008828499526719,-239967.4282296357,-0.9798155719692403,0.15003790452460997,19
0.7444803369586996,0.15015434786644177,0.2780800267203146,0.014461406860603994,-632392.815869687,-0.9543048117209842,0.15009526777513463,20
0.7188876494708696,0.10316351733822793,0.7467136430793982,0.30121640710829056,-322432.33848715323,-0.7699312503171986,0.14576351517183103,20
0.04973031358013037,0.02490622124222107,0.46763810816574125,0.02457566466470539,-298860.5651763501,-0.9809470562100836,0.17114444609372306,20
0.2690974936231182,0.16215304952970547,0.6705363594219576,0.0607316686382349,-309545.64119927166,-0.9400766325421176,0.1474686989849897,20
0.1663679873434678,0.15015434786644177,0.4729130022384551,0.005360393131698726,-221089.97596510276,-0.9893878921076364,0.14423740640519267,20
0.6973884012210998,0.10352911181414097,0.46600109688235725,0.026721275900081387,-270975.551367398,-0.9577943260880227,0.1396836006618035,20
0.261040530767494,0.16214690309801846,0.572489526465459,0.0012970338540505,-152709.27504005271,-0.9904670328618349,0.17049603078338757,20
0.6144607719206404,0.16667753507922686,0.9769881917310432,0.010943613627806754,-314008.51861372613,-0.9576410358498723,0.15210763154543297,20
0.796098845751912,0.15272750999135226,0.4729130022384551,0.005360393131698726,-323780.3409995719,-0.9837762338083337,0.17120650142672936,20
0.26161436560083084,0.16214690309801846,0.4393403670750629,0.01599186773410044,-338645.0329132318,-0.9628297611348854,0.15427853424017798,20
0.19971965571633005,0.1606238600618814,0.6700667369635916,0.014452482134476249,-530941.6749030247,-0.9690489159317801,0.15649162876249847,20
0.1663679873434678,0.15015434786644177,0.45586494844225967,0.005459437682654004,-282868.7643077775,-0.9817153058138374,0.16294359144012774,20
0.11207506853980762,0.16214690309801846,0.9177035843541824,0.01646310044132618,-289693.84962063184,-0.9754133283591436,0.1515343846764071,20
0.08918841081521227,0.15827948556534133,0.6700667369635916,0.01977715910300071,-336079.31182494276,-0.9783594450729419,0.1538522294559498,20
0.36925248419698553,0.16215304952970547,0.6705363594219576,0.0607316686382349,-340561.7360447959,-0.933439516753975,0.14724872660565475,20
0.0544620773352244,0.13737412969983134,0.7244553248606352,0.008870509893362605,-246467.54231167064,-0.9839860717190462,0.14685772146838058,20
0.9110387942200284,0.12408593523157692,0.49376056937517177,0.01599186773410044,-373812.3110901588,-0.976806108518435,0.15600035641953228,20
0.7437732427388861,0.1502161118293548,0.2597557975655722,0.004423775487395316,-366368.6750928387,-0.9864840769025344,0.1723295191706554,20
0.15112745234808023,0.0944770804718705,0.46189869412016826,0.011078524188010572,-261234.26758269765,-0.9849798509232618,0.15969246148800342,20
0.6876649083500745,0.10316351733822793,0.7374325029812299,0.0011008523150933536,-234390.80906063868,-0.9892456550644274,0.16957913013970774,20
0.6349822788660147,0.1496629104498984,0.9769881917310432,0.010609247056042381,-29471.241786991304,-0.9880779351341396,0.15435535517047014,20
0.15100258275799278,0.15272750999135226,0.4729130022384551,0.005360393131698726,-85269.97509226103,-0.9883001728422118,0.16928124938846248,20
0.7188876494708696,0.100458436589178,0.7467136430793982,0.30121640710829056,-370862.24177178746,-0.7743077198106297,0.15016593822234905,20
0.36925248419698553,0.16215304952970547,0.5980960182619552,0.05188822276805517,-479993.85960001295,-0.9101800963498582,0.16835077913037397,20
0.18856300346486415,0.1606238600618814,0.49547861785473635,0.014452482134476249,-72904.68722591556,-0.9681541555871177,0.14525415818882662,20
0.15112745234808023,0.0944770804718705,0.46189869412016826,0.0067958573115657755,-325466.4964129234,-0.9713257481756687,0.1724734926602203,20
0.7188876494708696,0.17195113518147703,0.7244553248606352,0.30121640710829056,-436942.43259324,-0.8257275586244218,0.15710694989600252,20
0.15112745234808023,0.0944770804718705,0.4776749402850482,0.17172800702416247,-416170.771002175,-0.8363620927479097,0.15546289645653266,20
0.167350526223088,0.15015434786644177,0.4729130022384551,0.015949974127897996,-166258.7846861095,-0.980093005320653,0.14583897587465003,20
0.08300161243437126,0.09127818653728884,0.9098716596102089,0.0596658868124722,-250464.84348828808,-0.8739715316283502,0.14741081478236848,20
0.7188876494708696,0.10142978262853222,0.7467136430793982,0.30121640710829056,-374107.17536325095,-0.8826058340676916,0.1524895068198829,20
0.08300161243437126,0.14762922573818033,0.9098716596102089,0.0596658868124722,-297678.8778047849,-0.9046241663145428,0.15022199473365208,20
0.11438796309320398,0.16683533008286394,0.48065426427210556,0.015949974127897996,-409274.3342297825,-0.940531871312329,0.16757107892728904,20
0.23919770841388663,0.11135797552282783,0.33438684657329754,0.01444058433627713,-275527.58407888026,-0.9773257462156092,0.16128688988638207,20
0.06387856225385868,0.15015434786644177,0.5604426870579998,0.005360393131698726,-204619.9181545557,-0.98668265570755,0.14675384726518845,20
0.09953547564650468,0.040824746391991504,0.46763810816574125,0.02457566466470539,-279600.42046038184,-0.952248491254949,0.15201252983344005,20
0.6030601284109274,0.10901360129329299,0.3427638337743084,0.15206039451359205,-461343.1479872472,-0.9130754699118614,0.17179992289736798,20
0.14432294116342537,0.15015434786644177,0.2780800267203146,0.014461406860603994,-343353.6923786173,-0.9709171025117085,0.16493176488525194,20
0.08929546932397922,0.10901360129329299,0.33438684657329754,0.01976526130480158,-265936.0931593766,-0.9661147446123821,0.15890410548695577,20
0.09856574344783126,0.09127818653728884,0.8653549534331375,0.0596658868124722,-357603.2261628025,-0.9165547982509509,0.15756520578555283,20
0.2609323317381244,0.16215252244234352,0.4623823192599016,0.11413745328246025,-384239.31594588375,-0.9424202234677682,0.1682971225226105,20
0.167350526223088,0.14750678901122902,0.4729130022384551,0.015949974127897996,-320460.98729550384,-0.971204197139976,0.1705850431036211,20
0.9251324896139861,0.097119127618773,0.3575431915355193,0.001401457292589059,-253124.8009186569,-0.9840730198176048,0.16514624450870355,20
0.770180517796219,0.15114437859618898,0.6732361064597085,0.0596658868124722,-244385.6275666398,-0.9227341259131127,0.1496470227410241,20
0.10344132152273483,0.13743942958840313,0.6732361064597085,0.0596658868124722,-241025.27758396082,-0.9241449041761168,0.1477061325461111,20
0.17566997932423373,0.08333273927853768,0.8653549534331375,0.0596658868124722,-340450.16601341084,-0.9332480939150116,0.16123470025413525,20
0.26878466743924856,0.16166544097976399,0.9072164751787756,0.0030784253011841237,-220240.13525463475,-0.9872460476723507,0.15934029917539763,20
0.204579536421445,0.18371495945694227,0.6762767617123733,0.06491564366372016,-286878.470563829,-0.9320940239535798,0.159676977849924,20
0.14066562693916107,0.06459178277063564,0.5038018461280834,0.11570188671012618,-250607.48095584975,-0.9149698722726652,0.15098874972266876,20
0.6349822788660147,0.12372549427210668,0.9769881917310432,0.010271484344785281,-263551.04686187423,-0.9704423521814652,0.1562808064616905,20
0.7444803369586996,0.15015434786644177,0.2780800267203146,0.014461406860603994,-632392.815869687,-0.9543048117209842,0.15009526777513463,21
0.7188876494708696,0.10316351733822793,0.7467136430793982,0.30121640710829056,-322432.33848715323,-0.7699312503171986,0.14576351517183103,21
0.04973031358013037,0.02490622124222107,0.46763810816574125,0.02457566466470539,-298860.5651763501,-0.9809470562100836,0.17114444609372306,21
0.2690974936231182,0.16215304952970547,0.6705363594219576,0.0607316686382349,-309545.64119927166,-0.9400766325421176,0.1474686989849897,21
0.1663679873434678,0.15015434786644177,0.4729130022384551,0.005360393131698726,-221089.97596510276,-0.9893878921076364,0.14423740640519267,21
0.6973884012210998,0.10352911181414097,0.46600109688235725,0.026721275900081387,-270975.551367398,-0.9577943260880227,0.1396836006618035,21
0.6144607719206404,0.16667753507922686,0.9769881917310432,0.010943613627806754,-314008.51861372613,-0.9576410358498723,0.15210763154543297,21
0.796098845751912,0.15272750999135226,0.4729130022384551,0.005360393131698726,-323780.3409995719,-0.9837762338083337,0.17120650142672936,21
0.26161436560083084,0.16214690309801846,0.4393403670750629,0.01599186773410044,-338645.0329132318,-0.9628297611348854,0.15427853424017798,21
0.19971965571633005,0.1606238600618814,0.6700667369635916,0.014452482134476249,-530941.6749030247,-0.9690489159317801,0.15649162876249847,21
0.1663679873434678,0.15015434786644177,0.45586494844225967,0.005459437682654004,-282868.7643077775,-0.9817153058138374,0.16294359144012774,21
0.11207506853980762,0.16214690309801846,0.9177035843541824,0.01646310044132618,-289693.84962063184,-0.9754133283591436,0.1515343846764071,21
0.08918841081521227,0.15827948556534133,0.6700667369635916,0.01977715910300071,-336079.31182494276,-0.9783594450729419,0.1538522294559498,21
0.36925248419698553,0.16215304952970547,0.6705363594219576,0.0607316686382349,-340561.7360447959,-0.933439516753975,0.14724872660565475,21
0.0544620773352244,0.13737412969983134,0.7244553248606352,0.008870509893362605,-246467.54231167064,-0.9839860717190462,0.14685772146838058,21
0.9110387942200284,0.12408593523157692,0.49376056937517177,0.01599186773410044,-373812.3110901588,-0.976806108518435,0.15600035641953228,21
0.7437732427388861,0.1502161118293548,0.2597557975655722,0.004423775487395316,-366368.6750928387,-0.9864840769025344,0.1723295191706554,21
0.261040530767494,0.1394589004386606,0.4636555072918797,0.0012948540044648528,-272058.15586637094,-0.9933250882170371,0.15167465741246788,21
0.9543708324542193,0.16214690309801846,0.5702514420899982,0.0012970338540505,-334630.5083543206,-0.986183325608777,0.17227763548862965,21
0.7188876494708696,0.100458436589178,0.7467136430793982,0.30121640710829056,-370862.24177178746,-0.7743077198106297,0.15016593822234905,21
0.261040530767494,0.16214690309801846,0.572489526465459,0.0012970338540505,-152709.27504005271,-0.9904670328618349,0.17049603078338757,21
0.36925248419698553,0.16215304952970547,0.5980960182619552,0.05188822276805517,-479993.85960001295,-0.9101800963498582,0.16835077913037397,21
0.15112745234808023,0.0944770804718705,0.46189869412016826,0.0067958573115657755,-325466.4964129234,-0.9713257481756687,0.1724734926602203,21
0.18856300346486415,0.1606238600618814,0.49547861785473635,0.014452482134476249,-72904.68722591556,-0.9681541555871177,0.14525415818882662,21
0.6349822788660147,0.1496629104498984,0.9769881917310432,0.010609247056042381,-29471.241786991304,-0.9880779351341396,0.15435535517047014,21
0.7188876494708696,0.17195113518147703,0.7244553248606352,0.30121640710829056,-436942.43259324,-0.8257275586244218,0.15710694989600252,21
0.15112745234808023,0.0944770804718705,0.4776749402850482,0.17172800702416247,-416170.771002175,-0.8363620927479097,0.15546289645653266,21
0.14432294116342537,0.15015434786644177,0.2780800267203146,0.014461406860603994,-343353.6923786173,-0.9709171025117085,0.16493176488525194,21
0.08300161243437126,0.09127818653728884,0.9098716596102089,0.0596658868124722,-250464.84348828808,-0.8739715316283502,0.14741081478236848,21
0.7188876494708696,0.10142978262853222,0.7467136430793982,0.30121640710829056,-374107.17536325095,-0.8826058340676916,0.1524895068198829,21
0.11438796309320398,0.16683533008286394,0.48065426427210556,0.015949974127897996,-409274.3342297825,-0.940531871312329,0.16757107892728904,21
0.08300161243437126,0.14762922573818033,0.9098716596102089,0.0596658868124722,-297678.8778047849,-0.9046241663145428,0.15022199473365208,21
0.15100258275799278,0.15272750999135226,0.4729130022384551,0.005360393131698726,-85269.97509226103,-0.9883001728422118,0.16928124938846248,21
0.09953547564650468,0.040824746391991504,0.46763810816574125,0.02457566466470539,-279600.42046038184,-0.952248491254949,0.15201252983344005,21
0.167350526223088,0.15015434786644177,0.4729130022384551,0.015949974127897996,-166258.7846861095,-0.980093005320653,0.14583897587465003,21
0.23919770841388663,0.11135797552282783,0.33438684657329754,0.01444058433627713,-275527.58407888026,-0.9773257462156092,0.16128688988638207,21
0.6030601284109274,0.10901360129329299,0.3427638337743084,0.15206039451359205,-461343.1479872472,-0.9130754699118614,0.17179992289736798,21
0.06387856225385868,0.15015434786644177,0.5604426870579998,0.005360393131698726,-204619.9181545557,-0.98668265570755,0.14675384726518845,21
0.2609323317381244,0.16215252244234352,0.4623823192599016,0.11413745328246025,-384239.31594588375,-0.9424202234677682,0.1682971225226105,21
0.204579536421445,0.18371495945694227,0.6762767617123733,0.06491564366372016,-286878.470563829,-0.9320940239535798,0.159676977849924,21
0.10344132152273483,0.13743942958840313,0.6732361064597085,0.0596658868124722,-241025.27758396082,-0.9241449041761168,0.1477061325461111,21
0.17566997932423373,0.08333273927853768,0.8653549534331375,0.0596658868124722,-340450.16601341084,-0.9332480939150116,0.16123470025413525,21
0.26878466743924856,0.16166544097976399,0.9072164751787756,0.0030784253011841237,-220240.13525463475,-0.9872460476723507,0.15934029917539763,21
0.770180517796219,0.15114437859618898,0.6732361064597085,0.0596658868124722,-244385.6275666398,-0.9227341259131127,0.1496470227410241,21
0.167350526223088,0.10336240514771586,0.4729130022384551,0.0016483064747559242,-271487.5712761775,-0.9859159661862194,0.1577250849546116,21
0.6349822788660147,0.12372549427210668,0.9769881917310432,0.010271484344785281,-263551.04686187423,-0.9704423521814652,0.1562808064616905,21
0.09856574344783126,0.09127818653728884,0.8653549534331375,0.0596658868124722,-357603.2261628025,-0.9165547982509509,0.15756520578555283,21
0.167350526223088,0.14750678901122902,0.4729130022384551,0.015949974127897996,-320460.98729550384,-0.971204197139976,0.1705850431036211,21
0.14066562693916107,0.06459178277063564,0.5038018461280834,0.11570188671012618,-250607.48095584975,-0.9149698722726652,0.15098874972266876,21
0.18706246776766594,0.1392339040106565,0.6732361064597085,0.0596658868124722,-225993.1274090826,-0.9212696729601316,0.1464360818490325,21
0.7444803369586996,0.15015434786644177,0.2780800267203146,0.014461406860603994,-632392.815869687,-0.9543048117209842,0.15009526777513463,22
0.7188876494708696,0.10316351733822793,0.7467136430793982,0.30121640710829056,-322432.33848715323,-0.7699312503171986,0.14576351517183103,22
0.2690974936231182,0.16215304952970547,0.6705363594219576,0.0607316686382349,-309545.64119927166,-0.9400766325421176,0.1474686989849897,22
0.1663679873434678,0.15015434786644177,0.4729130022384551,0.005360393131698726,-221089.97596510276,-0.9893878921076364,0.14423740640519267,22
0.6973884012210998,0.10352911181414097,0.46600109688235725,0.026721275900081387,-270975.551367398,-0.9577943260880227,0.1396836006618035,22
0.6144607719206404,0.16667753507922686,0.9769881917310432,0.010943613627806754,-314008.51861372613,-0.9576410358498723,0.15210763154543297,22
0.796098845751912,0.15272750999135226,0.4729130022384551,0.005360393131698726,-323780.3409995719,-0.9837762338083337,0.17120650142672936,22
0.26161436560083084,0.16214690309801846,0.4393403670750629,0.01599186773410044,-338645.0329132318,-0.9628297611348854,0.15427853424017798,22
0.19971965571633005,0.1606238600618814,0.6700667369635916,0.014452482134476249,-530941.6749030247,-0.9690489159317801,0.15649162876249847,22
0.1663679873434678,0.15015434786644177,0.45586494844225967,0.005459437682654004,-282868.7643077775,-0.9817153058138374,0.16294359144012774,22
0.11207506853980762,0.16214690309801846,0.9177035843541824,0.01646310044132618,-289693.84962063184,-0.9754133283591436,0.1515343846764071,22
0.08918841081521227,0.15827948556534133,0.6700667369635916,0.01977715910300071,-336079.31182494276,-0.9783594450729419,0.1538522294559498,22
0.36925248419698553,0.16215304952970547,0.6705363594219576,0.0607316686382349,-340561.7360447959,-0.933439516753975,0.14724872660565475,22
0.0544620773352244,0.13737412969983134,0.7244553248606352,0.008870509893362605,-246467.54231167064,-0.9839860717190462,0.14685772146838058,22
0.9110387942200284,0.12408593523157692,0.49376056937517177,0.01599186773410044,-373812.3110901588,-0.976806108518435,0.15600035641953228,22
0.7437732427388861,0.1502161118293548,0.2597557975655722,0.004423775487395316,-366368.6750928387,-0.9864840769025344,0.1723295191706554,22
0.261040530767494,0.1394589004386606,0.4636555072918797,0.0012948540044648528,-272058.15586637094,-0.9933250882170371,0.15167465741246788,22
0.9543708324542193,0.16214690309801846,0.5702514420899982,0.0012970338540505,-334630.5083543206,-0.986183325608777,0.17227763548862965,22
0.1663679873434678,0.1966424341775314,0.45586494844225967,0.005459437682654004,-305305.7381466774,-0.9900381512205659,0.16767728495642542,22
0.36925248419698553,0.16215304952970547,0.5980960182619552,0.05188822276805517,-479993.85960001295,-0.9101800963498582,0.16835077913037397,22
0.261040530767494,0.1406868728978733,0.4636555072918797,0.0012948540044648528,-138500.11668939216,-0.9916874917334405,0.16459449888864996,22
0.6349822788660147,0.1496629104498984,0.9769881917310432,0.010609247056042381,-29471.241786991304,-0.9880779351341396,0.15435535517047014,22
0.7188876494708696,0.100458436589178,0.7467136430793982,0.30121640710829056,-370862.24177178746,-0.7743077198106297,0.15016593822234905,22
0.18856300346486415,0.1606238600618814,0.49547861785473635,0.014452482134476249,-72904.68722591556,-0.9681541555871177,0.14525415818882662,22
0.1451974646992628,0.15189838924880883,0.26708363838713745,0.0067958573115657755,-298838.16378242284,-0.9838223971155484,0.1728813837575356,22
0.7188876494708696,0.17195113518147703,0.7244553248606352,0.30121640710829056,-436942.43259324,-0.8257275586244218,0.15710694989600252,22
0.15112745234808023,0.0944770804718705,0.4776749402850482,0.17172800702416247,-416170.771002175,-0.8363620927479097,0.15546289645653266,22
0.08300161243437126,0.09127818653728884,0.9098716596102089,0.0596658868124722,-250464.84348828808,-0.8739715316283502,0.14741081478236848,22
0.7188876494708696,0.10142978262853222,0.7467136430793982,0.30121640710829056,-374107.17536325095,-0.8826058340676916,0.1524895068198829,22
0.09953547564650468,0.040824746391991504,0.46763810816574125,0.02457566466470539,-279600.42046038184,-0.952248491254949,0.15201252983344005,22
0.11438796309320398,0.16683533008286394,0.48065426427210556,0.015949974127897996,-409274.3342297825,-0.940531871312329,0.16757107892728904,22
0.08300161243437126,0.14762922573818033,0.9098716596102089,0.0596658868124722,-297678.8778047849,-0.9046241663145428,0.15022199473365208,22
0.23919770841388663,0.11135797552282783,0.33438684657329754,0.01444058433627713,-275527.58407888026,-0.9773257462156092,0.16128688988638207,22
0.167350526223088,0.15015434786644177,0.4729130022384551,0.015949974127897996,-166258.7846861095,-0.980093005320653,0.14583897587465003,22
0.17566997932423373,0.08333273927853768,0.8653549534331375,0.0596658868124722,-340450.16601341084,-0.9332480939150116,0.16123470025413525,22
0.10344132152273483,0.13743942958840313,0.6732361064597085,0.0596658868124722,-241025.27758396082,-0.9241449041761168,0.1477061325461111,22
0.6030601284109274,0.10901360129329299,0.3427638337743084,0.15206039451359205,-461343.1479872472,-0.9130754699118614,0.17179992289736798,22
0.06387856225385868,0.15015434786644177,0.5604426870579998,0.005360393131698726,-204619.9181545557,-0.98668265570755,0.14675384726518845,22
0.2609323317381244,0.16215252244234352,0.4623823192599016,0.11413745328246025,-384239.31594588375,-0.9424202234677682,0.1682971225226105,22
0.261040530767494,0.16214690309801846,0.572489526465459,0.0012970338540505,-152709.27504005271,-0.9904670328618349,0.17049603078338757,22
0.14432294116342537,0.15015434786644177,0.2780800267203146,0.014461406860603994,-343353.6923786173,-0.9709171025117085,0.16493176488525194,22
0.7454706945756565,0.17176070302498125,0.2780800267203146,0.030407703342819753,-311733.3205007643,-0.9378172203153592,0.15910999111068228,22
0.26878466743924856,0.16166544097976399,0.9072164751787756,0.0030784253011841237,-220240.13525463475,-0.9872460476723507,0.15934029917539763,22
0.770180517796219,0.15114437859618898,0.6732361064597085,0.0596658868124722,-244385.6275666398,-0.9227341259131127,0.1496470227410241,22
0.6349822788660147,0.12372549427210668,0.9769881917310432,0.010271484344785281,-263551.04686187423,-0.9704423521814652,0.1562808064616905,22
0.09856574344783126,0.09127818653728884,0.8653549534331375,0.0596658868124722,-357603.2261628025,-0.9165547982509509,0.15756520578555283,22
0.15112745234808023,0.0944770804718705,0.46189869412016826,0.0067958573115657755,-325466.4964129234,-0.9713257481756687,0.1724734926602203,22
0.14066562693916107,0.06459178277063564,0.5038018461280834,0.11570188671012618,-250607.48095584975,-0.9149698722726652,0.15098874972266876,22
0.18706246776766594,0.1392339040106565,0.6732361064597085,0.0596658868124722,-225993.1274090826,-0.9212696729601316,0.1464360818490325,22
0.167350526223088,0.10336240514771586,0.4729130022384551,0.0016483064747559242,-271487.5712761775,-0.9859159661862194,0.1577250849546116,22
0.7444803369586996,0.15015434786644177,0.2780800267203146,0.014461406860603994,-632392.815869687,-0.9543048117209842,0.15009526777513463,23
0.7188876494708696,0.10316351733822793,0.7467136430793982,0.30121640710829056,-322432.33848715323,-0.7699312503171986,0.14576351517183103,23
0.2690974936231182,0.16215304952970547,0.6705363594219576,0.0607316686382349,-309545.64119927166,-0.9400766325421176,0.1474686989849897,23
0.1663679873434678,0.15015434786644177,0.4729130022384551,0.005360393131698726,-221089.97596510276,-0.9893878921076364,0.14423740640519267,23
0.6973884012210998,0.10352911181414097,0.46600109688235725,0.026721275900081387,-270975.551367398,-0.9577943260880227,0.1396836006618035,23
0.6144607719206404,0.16667753507922686,0.9769881917310432,0.010943613627806754,-314008.51861372613,-0.9576410358498723,0.15210763154543297,23
0.796098845751912,0.15272750999135226,0.4729130022384551,0.005360393131698726,-323780.3409995719,-0.9837762338083337,0.17120650142672936,23
0.26161436560083084,0.16214690309801846,0.4393403670750629,0.01599186773410044,-338645.0329132318,-0.9628297611348854,0.15427853424017798,23
0.19971965571633005,0.1606238600618814,0.6700667369635916,0.014452482134476249,-530941.6749030247,-0.9690489159317801,0.15649162876249847,23
0.1663679873434678,0.15015434786644177,0.45586494844225967,0.005459437682654004,-282868.7643077775,-0.9817153058138374,0.16294359144012774,23
0.11207506853980762,0.16214690309801846,0.9177035843541824,0.01646310044132618,-289693.84962063184,-0.9754133283591436,0.1515343846764071,23
0.08918841081521227,0.15827948556534133,0.6700667369635916,0.01977715910300071,-336079.31182494276,-0.9783594450729419,0.1538522294559498,23
0.36925248419698553,0.16215304952970547,0.6705363594219576,0.0607316686382349,-340561.7360447959,-0.933439516753975,0.14724872660565475,23
0.0544620773352244,0.13737412969983134,0.7244553248606352,0.008870509893362605,-246467.54231167064,-0.9839860717190462,0.14685772146838058,23
0.9110387942200284,0.12408593523157692,0.49376056937517177,0.01599186773410044,-373812.3110901588,-0.976806108518435,0.15600035641953228,23
0.7437732427388861,0.1502161118293548,0.2597557975655722,0.004423775487395316,-366368.6750928387,-0.9864840769025344,0.1723295191706554,23
0.261040530767494,0.1394589004386606,0.4636555072918797,0.0012948540044648528,-272058.15586637094,-0.9933250882170371,0.15167465741246788,23
0.9543708324542193,0.16214690309801846,0.5702514420899982,0.0012970338540505,-334630.5083543206,-0.986183325608777,0.17227763548862965,23
0.1663679873434678,0.1966424341775314,0.45586494844225967,0.005459437682654004,-305305.7381466774,-0.9900381512205659,0.16767728495642542,23
0.1451974646992628,0.15189838924880883,0.26708363838713745,0.0067958573115657755,-298838.16378242284,-0.9838223971155484,0.1728813837575356,23
0.7188876494708696,0.100458436589178,0.7467136430793982,0.30121640710829056,-370862.24177178746,-0.7743077198106297,0.15016593822234905,23
0.261040530767494,0.1406868728978733,0.4636555072918797,0.0012948540044648528,-138500.11668939216,-0.9916874917334405,0.16459449888864996,23
0.36925248419698553,0.16215304952970547,0.5980960182619552,0.05188822276805517,-479993.85960001295,-0.9101800963498582,0.16835077913037397,23
0.18856300346486415,0.1606238600618814,0.49547861785473635,0.014452482134476249,-72904.68722591556,-0.9681541555871177,0.14525415818882662,23
0.6349822788660147,0.1496629104498984,0.9769881917310432,0.010609247056042381,-29471.241786991304,-0.9880779351341396,0.15435535517047014,23
0.7188876494708696,0.17195113518147703,0.7244553248606352,0.30121640710829056,-436942.43259324,-0.8257275586244218,0.15710694989600252,23
0.15112745234808023,0.0944770804718705,0.4776749402850482,0.17172800702416247,-416170.771002175,-0.8363620927479097,0.15546289645653266,23
0.08300161243437126,0.09127818653728884,0.9098716596102089,0.0596658868124722,-250464.84348828808,-0.8739715316283502,0.14741081478236848,23
0.7188876494708696,0.10142978262853222,0.7467136430793982,0.30121640710829056,-374107.17536325095,-0.8826058340676916,0.1524895068198829,23
0.7378506746989943,0.1406868728978733,0.2618884123369826,0.0012948540044648528,-176410.27667736463,-0.9886856283933424,0.16431815717254658,23
0.11438796309320398,0.16683533008286394,0.48065426427210556,0.015949974127897996,-409274.3342297825,-0.940531871312329,0.16757107892728904,23
0.09953547564650468,0.040824746391991504,0.46763810816574125,0.02457566466470539,-279600.42046038184,-0.952248491254949,0.15201252983344005,23
0.6030601284109274,0.10901360129329299,0.3427638337743084,0.15206039451359205,-461343.1479872472,-0.9130754699118614,0.17179992289736798,23
0.23919770841388663,0.11135797552282783,0.33438684657329754,0.01444058433627713,-275527.58407888026,-0.9773257462156092,0.16128688988638207,23
0.08300161243437126,0.14762922573818033,0.9098716596102089,0.0596658868124722,-297678.8778047849,-0.9046241663145428,0.15022199473365208,23
0.14432294116342537,0.15015434786644177,0.2780800267203146,0.014461406860603994,-343353.6923786173,-0.9709171025117085,0.16493176488525194,23
0.261040530767494,0.16214690309801846,0.572489526465459,0.0012970338540505,-152709.27504005271,-0.9904670328618349,0.17049603078338757,23
0.10344132152273483,0.13743942958840313,0.6732361064597085,0.0596658868124722,-241025.27758396082,-0.9241449041761168,0.1477061325461111,23
0.06387856225385868,0.15015434786644177,0.5604426870579998,0.005360393131698726,-204619.9181545557,-0.98668265570755,0.14675384726518845,23
0.17566997932423373,0.08333273927853768,0.8653549534331375,0.0596658868124722,-340450.16601341084,-0.9332480939150116,0.16123470025413525,23
0.26878466743924856,0.16166544097976399,0.9072164751787756,0.0030784253011841237,-220240.13525463475,-0.9872460476723507,0.15934029917539763,23
0.167350526223088,0.15015434786644177,0.4729130022384551,0.015949974127897996,-166258.7846861095,-0.980093005320653,0.14583897587465003,23
0.770180517796219,0.15114437859618898,0.6732361064597085,0.0596658868124722,-244385.6275666398,-0.9227341259131127,0.1496470227410241,23
0.15112745234808023,0.0944770804718705,0.46189869412016826,0.0067958573115657755,-325466.4964129234,-0.9713257481756687,0.1724734926602203,23
0.2609323317381244,0.16215252244234352,0.4623823192599016,0.11413745328246025,-384239.31594588375,-0.9424202234677682,0.1682971225226105,23
0.472316164116267,0.1618952614946272,0.5980960182619552,0.05188822276805517,-239611.06989396247,-0.9434312457695334,0.15039183635269915,23
0.14247591528078563,0.08333273927853768,0.8653549534331375,0.10478059584486676,-335941.7829213122,-0.9191061217154611,0.15901004117414755,23
0.14066562693916107,0.06459178277063564,0.5038018461280834,0.11570188671012618,-250607.48095584975,-0.9149698722726652,0.15098874972266876,23
0.09856574344783126,0.09127818653728884,0.8653549534331375,0.0596658868124722,-357603.2261628025,-0.9165547982509509,0.15756520578555283,23
0.07568312126124958,0.15015434786644177,0.2780800267203146,0.014461406860603994,-269212.7853532339,-0.9881090615524015,0.1698309034155304,23
0.7444803369586996,0.15015434786644177,0.2780800267203146,0.014461406860603994,-632392.815869687,-0.9543048117209842,0.15009526777513463,24
0.7188876494708696,0.10316351733822793,0.7467136430793982,0.30121640710829056,-322432.33848715323,-0.7699312503171986,0.14576351517183103,24
0.2690974936231182,0.16215304952970547,0.6705363594219576,0.0607316686382349,-309545.64119927166,-0.9400766325421176,0.1474686989849897,24
0.1663679873434678,0.15015434786644177,0.4729130022384551,0.005360393131698726,-221089.97596510276,-0.9893878921076364,0.14423740640519267,24
0.6973884012210998,0.10352911181414097,0.46600109688235725,0.026721275900081387,-270975.551367398,-0.9577943260880227,0.1396836006618035,24
0.6144607719206404,0.16667753507922686,0.9769881917310432,0.010943613627806754,-314008.51861372613,-0.9576410358498723,0.15210763154543297,24
0.796098845751912,0.15272750999135226,0.4729130022384551,0.005360393131698726,-323780.3409995719,-0.9837762338083337,0.17120650142672936,24
0.26161436560083084,0.16214690309801846,0.4393403670750629,0.01599186773410044,-338645.0329132318,-0.9628297611348854,0.15427853424017798,24
0.19971965571633005,0.1606238600618814,0.6700667369635916,0.014452482134476249,-530941.6749030247,-0.9690489159317801,0.15649162876249847,24
0.1663679873434678,0.15015434786644177,0.45586494844225967,0.005459437682654004,-282868.7643077775,-0.9817153058138374,0.16294359144012774,24
0.11207506853980762,0.16214690309801846,0.9177035843541824,0.01646310044132618,-289693.84962063184,-0.9754133283591436,0.1515343846764071,24
0.08918841081521227,0.15827948556534133,0.6700667369635916,0.01977715910300071,-336079.31182494276,-0.9783594450729419,0.1538522294559498,24
0.36925248419698553,0.16215304952970547,0.6705363594219576,0.0607316686382349,-340561.7360447959,-0.933439516753975,0.14724872660565475,24
0.0544620773352244,0.13737412969983134,0.7244553248606352,0.008870509893362605,-246467.54231167064,-0.9839860717190462,0.14685772146838058,24
0.9110387942200284,0.12408593523157692,0.49376056937517177,0.01599186773410044,-373812.3110901588,-0.976806108518435,0.15600035641953228,24
0.7437732427388861,0.1502161118293548,0.2597557975655722,0.004423775487395316,-366368.6750928387,-0.9864840769025344,0.1723295191706554,24
0.261040530767494,0.1394589004386606,0.4636555072918797,0.0012948540044648528,-272058.15586637094,-0.9933250882170371,0.15167465741246788,24
0.9543708324542193,0.16214690309801846,0.5702514420899982,0.0012970338540505,-334630.5083543206,-0.986183325608777,0.17227763548862965,24
0.1663679873434678,0.1966424341775314,0.45586494844225967,0.005459437682654004,-305305.7381466774,-0.9900381512205659,0.16767728495642542,24
0.18856300346486415,0.1606238600618814,0.2674835485764079,0.004304440495722966,-446495.1825290546,-0.984974147333307,0.1722647230950882,24
0.6349822788660147,0.1496629104498984,0.9769881917310432,0.010609247056042381,-29471.241786991304,-0.9880779351341396,0.15435535517047014,24
0.7188876494708696,0.100458436589178,0.7467136430793982,0.30121640710829056,-370862.24177178746,-0.7743077198106297,0.15016593822234905,24
0.18856300346486415,0.1606238600618814,0.49547861785473635,0.014452482134476249,-72904.68722591556,-0.9681541555871177,0.14525415818882662,24
0.261040530767494,0.1406868728978733,0.4636555072918797,0.0012948540044648528,-138500.11668939216,-0.9916874917334405,0.16459449888864996,24
0.36925248419698553,0.16215304952970547,0.5980960182619552,0.05188822276805517,-479993.85960001295,-0.9101800963498582,0.16835077913037397,24
0.1451974646992628,0.15189838924880883,0.26708363838713745,0.0067958573115657755,-298838.16378242284,-0.9838223971155484,0.1728813837575356,24
0.7188876494708696,0.17195113518147703,0.7244553248606352,0.30121640710829056,-436942.43259324,-0.8257275586244218,0.15710694989600252,24
0.15112745234808023,0.0944770804718705,0.4776749402850482,0.17172800702416247,-416170.771002175,-0.8363620927479097,0.15546289645653266,24
0.08300161243437126,0.09127818653728884,0.9098716596102089,0.0596658868124722,-250464.84348828808,-0.8739715316283502,0.14741081478236848,24
0.7188876494708696,0.10142978262853222,0.7467136430793982,0.30121640710829056,-374107.17536325095,-0.8826058340676916,0.1524895068198829,24
0.11438796309320398,0.16683533008286394,0.48065426427210556,0.015949974127897996,-409274.3342297825,-0.940531871312329,0.16757107892728904,24
0.09953547564650468,0.040824746391991504,0.46763810816574125,0.02457566466470539,-279600.42046038184,-0.952248491254949,0.15201252983344005,24
0.7378506746989943,0.1406868728978733,0.2618884123369826,0.0012948540044648528,-176410.27667736463,-0.9886856283933424,0.16431815717254658,24
0.1451974646992628,0.15189838924880883,0.49507870768037243,0.007016357166039277,-75150.77490437888,-0.9879503159576944,0.15870375330489958,24
0.6030601284109274,0.10901360129329299,0.3427638337743084,0.15206039451359205,-461343.1479872472,-0.9130754699118614,0.17179992289736798,24
0.08300161243437126,0.14762922573818033,0.9098716596102089,0.0596658868124722,-297678.8778047849,-0.9046241663145428,0.15022199473365208,24
0.06387856225385868,0.15015434786644177,0.5604426870579998,0.005360393131698726,-204619.9181545557,-0.98668265570755,0.14675384726518845,24
0.14432294116342537,0.15015434786644177,0.2780800267203146,0.014461406860603994,-343353.6923786173,-0.9709171025117085,0.16493176488525194,24
0.23919770841388663,0.11135797552282783,0.33438684657329754,0.01444058433627713,-275527.58407888026,-0.9773257462156092,0.16128688988638207,24
0.261040530767494,0.16214690309801846,0.572489526465459,0.0012970338540505,-152709.27504005271,-0.9904670328618349,0.17049603078338757,24
0.167350526223088,0.15015434786644177,0.4729130022384551,0.015949974127897996,-166258.7846861095,-0.980093005320653,0.14583897587465003,24
0.10344132152273483,0.13743942958840313,0.6732361064597085,0.0596658868124722,-241025.27758396082,-0.9241449041761168,0.1477061325461111,24
0.07568312126124958,0.15015434786644177,0.2780800267203146,0.014461406860603994,-269212.7853532339,-0.9881090615524015,0.1698309034155304,24
0.26878466743924856,0.16166544097976399,0.9072164751787756,0.0030784253011841237,-220240.13525463475,-0.9872460476723507,0.15934029917539763,24
0.15112745234808023,0.0944770804718705,0.46189869412016826,0.0067958573115657755,-325466.4964129234,-0.9713257481756687,0.1724734926602203,24
0.770180517796219,0.15114437859618898,0.6732361064597085,0.0596658868124722,-244385.6275666398,-0.9227341259131127,0.1496470227410241,24
0.17566997932423373,0.08333273927853768,0.8653549534331375,0.0596658868124722,-340450.16601341084,-0.9332480939150116,0.16123470025413525,24
0.2609323317381244,0.16215252244234352,0.4623823192599016,0.11413745328246025,-384239.31594588375,-0.9424202234677682,0.1682971225226105,24
0.472316164116267,0.1618952614946272,0.5980960182619552,0.05188822276805517,-239611.06989396247,-0.9434312457695334,0.15039183635269915,24
0.14066562693916107,0.06459178277063564,0.5038018461280834,0.11570188671012618,-250607.48095584975,-0.9149698722726652,0.15098874972266876,24
0.7444803369586996,0.15015434786644177,0.2780800267203146,0.014461406860603994,-632392.815869687,-0.9543048117209842,0.15009526777513463,25
0.7188876494708696,0.10316351733822793,0.7467136430793982,0.30121640710829056,-322432.33848715323,-0.7699312503171986,0.14576351517183103,25
0.2690974936231182,0.16215304952970547,0.6705363594219576,0.0607316686382349,-309545.64119927166,-0.9400766325421176,0.1474686989849897,25
0.1663679873434678,0.15015434786644177,0.4729130022384551,0.005360393131698726,-221089.97596510276,-0.9893878921076364,0.14423740640519267,25
0.6973884012210998,0.10352911181414097,0.46600109688235725,0.026721275900081387,-270975.551367398,-0.9577943260880227,0.1396836006618035,25
0.6144607719206404,0.16667753507922686,0.9769881917310432,0.010943613627806754,-314008.51861372613,-0.9576410358498723,0.15210763154543297,25
0.796098845751912,0.15272750999135226,0.4729130022384551,0.005360393131698726,-323780.3409995719,-0.9837762338083337,0.17120650142672936,25
0.26161436560083084,0.16214690309801846,0.4393403670750629,0.01599186773410044,-338645.0329132318,-0.9628297611348854,0.15427853424017798,25
0.19971965571633005,0.1606238600618814,0.6700667369635916,0.014452482134476249,-530941.6749030247,-0.9690489159317801,0.15649162876249847,25
0.11207506853980762,0.16214690309801846,0.9177035843541824,0.01646310044132618,-289693.84962063184,-0.9754133283591436,0.1515343846764071,25
0.08918841081521227,0.15827948556534133,0.6700667369635916,0.01977715910300071,-336079.31182494276,-0.9783594450729419,0.1538522294559498,25
0.36925248419698553,0.16215304952970547,0.6705363594219576,0.0607316686382349,-340561.7360447959,-0.933439516753975,0.14724872660565475,25
0.0544620773352244,0.13737412969983134,0.7244553248606352,0.008870509893362605,-246467.54231167064,-0.9839860717190462,0.14685772146838058,25
0.9110387942200284,0.12408593523157692,0.49376056937517177,0.01599186773410044,-373812.3110901588,-0.976806108518435,0.15600035641953228,25
0.7437732427388861,0.1502161118293548,0.2597557975655722,0.004423775487395316,-366368.6750928387,-0.9864840769025344,0.1723295191706554,25
0.261040530767494,0.1394589004386606,0.4636555072918797,0.0012948540044648528,-272058.15586637094,-0.9933250882170371,0.15167465741246788,25
0.9543708324542193,0.16214690309801846,0.5702514420899982,0.0012970338540505,-334630.5083543206,-0.986183325608777,0.17227763548862965,25
0.1663679873434678,0.1966424341775314,0.45586494844225967,0.005459437682654004,-305305.7381466774,-0.9900381512205659,0.16767728495642542,25
0.18856300346486415,0.1606238600618814,0.2674835485764079,0.004304440495722966,-446495.1825290546,-0.984974147333307,0.1722647230950882,25
0.06185443919926155,0.14833231561345692,0.5604426870579998,0.005360393131698726,-284608.4796499024,-0.9820409496461905,0.1547310294598827,25
0.7188876494708696,0.100458436589178,0.7467136430793982,0.30121640710829056,-370862.24177178746,-0.7743077198106297,0.15016593822234905,25
0.15112745234808023,0.0944770804718705,0.4776749402850482,0.17172800702416247,-416170.771002175,-0.8363620927479097,0.15546289645653266,25
0.7188876494708696,0.10142978262853222,0.7467136430793982,0.30121640710829056,-374107.17536325095,-0.8826058340676916,0.1524895068198829,25
0.18856300346486415,0.1606238600618814,0.49547861785473635,0.014452482134476249,-72904.68722591556,-0.9681541555871177,0.14525415818882662,25
0.06387856225385868,0.15015434786644177,0.5604426870579998,0.005360393131698726,-204619.9181545557,-0.98668265570755,0.14675384726518845,25
0.167350526223088,0.15015434786644177,0.4729130022384551,0.015949974127897996,-166258.7846861095,-0.980093005320653,0.14583897587465003,25
0.36925248419698553,0.16215304952970547,0.5980960182619552,0.05188822276805517,-479993.85960001295,-0.9101800963498582,0.16835077913037397,25
0.7188876494708696,0.17195113518147703,0.7244553248606352,0.30121640710829056,-436942.43259324,-0.8257275586244218,0.15710694989600252,25
0.11438796309320398,0.16683533008286394,0.48065426427210556,0.015949974127897996,-409274.3342297825,-0.940531871312329,0.16757107892728904,25
0.6030601284109274,0.10901360129329299,0.3427638337743084,0.15206039451359205,-461343.1479872472,-0.9130754699118614,0.17179992289736798,25
0.2609323317381244,0.16215252244234352,0.4623823192599016,0.11413745328246025,-384239.31594588375,-0.9424202234677682,0.1682971225226105,25
0.09953547564650468,0.040824746391991504,0.46763810816574125,0.02457566466470539,-279600.42046038184,-0.952248491254949,0.15201252983344005,25
0.08300161243437126,0.09127818653728884,0.9098716596102089,0.0596658868124722,-250464.84348828808,-0.8739715316283502,0.14741081478236848,25
0.08300161243437126,0.14762922573818033,0.9098716596102089,0.0596658868124722,-297678.8778047849,-0.9046241663145428,0.15022199473365208,25
0.14066562693916107,0.06459178277063564,0.5038018461280834,0.11570188671012618,-250607.48095584975,-0.9149698722726652,0.15098874972266876,25
0.10344132152273483,0.13743942958840313,0.6732361064597085,0.0596658868124722,-241025.27758396082,-0.9241449041761168,0.1477061325461111,25
0.770180517796219,0.15114437859618898,0.6732361064597085,0.0596658868124722,-244385.6275666398,-0.9227341259131127,0.1496470227410241,25
0.472316164116267,0.1618952614946272,0.5980960182619552,0.05188822276805517,-239611.06989396247,-0.9434312457695334,0.15039183635269915,25
0.14432294116342537,0.15015434786644177,0.2780800267203146,0.014461406860603994,-343353.6923786173,-0.9709171025117085,0.16493176488525194,25
0.17566997932423373,0.08333273927853768,0.8653549534331375,0.0596658868124722,-340450.16601341084,-0.9332480939150116,0.16123470025413525,25
0.6349822788660147,0.1496629104498984,0.9769881917310432,0.010609247056042381,-29471.241786991304,-0.9880779351341396,0.15435535517047014,25
0.1451974646992628,0.15189838924880883,0.49507870768037243,0.007016357166039277,-75150.77490437888,-0.9879503159576944,0.15870375330489958,25
0.26878466743924856,0.16166544097976399,0.9072164751787756,0.0030784253011841237,-220240.13525463475,-0.9872460476723507,0.15934029917539763,25
0.2616496730425357,0.16160409688687985,0.2674835485764079,0.004304440495722966,-237823.5412425245,-0.9871624663429549,0.15299164582609495,25
0.27368221684236516,0.1384786636136191,0.4636555072918797,0.0012948540044648528,-213837.84914385664,-0.9931583175740313,0.16330250568896934,25
0.07568312126124958,0.15015434786644177,0.2780800267203146,0.014461406860603994,-269212.7853532339,-0.9881090615524015,0.1698309034155304,25
0.1451974646992628,0.15189838924880883,0.26708363838713745,0.0067958573115657755,-298838.16378242284,-0.9838223971155484,0.1728813837575356,25
0.15112745234808023,0.0944770804718705,0.46189869412016826,0.0067958573115657755,-325466.4964129234,-0.9713257481756687,0.1724734926602203,25
0.1663679873434678,0.15015434786644177,0.45586494844225967,0.005459437682654004,-282868.7643077775,-0.9817153058138374,0.16294359144012774,25
0.23919770841388663,0.11135797552282783,0.33438684657329754,0.01444058433627713,-275527.58407888026,-0.9773257462156092,0.16128688988638207,25
0.7444803369586996,0.15015434786644177,0.2780800267203146,0.014461406860603994,-632392.815869687,-0.9543048117209842,0.15009526777513463,26
0.7188876494708696,0.10316351733822793,0.7467136430793982,0.30121640710829056,-322432.33848715323,-0.7699312503171986,0.14576351517183103,26
0.2690974936231182,0.16215304952970547,0.6705363594219576,0.0607316686382349,-309545.64119927166,-0.9400766325421176,0.1474686989849897,26
0.1663679873434678,0.15015434786644177,0.4729130022384551,0.005360393131698726,-221089.97596510276,-0.9893878921076364,0.14423740640519267,26
0.6973884012210998,0.10352911181414097,0.46600109688235725,0.026721275900081387,-270975.551367398,-0.9577943260880227,0.1396836006618035,26
0.6144607719206404,0.16667753507922686,0.9769881917310432,0.010943613627806754,-314008.51861372613,-0.9576410358498723,0.15210763154543297,26
0.796098845751912,0.15272750999135226,0.4729130022384551,0.005360393131698726,-323780.3409995719,-0.9837762338083337,0.17120650142672936,26
0.26161436560083084,0.16214690309801846,0.4393403670750629,0.01599186773410044,-338645.0329132318,-0.9628297611348854,0.15427853424017798,26
0.19971965571633005,0.1606238600618814,0.6700667369635916,0.014452482134476249,-530941.6749030247,-0.9690489159317801,0.15649162876249847,26
0.11207506853980762,0.16214690309801846,0.9177035843541824,0.01646310044132618,-289693.84962063184,-0.9754133283591436,0.1515343846764071,26
0.08918841081521227,0.15827948556534133,0.6700667369635916,0.01977715910300071,-336079.31182494276,-0.9783594450729419,0.1538522294559498,26
0.36925248419698553,0.16215304952970547,0.6705363594219576,0.0607316686382349,-340561.7360447959,-0.933439516753975,0.14724872660565475,26
0.0544620773352244,0.13737412969983134,0.7244553248606352,0.008870509893362605,-246467.54231167064,-0.9839860717190462,0.14685772146838058,26
0.9110387942200284,0.12408593523157692,0.49376056937517177,0.01599186773410044,-373812.3110901588,-0.976806108518435,0.15600035641953228,26
0.7437732427388861,0.1502161118293548,0.2597557975655722,0.004423775487395316,-366368.6750928387,-0.9864840769025344,0.1723295191706554,26
0.261040530767494,0.1394589004386606,0.4636555072918797,0.0012948540044648528,-272058.15586637094,-0.9933250882170371,0.15167465741246788,26
0.9543708324542193,0.16214690309801846,0.5702514420899982,0.0012970338540505,-334630.5083543206,-0.986183325608777,0.17227763548862965,26
0.1663679873434678,0.1966424341775314,0.45586494844225967,0.005459437682654004,-305305.7381466774,-0.9900381512205659,0.16767728495642542,26
0.18856300346486415,0.1606238600618814,0.2674835485764079,0.004304440495722966,-446495.1825290546,-0.984974147333307,0.1722647230950882,26
0.06185443919926155,0.14833231561345692,0.5604426870579998,0.005360393131698726,-284608.4796499024,-0.9820409496461905,0.1547310294598827,26
0.1699615814479581,0.15441813955302539,0.26708363838713745,0.0067958573115657755,-297787.7160227836,-0.9819653979302722,0.16163293268026765,26
0.06185443919926155,0.14833231561345692,0.5603495254175471,0.005360393131698726,-496593.691787732,-0.9793367655103963,0.16434336165697216,26
0.7444803369586996,0.15015434786644177,0.28956272919810844,0.014461406860603994,-440475.8424061533,-0.98029965311722,0.16360420164124131,26
0.36925248419698553,0.16215304952970547,0.5980960182619552,0.05188822276805517,-479993.85960001295,-0.9101800963498582,0.16835077913037397,26
0.1451974646992628,0.15189838924880883,0.26708363838713745,0.0067958573115657755,-298838.16378242284,-0.9838223971155484,0.1728813837575356,26
0.27368221684236516,0.1384786636136191,0.4636555072918797,0.0012948540044648528,-213837.84914385664,-0.9931583175740313,0.16330250568896934,26
0.6349822788660147,0.1496629104498984,0.9769881917310432,0.010609247056042381,-29471.241786991304,-0.9880779351341396,0.15435535517047014,26
0.18856300346486415,0.1606238600618814,0.49547861785473635,0.014452482134476249,-72904.68722591556,-0.9681541555871177,0.14525415818882662,26
0.7188876494708696,0.100458436589178,0.7467136430793982,0.30121640710829056,-370862.24177178746,-0.7743077198106297,0.15016593822234905,26
0.15112745234808023,0.0944770804718705,0.4776749402850482,0.17172800702416247,-416170.771002175,-0.8363620927479097,0.15546289645653266,26
0.167350526223088,0.15015434786644177,0.4729130022384551,0.015949974127897996,-166258.7846861095,-0.980093005320653,0.14583897587465003,26
0.1451974646992628,0.15189838924880883,0.49507870768037243,0.007016357166039277,-75150.77490437888,-0.9879503159576944,0.15870375330489958,26
0.36882027214597635,0.13893828737550293,0.6705363594219576,0.08088615105215521,-458226.263977834,-0.902998987923526,0.15580588754377575,26
0.08300161243437126,0.09127818653728884,0.9098716596102089,0.0596658868124722,-250464.84348828808,-0.8739715316283502,0.14741081478236848,26
0.14432294116342537,0.15015434786644177,0.2780800267203146,0.014461406860603994,-343353.6923786173,-0.9709171025117085,0.16493176488525194,26
0.11438796309320398,0.16683533008286394,0.48065426427210556,0.015949974127897996,-409274.3342297825,-0.940531871312329,0.16757107892728904,26
0.07568312126124958,0.15015434786644177,0.2780800267203146,0.014461406860603994,-269212.7853532339,-0.9881090615524015,0.1698309034155304,26
0.7188876494708696,0.10142978262853222,0.7467136430793982,0.30121640710829056,-374107.17536325095,-0.8826058340676916,0.1524895068198829,26
0.17566997932423373,0.08333273927853768,0.8653549534331375,0.0596658868124722,-340450.16601341084,-0.9332480939150116,0.16123470025413525,26
0.09953547564650468,0.040824746391991504,0.46763810816574125,0.02457566466470539,-279600.42046038184,-0.952248491254949,0.15201252983344005,26
0.06387856225385868,0.15015434786644177,0.5604426870579998,0.005360393131698726,-204619.9181545557,-0.98668265570755,0.14675384726518845,26
0.6030601284109274,0.10901360129329299,0.3427638337743084,0.15206039451359205,-461343.1479872472,-0.9130754699118614,0.17179992289736798,26
0.15112745234808023,0.0944770804718705,0.46189869412016826,0.0067958573115657755,-325466.4964129234,-0.9713257481756687,0.1724734926602203,26
0.770180517796219,0.15114437859618898,0.6732361064597085,0.0596658868124722,-244385.6275666398,-0.9227341259131127,0.1496470227410241,26
0.26878466743924856,0.16166544097976399,0.9072164751787756,0.0030784253011841237,-220240.13525463475,-0.9872460476723507,0.15934029917539763,26
0.14066562693916107,0.06459178277063564,0.5038018461280834,0.11570188671012618,-250607.48095584975,-0.9149698722726652,0.15098874972266876,26
0.10344132152273483,0.13743942958840313,0.6732361064597085,0.0596658868124722,-241025.27758396082,-0.9241449041761168,0.1477061325461111,26
0.1663679873434678,0.15015434786644177,0.45586494844225967,0.005459437682654004,-282868.7643077775,-0.9817153058138374,0.16294359144012774,26
0.23919770841388663,0.11135797552282783,0.33438684657329754,0.01444058433627713,-275527.58407888026,-0.9773257462156092,0.16128688988638207,26
0.2609323317381244,0.16215252244234352,0.4623823192599016,0.11413745328246025,-384239.31594588375,-0.9424202234677682,0.1682971225226105,26
0.7444803369586996,0.15015434786644177,0.2780800267203146,0.014461406860603994,-632392.815869687,-0.9543048117209842,0.15009526777513463,27
0.7188876494708696,0.10316351733822793,0.7467136430793982,0.30121640710829056,-322432.33848715323,-0.7699312503171986,0.14576351517183103,27
0.2690974936231182,0.16215304952970547,0.6705363594219576,0.0607316686382349,-309545.64119927166,-0.9400766325421176,0.1474686989849897,27
0.1663679873434678,0.15015434786644177,0.4729130022384551,0.005360393131698726,-221089.97596510276,-0.9893878921076364,0.14423740640519267,27
0.6973884012210998,0.10352911181414097,0.46600109688235725,0.026721275900081387,-270975.551367398,-0.9577943260880227,0.1396836006618035,27
0.6144607719206404,0.16667753507922686,0.9769881917310432,0.010943613627806754,-314008.51861372613,-0.9576410358498723,0.15210763154543297,27
0.796098845751912,0.15272750999135226,0.4729130022384551,0.005360393131698726,-323780.3409995719,-0.9837762338083337,0.17120650142672936,27
0.26161436560083084,0.16214690309801846,0.4393403670750629,0.01599186773410044,-338645.0329132318,-0.9628297611348854,0.15427853424017798,27
0.19971965571633005,0.1606238600618814,0.6700667369635916,0.014452482134476249,-530941.6749030247,-0.9690489159317801,0.15649162876249847,27
0.11207506853980762,0.16214690309801846,0.9177035843541824,0.01646310044132618,-289693.84962063184,-0.9754133283591436,0.1515343846764071,27
0.08918841081521227,0.15827948556534133,0.6700667369635916,0.01977715910300071,-336079.31182494276,-0.9783594450729419,0.1538522294559498,27
0.36925248419698553,0.16215304952970547,0.6705363594219576,0.0607316686382349,-340561.7360447959,-0.933439516753975,0.14724872660565475,27
0.0544620773352244,0.13737412969983134,0.7244553248606352,0.008870509893362605,-246467.54231167064,-0.9839860717190462,0.14685772146838058,27
0.9110387942200284,0.12408593523157692,0.49376056937517177,0.01599186773410044,-373812.3110901588,-0.976806108518435,0.15600035641953228,27
0.7437732427388861,0.1502161118293548,0.2597557975655722,0.004423775487395316,-366368.6750928387,-0.9864840769025344,0.1723295191706554,27
0.261040530767494,0.1394589004386606,0.4636555072918797,0.0012948540044648528,-272058.15586637094,-0.9933250882170371,0.15167465741246788,27
0.9543708324542193,0.16214690309801846,0.5702514420899982,0.0012970338540505,-334630.5083543206,-0.986183325608777,0.17227763548862965,27
0.1663679873434678,0.1966424341775314,0.45586494844225967,0.005459437682654004,-305305.7381466774,-0.9900381512205659,0.16767728495642542,27
0.18856300346486415,0.1606238600618814,0.2674835485764079,0.004304440495722966,-446495.1825290546,-0.984974147333307,0.1722647230950882,27
0.06185443919926155,0.14833231561345692,0.5604426870579998,0.005360393131698726,-284608.4796499024,-0.9820409496461905,0.1547310294598827,27
0.1699615814479581,0.15441813955302539,0.26708363838713745,0.0067958573115657755,-297787.7160227836,-0.9819653979302722,0.16163293268026765,27
0.06185443919926155,0.14833231561345692,0.5603495254175471,0.005360393131698726,-496593.691787732,-0.9793367655103963,0.16434336165697216,27
0.7444803369586996,0.15015434786644177,0.28956272919810844,0.014461406860603994,-440475.8424061533,-0.98029965311722,0.16360420164124131,27
0.2825794949538224,0.1502161118293548,0.2847857976736019,0.004423775487395316,-214458.92541502617,-0.9939044137770101,0.16002238442911265,27
0.7348759418254533,0.1384786636136191,0.4159612936724446,0.0012948540044648528,-71334.3926184361,-0.9903849134534929,0.151038430034575,27
0.27368221684236516,0.1384786636136191,0.4636555072918797,0.0012948540044648528,-213837.84914385664,-0.9931583175740313,0.16330250568896934,27
0.18856300346486415,0.1606238600618814,0.49547861785473635,0.014452482134476249,-72904.68722591556,-0.9681541555871177,0.14525415818882662,27
0.7188876494708696,0.100458436589178,0.7467136430793982,0.30121640710829056,-370862.24177178746,-0.7743077198106297,0.15016593822234905,27
0.6349822788660147,0.1496629104498984,0.9769881917310432,0.010609247056042381,-29471.241786991304,-0.9880779351341396,0.15435535517047014,27
0.1451974646992628,0.15189838924880883,0.26708363838713745,0.0067958573115657755,-298838.16378242284,-0.9838223971155484,0.1728813837575356,27
0.36925248419698553,0.16215304952970547,0.5980960182619552,0.05188822276805517,-479993.85960001295,-0.9101800963498582,0.16835077913037397,27
0.15112745234808023,0.0944770804718705,0.4776749402850482,0.17172800702416247,-416170.771002175,-0.8363620927479097,0.15546289645653266,27
0.167350526223088,0.15015434786644177,0.4729130022384551,0.015949974127897996,-166258.7846861095,-0.980093005320653,0.14583897587465003,27
0.36882027214597635,0.13893828737550293,0.6705363594219576,0.08088615105215521,-458226.263977834,-0.902998987923526,0.15580588754377575,27
0.1451974646992628,0.15189838924880883,0.49507870768037243,0.007016357166039277,-75150.77490437888,-0.9879503159576944,0.15870375330489958,27
0.08300161243437126,0.09127818653728884,0.9098716596102089,0.0596658868124722,-250464.84348828808,-0.8739715316283502,0.14741081478236848,27
0.7188876494708696,0.10142978262853222,0.7467136430793982,0.30121640710829056,-374107.17536325095,-0.8826058340676916,0.1524895068198829,27
0.14432294116342537,0.15015434786644177,0.2780800267203146,0.014461406860603994,-343353.6923786173,-0.9709171025117085,0.16493176488525194,27
0.11438796309320398,0.16683533008286394,0.48065426427210556,0.015949974127897996,-409274.3342297825,-0.940531871312329,0.16757107892728904,27
0.09953547564650468,0.040824746391991504,0.46763810816574125,0.02457566466470539,-279600.42046038184,-0.952248491254949,0.15201252983344005,27
0.6030601284109274,0.10901360129329299,0.3427638337743084,0.15206039451359205,-461343.1479872472,-0.9130754699118614,0.17179992289736798,27
0.6922363345543388,0.14806378318002597,0.8251088601980047,0.015949974127897996,-199262.07510772385,-0.9672838982928673,0.14662018543149313,27
0.17566997932423373,0.08333273927853768,0.8653549534331375,0.0596658868124722,-340450.16601341084,-0.9332480939150116,0.16123470025413525,27
0.07568312126124958,0.15015434786644177,0.2780800267203146,0.014461406860603994,-269212.7853532339,-0.9881090615524015,0.1698309034155304,27
0.15112745234808023,0.0944770804718705,0.46189869412016826,0.0067958573115657755,-325466.4964129234,-0.9713257481756687,0.1724734926602203,27
0.770180517796219,0.15114437859618898,0.6732361064597085,0.0596658868124722,-244385.6275666398,-0.9227341259131127,0.1496470227410241,27
0.2609323317381244,0.16215252244234352,0.4623823192599016,0.11413745328246025,-384239.31594588375,-0.9424202234677682,0.1682971225226105,27
0.26878466743924856,0.16166544097976399,0.9072164751787756,0.0030784253011841237,-220240.13525463475,-0.9872460476723507,0.15934029917539763,27
0.10344132152273483,0.13743942958840313,0.6732361064597085,0.0596658868124722,-241025.27758396082,-0.9241449041761168,0.1477061325461111,27
0.1663679873434678,0.15015434786644177,0.45586494844225967,0.005459437682654004,-282868.7643077775,-0.9817153058138374,0.16294359144012774,27
0.7444803369586996,0.15015434786644177,0.2780800267203146,0.014461406860603994,-632392.815869687,-0.9543048117209842,0.15009526777513463,28
0.7188876494708696,0.10316351733822793,0.7467136430793982,0.30121640710829056,-322432.33848715323,-0.7699312503171986,0.14576351517183103,28
0.2690974936231182,0.16215304952970547,0.6705363594219576,0.0607316686382349,-309545.64119927166,-0.9400766325421176,0.1474686989849897,28
0.1663679873434678,0.15015434786644177,0.4729130022384551,0.005360393131698726,-221089.97596510276,-0.9893878921076364,0.14423740640519267,28
0.6973884012210998,0.10352911181414097,0.46600109688235725,0.026721275900081387,-270975.551367398,-0.9577943260880227,0.1396836006618035,28
0.6144607719206404,0.16667753507922686,0.9769881917310432,0.010943613627806754,-314008.51861372613,-0.9576410358498723,0.15210763154543297,28
0.796098845751912,0.15272750999135226,0.4729130022384551,0.005360393131698726,-323780.3409995719,-0.9837762338083337,0.17120650142672936,28
0.26161436560083084,0.16214690309801846,0.4393403670750629,0.01599186773410044,-338645.0329132318,-0.9628297611348854,0.15427853424017798,28
0.19971965571633005,0.1606238600618814,0.6700667369635916,0.014452482134476249,-530941.6749030247,-0.9690489159317801,0.15649162876249847,28
0.11207506853980762,0.16214690309801846,0.9177035843541824,0.01646310044132618,-289693.84962063184,-0.9754133283591436,0.1515343846764071,28
0.08918841081521227,0.15827948556534133,0.6700667369635916,0.01977715910300071,-336079.31182494276,-0.9783594450729419,0.1538522294559498,28
0.36925248419698553,0.16215304952970547,0.6705363594219576,0.0607316686382349,-340561.7360447959,-0.933439516753975,0.14724872660565475,28
0.0544620773352244,0.13737412969983134,0.7244553248606352,0.008870509893362605,-246467.54231167064,-0.9839860717190462,0.14685772146838058,28
0.9110387942200284,0.12408593523157692,0.49376056937517177,0.01599186773410044,-373812.3110901588,-0.976806108518435,0.15600035641953228,28
0.7437732427388861,0.1502161118293548,0.2597557975655722,0.004423775487395316,-366368.6750928387,-0.9864840769025344,0.1723295191706554,28
0.261040530767494,0.1394589004386606,0.4636555072918797,0.0012948540044648528,-272058.15586637094,-0.9933250882170371,0.15167465741246788,28
0.9543708324542193,0.16214690309801846,0.5702514420899982,0.0012970338540505,-334630.5083543206,-0.986183325608777,0.17227763548862965,28
0.1663679873434678,0.1966424341775314,0.45586494844225967,0.005459437682654004,-305305.7381466774,-0.9900381512205659,0.16767728495642542,28
0.18856300346486415,0.1606238600618814,0.2674835485764079,0.004304440495722966,-446495.1825290546,-0.984974147333307,0.1722647230950882,28
0.06185443919926155,0.14833231561345692,0.5604426870579998,0.005360393131698726,-284608.4796499024,-0.9820409496461905,0.1547310294598827,28
0.1699615814479581,0.15441813955302539,0.26708363838713745,0.0067958573115657755,-297787.7160227836,-0.9819653979302722,0.16163293268026765,28
0.06185443919926155,0.14833231561345692,0.5603495254175471,0.005360393131698726,-496593.691787732,-0.9793367655103963,0.16434336165697216,28
0.7444803369586996,0.15015434786644177,0.28956272919810844,0.014461406860603994,-440475.8424061533,-0.98029965311722,0.16360420164124131,28
0.2825794949538224,0.1502161118293548,0.2847857976736019,0.004423775487395316,-214458.92541502617,-0.9939044137770101,0.16002238442911265,28
0.7348759418254533,0.1384786636136191,0.4159612936724446,0.0012948540044648528,-71334.3926184361,-0.9903849134534929,0.151038430034575,28
0.09924168150265733,0.15015434786644177,0.2260622349652932,0.014461406860603994,-283618.24195398594,-0.9821734789127352,0.15948620250229248,28
0.055683817666911106,0.15189838924880883,0.6836705212845563,0.0038464411618745215,-292992.43331221386,-0.9857252400565982,0.16624778657318207,28
0.1451974646992628,0.15189838924880883,0.26708363838713745,0.0067958573115657755,-298838.16378242284,-0.9838223971155484,0.1728813837575356,28
0.27368221684236516,0.1384786636136191,0.4636555072918797,0.0012948540044648528,-213837.84914385664,-0.9931583175740313,0.16330250568896934,28
0.7188876494708696,0.100458436589178,0.7467136430793982,0.30121640710829056,-370862.24177178746,-0.7743077198106297,0.15016593822234905,28
0.18856300346486415,0.1606238600618814,0.49547861785473635,0.014452482134476249,-72904.68722591556,-0.9681541555871177,0.14525415818882662,28
0.36925248419698553,0.16215304952970547,0.5980960182619552,0.05188822276805517,-479993.85960001295,-0.9101800963498582,0.16835077913037397,28
0.15112745234808023,0.0944770804718705,0.4776749402850482,0.17172800702416247,-416170.771002175,-0.8363620927479097,0.15546289645653266,28
0.08300161243437126,0.09127818653728884,0.9098716596102089,0.0596658868124722,-250464.84348828808,-0.8739715316283502,0.14741081478236848,28
0.18984217327073002,0.149067343536264,0.5641414667626924,0.004304440495722966,-152573.42589267867,-0.9880792444107939,0.1533463646815643,28
0.36882027214597635,0.13893828737550293,0.6705363594219576,0.08088615105215521,-458226.263977834,-0.902998987923526,0.15580588754377575,28
0.17566997932423373,0.08333273927853768,0.8653549534331375,0.0596658868124722,-340450.16601341084,-0.9332480939150116,0.16123470025413525,28
0.14432294116342537,0.15015434786644177,0.2780800267203146,0.014461406860603994,-343353.6923786173,-0.9709171025117085,0.16493176488525194,28
0.11438796309320398,0.16683533008286394,0.48065426427210556,0.015949974127897996,-409274.3342297825,-0.940531871312329,0.16757107892728904,28
0.19971965571633005,0.13189193933588553,0.68316150653922,0.014452482134476249,-323752.053879785,-0.9548976819812426,0.15703423346165454,28
0.07568312126124958,0.15015434786644177,0.2780800267203146,0.014461406860603994,-269212.7853532339,-0.9881090615524015,0.1698309034155304,28
0.6922363345543388,0.14806378318002597,0.8251088601980047,0.015949974127897996,-199262.07510772385,-0.9672838982928673,0.14662018543149313,28
0.7188876494708696,0.10142978262853222,0.7467136430793982,0.30121640710829056,-374107.17536325095,-0.8826058340676916,0.1524895068198829,28
0.167350526223088,0.15015434786644177,0.4729130022384551,0.015949974127897996,-166258.7846861095,-0.980093005320653,0.14583897587465003,28
0.6030601284109274,0.10901360129329299,0.3427638337743084,0.15206039451359205,-461343.1479872472,-0.9130754699118614,0.17179992289736798,28
0.26878466743924856,0.16166544097976399,0.9072164751787756,0.0030784253011841237,-220240.13525463475,-0.9872460476723507,0.15934029917539763,28
0.09953547564650468,0.040824746391991504,0.46763810816574125,0.02457566466470539,-279600.42046038184,-0.952248491254949,0.15201252983344005,28
0.10344132152273483,0.13743942958840313,0.6732361064597085,0.0596658868124722,-241025.27758396082,-0.9241449041761168,0.1477061325461111,28
0.2609323317381244,0.16215252244234352,0.4623823192599016,0.11413745328246025,-384239.31594588375,-0.9424202234677682,0.1682971225226105,28
0.770180517796219,0.15114437859618898,0.6732361064597085,0.0596658868124722,-244385.6275666398,-0.9227341259131127,0.1496470227410241,28
0.7444803369586996,0.15015434786644177,0.2780800267203146,0.014461406860603994,-632392.815869687,-0.9543048117209842,0.15009526777513463,29
0.7188876494708696,0.10316351733822793,0.7467136430793982,0.30121640710829056,-322432.33848715323,-0.7699312503171986,0.14576351517183103,29
0.2690974936231182,0.16215304952970547,0.6705363594219576,0.0607316686382349,-309545.64119927166,-0.9400766325421176,0.1474686989849897,29
0.1663679873434678,0.15015434786644177,0.4729130022384551,0.005360393131698726,-221089.97596510276,-0.9893878921076364,0.14423740640519267,29
0.6973884012210998,0.10352911181414097,0.46600109688235725,0.026721275900081387,-270975.551367398,-0.9577943260880227,0.1396836006618035,29
0.6144607719206404,0.16667753507922686,0.9769881917310432,0.010943613627806754,-314008.51861372613,-0.9576410358498723,0.15210763154543297,29
0.796098845751912,0.15272750999135226,0.4729130022384551,0.005360393131698726,-323780.3409995719,-0.9837762338083337,0.17120650142672936,29
0.26161436560083084,0.16214690309801846,0.4393403670750629,0.01599186773410044,-338645.0329132318,-0.9628297611348854,0.15427853424017798,29
0.19971965571633005,0.1606238600618814,0.6700667369635916,0.014452482134476249,-530941.6749030247,-0.9690489159317801,0.15649162876249847,29
0.11207506853980762,0.16214690309801846,0.9177035843541824,0.01646310044132618,-289693.84962063184,-0.9754133283591436,0.1515343846764071,29
0.08918841081521227,0.15827948556534133,0.6700667369635916,0.01977715910300071,-336079.31182494276,-0.9783594450729419,0.1538522294559498,29
0.36925248419698553,0.16215304952970547,0.6705363594219576,0.0607316686382349,-340561.7360447959,-0.933439516753975,0.14724872660565475,29
0.0544620773352244,0.13737412969983134,0.7244553248606352,0.008870509893362605,-246467.54231167064,-0.9839860717190462,0.14685772146838058,29
0.9110387942200284,0.12408593523157692,0.49376056937517177,0.01599186773410044,-373812.3110901588,-0.976806108518435,0.15600035641953228,29
0.7437732427388861,0.1502161118293548,0.2597557975655722,0.004423775487395316,-366368.6750928387,-0.9864840769025344,0.1723295191706554,29
0.261040530767494,0.1394589004386606,0.4636555072918797,0.0012948540044648528,-272058.15586637094,-0.9933250882170371,0.15167465741246788,29
0.9543708324542193,0.16214690309801846,0.5702514420899982,0.0012970338540505,-334630.5083543206,-0.986183325608777,0.17227763548862965,29
0.1663679873434678,0.1966424341775314,0.45586494844225967,0.005459437682654004,-305305.7381466774,-0.9900381512205659,0.16767728495642542,29
0.18856300346486415,0.1606238600618814,0.2674835485764079,0.004304440495722966,-446495.1825290546,-0.984974147333307,0.1722647230950882,29
0.06185443919926155,0.14833231561345692,0.5604426870579998,0.005360393131698726,-284608.4796499024,-0.9820409496461905,0.1547310294598827,29
0.1699615814479581,0.15441813955302539,0.26708363838713745,0.0067958573115657755,-297787.7160227836,-0.9819653979302722,0.16163293268026765,29
0.06185443919926155,0.14833231561345692,0.5603495254175471,0.005360393131698726,-496593.691787732,-0.9793367655103963,0.16434336165697216,29
0.7444803369586996,0.15015434786644177,0.28956272919810844,0.014461406860603994,-440475.8424061533,-0.98029965311722,0.16360420164124131,29
0.2825794949538224,0.1502161118293548,0.2847857976736019,0.004423775487395316,-214458.92541502617,-0.9939044137770101,0.16002238442911265,29
0.7348759418254533,0.1384786636136191,0.4159612936724446,0.0012948540044648528,-71334.3926184361,-0.9903849134534929,0.151038430034575,29
0.09924168150265733,0.15015434786644177,0.2260622349652932,0.014461406860603994,-283618.24195398594,-0.9821734789127352,0.15948620250229248,29
0.055683817666911106,0.15189838924880883,0.6836705212845563,0.0038464411618745215,-292992.43331221386,-0.9857252400565982,0.16624778657318207,29
0.11438796309320398,0.16683533008286394,0.658468329302128,0.014072369440576875,-161684.80873056382,-0.9622996852507355,0.1451237257383375,29
0.36925248419698553,0.16215304952970547,0.5980960182619552,0.05188822276805517,-479993.85960001295,-0.9101800963498582,0.16835077913037397,29
0.18856300346486415,0.1606238600618814,0.49547861785473635,0.014452482134476249,-72904.68722591556,-0.9681541555871177,0.14525415818882662,29
0.27368221684236516,0.1384786636136191,0.4636555072918797,0.0012948540044648528,-213837.84914385664,-0.9931583175740313,0.16330250568896934,29
0.7188876494708696,0.100458436589178,0.7467136430793982,0.30121640710829056,-370862.24177178746,-0.7743077198106297,0.15016593822234905,29
0.1451974646992628,0.15189838924880883,0.26708363838713745,0.0067958573115657755,-298838.16378242284,-0.9838223971155484,0.1728813837575356,29
0.15112745234808023,0.0944770804718705,0.4776749402850482,0.17172800702416247,-416170.771002175,-0.8363620927479097,0.15546289645653266,29
0.18984217327073002,0.149067343536264,0.5641414667626924,0.004304440495722966,-152573.42589267867,-0.9880792444107939,0.1533463646815643,29
0.08300161243437126,0.09127818653728884,0.9098716596102089,0.0596658868124722,-250464.84348828808,-0.8739715316283502,0.14741081478236848,29
0.11438796309320398,0.16683533008286394,0.48065426427210556,0.015949974127897996,-409274.3342297825,-0.940531871312329,0.16757107892728904,29
0.36882027214597635,0.13893828737550293,0.6705363594219576,0.08088615105215521,-458226.263977834,-0.902998987923526,0.15580588754377575,29
0.7188876494708696,0.10142978262853222,0.7467136430793982,0.30121640710829056,-374107.17536325095,-0.8826058340676916,0.1524895068198829,29
0.07568312126124958,0.15015434786644177,0.2780800267203146,0.014461406860603994,-269212.7853532339,-0.9881090615524015,0.1698309034155304,29
0.14432294116342537,0.15015434786644177,0.2780800267203146,0.014461406860603994,-343353.6923786173,-0.9709171025117085,0.16493176488525194,29
0.09953547564650468,0.040824746391991504,0.46763810816574125,0.02457566466470539,-279600.42046038184,-0.952248491254949,0.15201252983344005,29
0.167350526223088,0.15015434786644177,0.4729130022384551,0.015949974127897996,-166258.7846861095,-0.980093005320653,0.14583897587465003,29
0.26878466743924856,0.16166544097976399,0.9072164751787756,0.0030784253011841237,-220240.13525463475,-0.9872460476723507,0.15934029917539763,29
0.19971965571633005,0.13189193933588553,0.68316150653922,0.014452482134476249,-323752.053879785,-0.9548976819812426,0.15703423346165454,29
0.36925248419698553,0.16215304952970547,0.4855366573502222,0.05188822276805517,-346280.7414373515,-0.9299279816584624,0.1615770471228356,29
0.6922363345543388,0.14806378318002597,0.8251088601980047,0.015949974127897996,-199262.07510772385,-0.9672838982928673,0.14662018543149313,29
0.17566997932423373,0.08333273927853768,0.8653549534331375,0.0596658868124722,-340450.16601341084,-0.9332480939150116,0.16123470025413525,29
0.770180517796219,0.15114437859618898,0.6732361064597085,0.0596658868124722,-244385.6275666398,-0.9227341259131127,0.1496470227410241,29
0.7633628757335311,0.1533706611772995,0.2597557975655722,0.024925112153443514,-225181.11098161363,-0.9611726396004162,0.1571599337816515,29
0.7444803369586996,0.15015434786644177,0.2780800267203146,0.014461406860603994,-632392.815869687,-0.9543048117209842,0.15009526777513463,30
0.7188876494708696,0.10316351733822793,0.7467136430793982,0.30121640710829056,-322432.33848715323,-0.7699312503171986,0.14576351517183103,30
0.2690974936231182,0.16215304952970547,0.6705363594219576,0.0607316686382349,-309545.64119927166,-0.9400766325421176,0.1474686989849897,30
0.1663679873434678,0.15015434786644177,0.4729130022384551,0.005360393131698726,-221089.97596510276,-0.9893878921076364,0.14423740640519267,30
0.6973884012210998,0.10352911181414097,0.46600109688235725,0.026721275900081387,-270975.551367398,-0.9577943260880227,0.1396836006618035,30
0.6144607719206404,0.16667753507922686,0.9769881917310432,0.010943613627806754,-314008.51861372613,-0.9576410358498723,0.15210763154543297,30
0.796098845751912,0.15272750999135226,0.4729130022384551,0.005360393131698726,-323780.3409995719,-0.9837762338083337,0.17120650142672936,30
0.26161436560083084,0.16214690309801846,0.4393403670750629,0.01599186773410044,-338645.0329132318,-0.9628297611348854,0.15427853424017798,30
0.19971965571633005,0.1606238600618814,0.6700667369635916,0.014452482134476249,-530941.6749030247,-0.9690489159317801,0.15649162876249847,30
0.11207506853980762,0.16214690309801846,0.9177035843541824,0.01646310044132618,-289693.84962063184,-0.9754133283591436,0.1515343846764071,30
0.08918841081521227,0.15827948556534133,0.6700667369635916,0.01977715910300071,-336079.31182494276,-0.9783594450729419,0.1538522294559498,30
0.36925248419698553,0.16215304952970547,0.6705363594219576,0.0607316686382349,-340561.7360447959,-0.933439516753975,0.14724872660565475,30
0.0544620773352244,0.13737412969983134,0.7244553248606352,0.008870509893362605,-246467.54231167064,-0.9839860717190462,0.14685772146838058,30
0.9110387942200284,0.12408593523157692,0.49376056937517177,0.01599186773410044,-373812.3110901588,-0.976806108518435,0.15600035641953228,30
0.7437732427388861,0.1502161118293548,0.2597557975655722,0.004423775487395316,-366368.6750928387,-0.9864840769025344,0.1723295191706554,30
0.261040530767494,0.1394589004386606,0.4636555072918797,0.0012948540044648528,-272058.15586637094,-0.9933250882170371,0.15167465741246788,30
0.9543708324542193,0.16214690309801846,0.5702514420899982,0.0012970338540505,-334630.5083543206,-0.986183325608777,0.17227763548862965,30
0.1663679873434678,0.1966424341775314,0.45586494844225967,0.005459437682654004,-305305.7381466774,-0.9900381512205659,0.16767728495642542,30
0.18856300346486415,0.1606238600618814,0.2674835485764079,0.004304440495722966,-446495.1825290546,-0.984974147333307,0.1722647230950882,30
0.06185443919926155,0.14833231561345692,0.5604426870579998,0.005360393131698726,-284608.4796499024,-0.9820409496461905,0.1547310294598827,30
0.06185443919926155,0.14833231561345692,0.5603495254175471,0.005360393131698726,-496593.691787732,-0.9793367655103963,0.16434336165697216,30
0.7444803369586996,0.15015434786644177,0.28956272919810844,0.014461406860603994,-440475.8424061533,-0.98029965311722,0.16360420164124131,30
0.2825794949538224,0.1502161118293548,0.2847857976736019,0.004423775487395316,-214458.92541502617,-0.9939044137770101,0.16002238442911265,30
0.7348759418254533,0.1384786636136191,0.4159612936724446,0.0012948540044648528,-71334.3926184361,-0.9903849134534929,0.151038430034575,30
0.055683817666911106,0.15189838924880883,0.6836705212845563,0.0038464411618745215,-292992.43331221386,-0.9857252400565982,0.16624778657318207,30
0.2825794949538224,0.13496175356041112,0.4788017476500241,0.004278353197471559,-299447.68962175277,-0.9837975940407623,0.15607079289849388,30
0.049835676552552,0.12385924418073829,0.5122446656042654,0.005558507231294303,-193743.97073683585,-0.9805213580756197,0.14348479210388876,30
0.796098845751912,0.15262924226777386,0.2788970522648231,0.005360393131698726,-368879.7398792749,-0.9918905375137982,0.1737899757308993,30
0.7188876494708696,0.100458436589178,0.7467136430793982,0.30121640710829056,-370862.24177178746,-0.7743077198106297,0.15016593822234905,30
0.11438796309320398,0.16683533008286394,0.658468329302128,0.014072369440576875,-161684.80873056382,-0.9622996852507355,0.1451237257383375,30
0.18856300346486415,0.1606238600618814,0.49547861785473635,0.014452482134476249,-72904.68722591556,-0.9681541555871177,0.14525415818882662,30
0.1451974646992628,0.15189838924880883,0.26708363838713745,0.0067958573115657755,-298838.16378242284,-0.9838223971155484,0.1728813837575356,30
0.36925248419698553,0.16215304952970547,0.5980960182619552,0.05188822276805517,-479993.85960001295,-0.9101800963498582,0.16835077913037397,30
0.27368221684236516,0.1384786636136191,0.4636555072918797,0.0012948540044648528,-213837.84914385664,-0.9931583175740313,0.16330250568896934,30
0.15112745234808023,0.0944770804718705,0.4776749402850482,0.17172800702416247,-416170.771002175,-0.8363620927479097,0.15546289645653266,30
0.11438796309320398,0.16683533008286394,0.48065426427210556,0.015949974127897996,-409274.3342297825,-0.940531871312329,0.16757107892728904,30
0.08300161243437126,0.09127818653728884,0.9098716596102089,0.0596658868124722,-250464.84348828808,-0.8739715316283502,0.14741081478236848,30
0.36882027214597635,0.13893828737550293,0.6705363594219576,0.08088615105215521,-458226.263977834,-0.902998987923526,0.15580588754377575,30
0.14432294116342537,0.15015434786644177,0.2780800267203146,0.014461406860603994,-343353.6923786173,-0.9709171025117085,0.16493176488525194,30
0.17529039997107776,0.08333273927853768,0.8653549534331375,0.015522279389229773,-91568.27521045315,-0.9829414495253461,0.14858363197962152,30
0.18984217327073002,0.149067343536264,0.5641414667626924,0.004304440495722966,-152573.42589267867,-0.9880792444107939,0.1533463646815643,30
0.07568312126124958,0.15015434786644177,0.2780800267203146,0.014461406860603994,-269212.7853532339,-0.9881090615524015,0.1698309034155304,30
0.770180517796219,0.15114437859618898,0.6732361064597085,0.0596658868124722,-244385.6275666398,-0.9227341259131127,0.1496470227410241,30
0.7188876494708696,0.10142978262853222,0.7467136430793982,0.30121640710829056,-374107.17536325095,-0.8826058340676916,0.1524895068198829,30
0.6922363345543388,0.14806378318002597,0.8251088601980047,0.015949974127897996,-199262.07510772385,-0.9672838982928673,0.14662018543149313,30
0.167350526223088,0.15015434786644177,0.4729130022384551,0.015949974127897996,-166258.7846861095,-0.980093005320653,0.14583897587465003,30
0.19971965571633005,0.13189193933588553,0.68316150653922,0.014452482134476249,-323752.053879785,-0.9548976819812426,0.15703423346165454,30
0.09953547564650468,0.040824746391991504,0.46763810816574125,0.02457566466470539,-279600.42046038184,-0.952248491254949,0.15201252983344005,30
0.1699615814479581,0.15441813955302539,0.26708363838713745,0.0067958573115657755,-297787.7160227836,-0.9819653979302722,0.16163293268026765,30
0.7633628757335311,0.1533706611772995,0.2597557975655722,0.024925112153443514,-225181.11098161363,-0.9611726396004162,0.1571599337816515,30
0.7444803369586996,0.15015434786644177,0.2780800267203146,0.014461406860603994,-632392.815869687,-0.9543048117209842,0.15009526777513463,31
0.7188876494708696,0.10316351733822793,0.7467136430793982,0.30121640710829056,-322432.33848715323,-0.7699312503171986,0.14576351517183103,31
0.2690974936231182,0.16215304952970547,0.6705363594219576,0.0607316686382349,-309545.64119927166,-0.9400766325421176,0.1474686989849897,31
0.1663679873434678,0.15015434786644177,0.4729130022384551,0.005360393131698726,-221089.97596510276,-0.9893878921076364,0.14423740640519267,31
0.6973884012210998,0.10352911181414097,0.46600109688235725,0.026721275900081387,-270975.551367398,-0.9577943260880227,0.1396836006618035,31
0.6144607719206404,0.16667753507922686,0.9769881917310432,0.010943613627806754,-314008.51861372613,-0.9576410358498723,0.15210763154543297,31
0.796098845751912,0.15272750999135226,0.4729130022384551,0.005360393131698726,-323780.3409995719,-0.9837762338083337,0.17120650142672936,31
0.26161436560083084,0.16214690309801846,0.4393403670750629,0.01599186773410044,-338645.0329132318,-0.9628297611348854,0.15427853424017798,31
0.19971965571633005,0.1606238600618814,0.6700667369635916,0.014452482134476249,-530941.6749030247,-0.9690489159317801,0.15649162876249847,31
0.11207506853980762,0.16214690309801846,0.9177035843541824,0.01646310044132618,-289693.84962063184,-0.9754133283591436,0.1515343846764071,31
0.08918841081521227,0.15827948556534133,0.6700667369635916,0.01977715910300071,-336079.31182494276,-0.9783594450729419,0.1538522294559498,31
0.36925248419698553,0.16215304952970547,0.6705363594219576,0.0607316686382349,-340561.7360447959,-0.933439516753975,0.14724872660565475,31
0.0544620773352244,0.13737412969983134,0.7244553248606352,0.008870509893362605,-246467.54231167064,-0.9839860717190462,0.14685772146838058,31
0.9110387942200284,0.12408593523157692,0.49376056937517177,0.01599186773410044,-373812.3110901588,-0.976806108518435,0.15600035641953228,31
0.7437732427388861,0.1502161118293548,0.2597557975655722,0.004423775487395316,-366368.6750928387,-0.9864840769025344,0.1723295191706554,31
0.261040530767494,0.1394589004386606,0.4636555072918797,0.0012948540044648528,-272058.15586637094,-0.9933250882170371,0.15167465741246788,31
0.9543708324542193,0.16214690309801846,0.5702514420899982,0.0012970338540505,-334630.5083543206,-0.986183325608777,0.17227763548862965,31
0.18856300346486415,0.1606238600618814,0.2674835485764079,0.004304440495722966,-446495.1825290546,-0.984974147333307,0.1722647230950882,31
0.06185443919926155,0.14833231561345692,0.5604426870579998,0.005360393131698726,-284608.4796499024,-0.9820409496461905,0.1547310294598827,31
0.06185443919926155,0.14833231561345692,0.5603495254175471,0.005360393131698726,-496593.691787732,-0.9793367655103963,0.16434336165697216,31
0.7444803369586996,0.15015434786644177,0.28956272919810844,0.014461406860603994,-440475.8424061533,-0.98029965311722,0.16360420164124131,31
0.2825794949538224,0.1502161118293548,0.2847857976736019,0.004423775487395316,-214458.92541502617,-0.9939044137770101,0.16002238442911265,31
0.7348759418254533,0.1384786636136191,0.4159612936724446,0.0012948540044648528,-71334.3926184361,-0.9903849134534929,0.151038430034575,31
0.2825794949538224,0.13496175356041112,0.4788017476500241,0.004278353197471559,-299447.68962175277,-0.9837975940407623,0.15607079289849388,31
0.049835676552552,0.12385924418073829,0.5122446656042654,0.005558507231294303,-193743.97073683585,-0.9805213580756197,0.14348479210388876,31
0.796098845751912,0.15262924226777386,0.2788970522648231,0.005360393131698726,-368879.7398792749,-0.9918905375137982,0.1737899757308993,31
0.053940005517556275,0.13229217700195545,0.46636674013103974,0.0014221844959425196,-314487.8745203788,-0.9906418148863841,0.16077313034559204,31
0.06185443919926155,0.14833231561345692,0.5603495254175471,0.056922486966371345,-394292.154621619,-0.9143085025050798,0.1463801113645577,31
0.11438796309320398,0.16683533008286394,0.658468329302128,0.014072369440576875,-161684.80873056382,-0.9622996852507355,0.1451237257383375,31
0.7188876494708696,0.100458436589178,0.7467136430793982,0.30121640710829056,-370862.24177178746,-0.7743077198106297,0.15016593822234905,31
0.27368221684236516,0.1384786636136191,0.4636555072918797,0.0012948540044648528,-213837.84914385664,-0.9931583175740313,0.16330250568896934,31
0.36925248419698553,0.16215304952970547,0.5980960182619552,0.05188822276805517,-479993.85960001295,-0.9101800963498582,0.16835077913037397,31
0.18856300346486415,0.1606238600618814,0.49547861785473635,0.014452482134476249,-72904.68722591556,-0.9681541555871177,0.14525415818882662,31
0.15112745234808023,0.0944770804718705,0.4776749402850482,0.17172800702416247,-416170.771002175,-0.8363620927479097,0.15546289645653266,31
0.08300161243437126,0.09127818653728884,0.9098716596102089,0.0596658868124722,-250464.84348828808,-0.8739715316283502,0.14741081478236848,31
0.36882027214597635,0.13893828737550293,0.6705363594219576,0.08088615105215521,-458226.263977834,-0.902998987923526,0.15580588754377575,31
0.17529039997107776,0.08333273927853768,0.8653549534331375,0.015522279389229773,-91568.27521045315,-0.9829414495253461,0.14858363197962152,31
0.14432294116342537,0.15015434786644177,0.2780800267203146,0.014461406860603994,-343353.6923786173,-0.9709171025117085,0.16493176488525194,31
0.18984217327073002,0.149067343536264,0.5641414667626924,0.004304440495722966,-152573.42589267867,-0.9880792444107939,0.1533463646815643,31
0.7633628757335311,0.1533706611772995,0.2597557975655722,0.024925112153443514,-225181.11098161363,-0.9611726396004162,0.1571599337816515,31
0.7188876494708696,0.10142978262853222,0.7467136430793982,0.30121640710829056,-374107.17536325095,-0.8826058340676916,0.1524895068198829,31
0.09953547564650468,0.040824746391991504,0.46763810816574125,0.02457566466470539,-279600.42046038184,-0.952248491254949,0.15201252983344005,31
0.770180517796219,0.15114437859618898,0.6732361064597085,0.0596658868124722,-244385.6275666398,-0.9227341259131127,0.1496470227410241,31
0.11438796309320398,0.16683533008286394,0.48065426427210556,0.015949974127897996,-409274.3342297825,-0.940531871312329,0.16757107892728904,31
0.13548989257264565,0.14997422858705522,0.2780800267203146,0.014461406860603994,-154877.33133685729,-0.9847493940684738,0.16138477197004103,31
0.6922363345543388,0.14806378318002597,0.8251088601980047,0.015949974127897996,-199262.07510772385,-0.9672838982928673,0.14662018543149313,31
0.167350526223088,0.15015434786644177,0.4729130022384551,0.015949974127897996,-166258.7846861095,-0.980093005320653,0.14583897587465003,31
0.19971965571633005,0.13189193933588553,0.68316150653922,0.014452482134476249,-323752.053879785,-0.9548976819812426,0.15703423346165454,31
0.055683817666911106,0.15189838924880883,0.6836705212845563,0.0038464411618745215,-292992.43331221386,-0.9857252400565982,0.16624778657318207,31
0.1663679873434678,0.1966424341775314,0.45586494844225967,0.005459437682654004,-305305.7381466774,-0.9900381512205659,0.16767728495642542,31
0.7444803369586996,0.15015434786644177,0.2780800267203146,0.014461406860603994,-632392.815869687,-0.9543048117209842,0.15009526777513463,32
0.7188876494708696,0.10316351733822793,0.7467136430793982,0.30121640710829056,-322432.33848715323,-0.7699312503171986,0.14576351517183103,32
0.2690974936231182,0.16215304952970547,0.6705363594219576,0.0607316686382349,-309545.64119927166,-0.9400766325421176,0.1474686989849897,32
0.1663679873434678,0.15015434786644177,0.4729130022384551,0.005360393131698726,-221089.97596510276,-0.9893878921076364,0.14423740640519267,32
0.6973884012210998,0.10352911181414097,0.46600109688235725,0.026721275900081387,-270975.551367398,-0.9577943260880227,0.1396836006618035,32
0.19971965571633005,0.1606238600618814,0.6700667369635916,0.014452482134476249,-530941.6749030247,-0.9690489159317801,0.15649162876249847,32
0.11207506853980762,0.16214690309801846,0.9177035843541824,0.01646310044132618,-289693.84962063184,-0.9754133283591436,0.1515343846764071,32
0.36925248419698553,0.16215304952970547,0.6705363594219576,0.0607316686382349,-340561.7360447959,-0.933439516753975,0.14724872660565475,32
0.0544620773352244,0.13737412969983134,0.7244553248606352,0.008870509893362605,-246467.54231167064,-0.9839860717190462,0.14685772146838058,32
0.9110387942200284,0.12408593523157692,0.49376056937517177,0.01599186773410044,-373812.3110901588,-0.976806108518435,0.15600035641953228,32
0.7437732427388861,0.1502161118293548,0.2597557975655722,0.004423775487395316,-366368.6750928387,-0.9864840769025344,0.1723295191706554,32
0.261040530767494,0.1394589004386606,0.4636555072918797,0.0012948540044648528,-272058.15586637094,-0.9933250882170371,0.15167465741246788,32
0.18856300346486415,0.1606238600618814,0.2674835485764079,0.004304440495722966,-446495.1825290546,-0.984974147333307,0.1722647230950882,32
0.06185443919926155,0.14833231561345692,0.5603495254175471,0.005360393131698726,-496593.691787732,-0.9793367655103963,0.16434336165697216,32
0.7444803369586996,0.15015434786644177,0.28956272919810844,0.014461406860603994,-440475.8424061533,-0.98029965311722,0.16360420164124131,32
0.2825794949538224,0.1502161118293548,0.2847857976736019,0.004423775487395316,-214458.92541502617,-0.9939044137770101,0.16002238442911265,32
0.7348759418254533,0.1384786636136191,0.4159612936724446,0.0012948540044648528,-71334.3926184361,-0.9903849134534929,0.151038430034575,32
0.049835676552552,0.12385924418073829,0.5122446656042654,0.005558507231294303,-193743.97073683585,-0.9805213580756197,0.14348479210388876,32
0.796098845751912,0.15262924226777386,0.2788970522648231,0.005360393131698726,-368879.7398792749,-0.9918905375137982,0.1737899757308993,32
0.053940005517556275,0.13229217700195545,0.46636674013103974,0.0014221844959425196,-314487.8745203788,-0.9906418148863841,0.16077313034559204,32
0.06185443919926155,0.14833231561345692,0.5603495254175471,0.056922486966371345,-394292.154621619,-0.9143085025050798,0.1463801113645577,32
0.22870160829029812,0.14833231561345692,0.5296938670237153,0.0052811115621599,-342488.5710679491,-0.9892235634552765,0.15189329477469452,32
0.27368221684236516,0.1384786636136191,0.4636555072918797,0.0012948540044648528,-213837.84914385664,-0.9931583175740313,0.16330250568896934,32
0.18856300346486415,0.1606238600618814,0.49547861785473635,0.014452482134476249,-72904.68722591556,-0.9681541555871177,0.14525415818882662,32
0.11438796309320398,0.16683533008286394,0.658468329302128,0.014072369440576875,-161684.80873056382,-0.9622996852507355,0.1451237257383375,32
0.7188876494708696,0.100458436589178,0.7467136430793982,0.30121640710829056,-370862.24177178746,-0.7743077198106297,0.15016593822234905,32
0.9543708324542193,0.16214690309801846,0.5702514420899982,0.0012970338540505,-334630.5083543206,-0.986183325608777,0.17227763548862965,32
0.36925248419698553,0.16215304952970547,0.5980960182619552,0.05188822276805517,-479993.85960001295,-0.9101800963498582,0.16835077913037397,32
0.15112745234808023,0.0944770804718705,0.4776749402850482,0.17172800702416247,-416170.771002175,-0.8363620927479097,0.15546289645653266,32
0.08300161243437126,0.09127818653728884,0.9098716596102089,0.0596658868124722,-250464.84348828808,-0.8739715316283502,0.14741081478236848,32
0.36882027214597635,0.13893828737550293,0.6705363594219576,0.08088615105215521,-458226.263977834,-0.902998987923526,0.15580588754377575,32
0.11438796309320398,0.16683533008286394,0.48065426427210556,0.015949974127897996,-409274.3342297825,-0.940531871312329,0.16757107892728904,32
0.17529039997107776,0.08333273927853768,0.8653549534331375,0.015522279389229773,-91568.27521045315,-0.9829414495253461,0.14858363197962152,32
0.14432294116342537,0.15006983477042612,0.6791879902457402,0.005637250086420416,-215114.6654316026,-0.9843284888803333,0.1588079391409508,32
0.7188876494708696,0.10142978262853222,0.7467136430793982,0.30121640710829056,-374107.17536325095,-0.8826058340676916,0.1524895068198829,32
0.14432294116342537,0.15015434786644177,0.2780800267203146,0.014461406860603994,-343353.6923786173,-0.9709171025117085,0.16493176488525194,32
0.770180517796219,0.15114437859618898,0.6732361064597085,0.0596658868124722,-244385.6275666398,-0.9227341259131127,0.1496470227410241,32
0.18984217327073002,0.149067343536264,0.5641414667626924,0.004304440495722966,-152573.42589267867,-0.9880792444107939,0.1533463646815643,32
0.796098845751912,0.15272750999135226,0.4729130022384551,0.005360393131698726,-323780.3409995719,-0.9837762338083337,0.17120650142672936,32
0.6922363345543388,0.14806378318002597,0.8251088601980047,0.015949974127897996,-199262.07510772385,-0.9672838982928673,0.14662018543149313,32
0.13548989257264565,0.14997422858705522,0.2780800267203146,0.014461406860603994,-154877.33133685729,-0.9847493940684738,0.16138477197004103,32
0.09953547564650468,0.040824746391991504,0.46763810816574125,0.02457566466470539,-279600.42046038184,-0.952248491254949,0.15201252983344005,32
0.167350526223088,0.15015434786644177,0.4729130022384551,0.015949974127897996,-166258.7846861095,-0.980093005320653,0.14583897587465003,32
0.08378317193915491,0.1512184061368433,0.6732361064597085,0.05964813470486878,-310080.21735788643,-0.9226143043242825,0.15136043422190446,32
0.2825794949538224,0.13496175356041112,0.4788017476500241,0.004278353197471559,-299447.68962175277,-0.9837975940407623,0.15607079289849388,32
0.055683817666911106,0.15189838924880883,0.6836705212845563,0.0038464411618745215,-292992.43331221386,-0.9857252400565982,0.16624778657318207,32
0.6144607719206404,0.16667753507922686,0.9769881917310432,0.010943613627806754,-314008.51861372613,-0.9576410358498723,0.15210763154543297,32
0.06185443919926155,0.14833231561345692,0.5604426870579998,0.005360393131698726,-284608.4796499024,-0.9820409496461905,0.1547310294598827,32
0.08918841081521227,0.15827948556534133,0.6700667369635916,0.01977715910300071,-336079.31182494276,-0.9783594450729419,0.1538522294559498,32
0.1663679873434678,0.1966424341775314,0.45586494844225967,0.005459437682654004,-305305.7381466774,-0.9900381512205659,0.16767728495642542,32
0.7444803369586996,0.15015434786644177,0.2780800267203146,0.014461406860603994,-632392.815869687,-0.9543048117209842,0.15009526777513463,33
0.7188876494708696,0.10316351733822793,0.7467136430793982,0.30121640710829056,-322432.33848715323,-0.7699312503171986,0.14576351517183103,33
0.2690974936231182,0.16215304952970547,0.6705363594219576,0.0607316686382349,-309545.64119927166,-0.9400766325421176,0.1474686989849897,33
0.1663679873434678,0.15015434786644177,0.4729130022384551,0.005360393131698726,-221089.97596510276,-0.9893878921076364,0.14423740640519267,33
0.6973884012210998,0.10352911181414097,0.46600109688235725,0.026721275900081387,-270975.551367398,-0.9577943260880227,0.1396836006618035,33
0.19971965571633005,0.1606238600618814,0.6700667369635916,0.014452482134476249,-530941.6749030247,-0.9690489159317801,0.15649162876249847,33
0.11207506853980762,0.16214690309801846,0.9177035843541824,0.01646310044132618,-289693.84962063184,-0.9754133283591436,0.1515343846764071,33
0.36925248419698553,0.16215304952970547,0.6705363594219576,0.0607316686382349,-340561.7360447959,-0.933439516753975,0.14724872660565475,33
0.0544620773352244,0.13737412969983134,0.7244553248606352,0.008870509893362605,-246467.54231167064,-0.9839860717190462,0.14685772146838058,33
0.9110387942200284,0.12408593523157692,0.49376056937517177,0.01599186773410044,-373812.3110901588,-0.976806108518435,0.15600035641953228,33
0.7437732427388861,0.1502161118293548,0.2597557975655722,0.004423775487395316,-366368.6750928387,-0.9864840769025344,0.1723295191706554,33
0.261040530767494,0.1394589004386606,0.4636555072918797,0.0012948540044648528,-272058.15586637094,-0.9933250882170371,0.15167465741246788,33
0.18856300346486415,0.1606238600618814,0.2674835485764079,0.004304440495722966,-446495.1825290546,-0.984974147333307,0.1722647230950882,33
0.06185443919926155,0.14833231561345692,0.5603495254175471,0.005360393131698726,-496593.691787732,-0.9793367655103963,0.16434336165697216,33
0.7444803369586996,0.15015434786644177,0.28956272919810844,0.014461406860603994,-440475.8424061533,-0.98029965311722,0.16360420164124131,33
0.2825794949538224,0.1502161118293548,0.2847857976736019,0.004423775487395316,-214458.92541502617,-0.9939044137770101,0.16002238442911265,33
0.7348759418254533,0.1384786636136191,0.4159612936724446,0.0012948540044648528,-71334.3926184361,-0.9903849134534929,0.151038430034575,33
0.049835676552552,0.12385924418073829,0.5122446656042654,0.005558507231294303,-193743.97073683585,-0.9805213580756197,0.14348479210388876,33
0.796098845751912,0.15262924226777386,0.2788970522648231,0.005360393131698726,-368879.7398792749,-0.9918905375137982,0.1737899757308993,33
0.053940005517556275,0.13229217700195545,0.46636674013103974,0.0014221844959425196,-314487.8745203788,-0.9906418148863841,0.16077313034559204,33
0.06185443919926155,0.14833231561345692,0.5603495254175471,0.056922486966371345,-394292.154621619,-0.9143085025050798,0.1463801113645577,33
0.22870160829029812,0.14833231561345692,0.5296938670237153,0.0052811115621599,-342488.5710679491,-0.9892235634552765,0.15189329477469452,33
0.7108833406729247,0.13785209325945835,0.4159612936724446,0.0012948540044648528,-269873.6863290607,-0.9942209421142046,0.161723918396762,33
0.27368221684236516,0.1384786636136191,0.4636555072918797,0.0012948540044648528,-213837.84914385664,-0.9931583175740313,0.16330250568896934,33
0.11438796309320398,0.16683533008286394,0.658468329302128,0.014072369440576875,-161684.80873056382,-0.9622996852507355,0.1451237257383375,33
0.18856300346486415,0.1606238600618814,0.49547861785473635,0.014452482134476249,-72904.68722591556,-0.9681541555871177,0.14525415818882662,33
0.36925248419698553,0.16215304952970547,0.5980960182619552,0.05188822276805517,-479993.85960001295,-0.9101800963498582,0.16835077913037397,33
0.9543708324542193,0.16214690309801846,0.5702514420899982,0.0012970338540505,-334630.5083543206,-0.986183325608777,0.17227763548862965,33
0.7188876494708696,0.100458436589178,0.7467136430793982,0.30121640710829056,-370862.24177178746,-0.7743077198106297,0.15016593822234905,33
0.15112745234808023,0.0944770804718705,0.4776749402850482,0.17172800702416247,-416170.771002175,-0.8363620927479097,0.15546289645653266,33
0.08300161243437126,0.09127818653728884,0.9098716596102089,0.0596658868124722,-250464.84348828808,-0.8739715316283502,0.14741081478236848,33
0.36882027214597635,0.13893828737550293,0.6705363594219576,0.08088615105215521,-458226.263977834,-0.902998987923526,0.15580588754377575,33
0.17529039997107776,0.08333273927853768,0.8653549534331375,0.015522279389229773,-91568.27521045315,-0.9829414495253461,0.14858363197962152,33
0.14432294116342537,0.15006983477042612,0.6791879902457402,0.005637250086420416,-215114.6654316026,-0.9843284888803333,0.1588079391409508,33
0.11438796309320398,0.16683533008286394,0.48065426427210556,0.015949974127897996,-409274.3342297825,-0.940531871312329,0.16757107892728904,33
0.770180517796219,0.15114437859618898,0.6732361064597085,0.0596658868124722,-244385.6275666398,-0.9227341259131127,0.1496470227410241,33
0.18984217327073002,0.149067343536264,0.5641414667626924,0.004304440495722966,-152573.42589267867,-0.9880792444107939,0.1533463646815643,33
0.14432294116342537,0.15015434786644177,0.2780800267203146,0.014461406860603994,-343353.6923786173,-0.9709171025117085,0.16493176488525194,33
0.7188876494708696,0.10142978262853222,0.7467136430793982,0.30121640710829056,-374107.17536325095,-0.8826058340676916,0.1524895068198829,33
0.6922363345543388,0.14806378318002597,0.8251088601980047,0.015949974127897996,-199262.07510772385,-0.9672838982928673,0.14662018543149313,33
0.796098845751912,0.15272750999135226,0.4729130022384551,0.005360393131698726,-323780.3409995719,-0.9837762338083337,0.17120650142672936,33
0.09953547564650468,0.040824746391991504,0.46763810816574125,0.02457566466470539,-279600.42046038184,-0.952248491254949,0.15201252983344005,33
0.167350526223088,0.15015434786644177,0.4729130022384551,0.015949974127897996,-166258.7846861095,-0.980093005320653,0.14583897587465003,33
0.08378317193915491,0.1512184061368433,0.6732361064597085,0.05964813470486878,-310080.21735788643,-0.9226143043242825,0.15136043422190446,33
0.06185443919926155,0.14833231561345692,0.5701931209837806,0.005360393131698726,-384274.5938190603,-0.9786847933438927,0.16560310732963648,33
0.17529039997107776,0.07305621611019576,0.8390859787370335,0.0028683015489742213,-157136.28921789062,-0.9891327845979333,0.157942378860625,33
0.08918841081521227,0.15827948556534133,0.6700667369635916,0.01977715910300071,-336079.31182494276,-0.9783594450729419,0.1538522294559498,33
0.06185443919926155,0.14833231561345692,0.5604426870579998,0.005360393131698726,-284608.4796499024,-0.9820409496461905,0.1547310294598827,33
0.2825794949538224,0.13496175356041112,0.4788017476500241,0.004278353197471559,-299447.68962175277,-0.9837975940407623,0.15607079289849388,33
0.6144607719206404,0.16667753507922686,0.9769881917310432,0.010943613627806754,-314008.51861372613,-0.9576410358498723,0.15210763154543297,33
0.7444803369586996,0.15015434786644177,0.2780800267203146,0.014461406860603994,-632392.815869687,-0.9543048117209842,0.15009526777513463,34
0.7188876494708696,0.10316351733822793,0.7467136430793982,0.30121640710829056,-322432.33848715323,-0.7699312503171986,0.14576351517183103,34
0.2690974936231182,0.16215304952970547,0.6705363594219576,0.0607316686382349,-309545.64119927166,-0.9400766325421176,0.1474686989849897,34
0.1663679873434678,0.15015434786644177,0.4729130022384551,0.005360393131698726,-221089.97596510276,-0.9893878921076364,0.14423740640519267,34
0.6973884012210998,0.10352911181414097,0.46600109688235725,0.026721275900081387,-270975.551367398,-0.9577943260880227,0.1396836006618035,34
0.19971965571633005,0.1606238600618814,0.6700667369635916,0.014452482134476249,-530941.6749030247,-0.9690489159317801,0.15649162876249847,34
0.11207506853980762,0.16214690309801846,0.9177035843541824,0.01646310044132618,-289693.84962063184,-0.9754133283591436,0.1515343846764071,34
0.36925248419698553,0.16215304952970547,0.6705363594219576,0.0607316686382349,-340561.7360447959,-0.933439516753975,0.14724872660565475,34
0.0544620773352244,0.13737412969983134,0.7244553248606352,0.008870509893362605,-246467.54231167064,-0.9839860717190462,0.14685772146838058,34
0.9110387942200284,0.12408593523157692,0.49376056937517177,0.01599186773410044,-373812.3110901588,-0.976806108518435,0.15600035641953228,34
0.7437732427388861,0.1502161118293548,0.2597557975655722,0.004423775487395316,-366368.6750928387,-0.9864840769025344,0.1723295191706554,34
0.261040530767494,0.1394589004386606,0.4636555072918797,0.0012948540044648528,-272058.15586637094,-0.9933250882170371,0.15167465741246788,34
0.18856300346486415,0.1606238600618814,0.2674835485764079,0.004304440495722966,-446495.1825290546,-0.984974147333307,0.1722647230950882,34
0.06185443919926155,0.14833231561345692,0.5603495254175471,0.005360393131698726,-496593.691787732,-0.9793367655103963,0.16434336165697216,34
0.7444803369586996,0.15015434786644177,0.28956272919810844,0.014461406860603994,-440475.8424061533,-0.98029965311722,0.16360420164124131,34
0.2825794949538224,0.1502161118293548,0.2847857976736019,0.004423775487395316,-214458.92541502617,-0.9939044137770101,0.16002238442911265,34
0.7348759418254533,0.1384786636136191,0.4159612936724446,0.0012948540044648528,-71334.3926184361,-0.9903849134534929,0.151038430034575,34
0.049835676552552,0.12385924418073829,0.5122446656042654,0.005558507231294303,-193743.97073683585,-0.9805213580756197,0.14348479210388876,34
0.796098845751912,0.15262924226777386,0.2788970522648231,0.005360393131698726,-368879.7398792749,-0.9918905375137982,0.1737899757308993,34
0.053940005517556275,0.13229217700195545,0.46636674013103974,0.0014221844959425196,-314487.8745203788,-0.9906418148863841,0.16077313034559204,34
0.06185443919926155,0.14833231561345692,0.5603495254175471,0.056922486966371345,-394292.154621619,-0.9143085025050798,0.1463801113645577,34
0.22870160829029812,0.14833231561345692,0.5296938670237153,0.0052811115621599,-342488.5710679491,-0.9892235634552765,0.15189329477469452,34
0.7108833406729247,0.13785209325945835,0.4159612936724446,0.0012948540044648528,-269873.6863290607,-0.9942209421142046,0.161723918396762,34
0.15112745234808023,0.0944770804718705,0.4776749402850482,0.17172800702416247,-416170.771002175,-0.8363620927479097,0.15546289645653266,34
0.36882027214597635,0.13893828737550293,0.6705363594219576,0.08088615105215521,-458226.263977834,-0.902998987923526,0.15580588754377575,34
0.6922363345543388,0.14806378318002597,0.8251088601980047,0.015949974127897996,-199262.07510772385,-0.9672838982928673,0.14662018543149313,34
0.36925248419698553,0.1667628480266498,0.6553418960442855,0.05188822276805517,-481830.4985355446,-0.9563076828253378,0.15697530409147012,34
0.08378317193915491,0.1512184061368433,0.6732361064597085,0.05964813470486878,-310080.21735788643,-0.9226143043242825,0.15136043422190446,34
0.17529039997107776,0.08333273927853768,0.8653549534331375,0.015522279389229773,-91568.27521045315,-0.9829414495253461,0.14858363197962152,34
0.770180517796219,0.15114437859618898,0.6732361064597085,0.0596658868124722,-244385.6275666398,-0.9227341259131127,0.1496470227410241,34
0.11438796309320398,0.16222553158591962,0.6012224515197978,0.014072369440576875,-445493.69040501147,-0.9718928825309482,0.17029922325450775,34
0.14432294116342537,0.15015434786644177,0.2780800267203146,0.014461406860603994,-343353.6923786173,-0.9709171025117085,0.16493176488525194,34
0.06185443919926155,0.14833231561345692,0.5701931209837806,0.005360393131698726,-384274.5938190603,-0.9786847933438927,0.16560310732963648,34
0.11438796309320398,0.16683533008286394,0.658468329302128,0.014072369440576875,-161684.80873056382,-0.9622996852507355,0.1451237257383375,34
0.18856300346486415,0.1606238600618814,0.49547861785473635,0.014452482134476249,-72904.68722591556,-0.9681541555871177,0.14525415818882662,34
0.167350526223088,0.15015434786644177,0.4729130022384551,0.015949974127897996,-166258.7846861095,-0.980093005320653,0.14583897587465003,34
0.7188876494708696,0.100458436589178,0.7467136430793982,0.30121640710829056,-370862.24177178746,-0.7743077198106297,0.15016593822234905,34
0.08300161243437126,0.09127818653728884,0.9098716596102089,0.0596658868124722,-250464.84348828808,-0.8739715316283502,0.14741081478236848,34
0.7188876494708696,0.10142978262853222,0.7467136430793982,0.30121640710829056,-374107.17536325095,-0.8826058340676916,0.1524895068198829,34
0.9543708324542193,0.16214690309801846,0.5702514420899982,0.0012970338540505,-334630.5083543206,-0.986183325608777,0.17227763548862965,34
0.14432294116342537,0.15006983477042612,0.6791879902457402,0.005637250086420416,-215114.6654316026,-0.9843284888803333,0.1588079391409508,34
0.18984217327073002,0.149067343536264,0.5641414667626924,0.004304440495722966,-152573.42589267867,-0.9880792444107939,0.1533463646815643,34
0.796098845751912,0.15272750999135226,0.4729130022384551,0.005360393131698726,-323780.3409995719,-0.9837762338083337,0.17120650142672936,34
0.09953547564650468,0.040824746391991504,0.46763810816574125,0.02457566466470539,-279600.42046038184,-0.952248491254949,0.15201252983344005,34
0.17529039997107776,0.07305621611019576,0.8390859787370335,0.0028683015489742213,-157136.28921789062,-0.9891327845979333,0.157942378860625,34
0.08918841081521227,0.15827948556534133,0.6700667369635916,0.01977715910300071,-336079.31182494276,-0.9783594450729419,0.1538522294559498,34
0.06185443919926155,0.14833231561345692,0.5604426870579998,0.005360393131698726,-284608.4796499024,-0.9820409496461905,0.1547310294598827,34
0.2825794949538224,0.13496175356041112,0.4788017476500241,0.004278353197471559,-299447.68962175277,-0.9837975940407623,0.15607079289849388,34
0.6144607719206404,0.16667753507922686,0.9769881917310432,0.010943613627806754,-314008.51861372613,-0.9576410358498723,0.15210763154543297,34
0.27368221684236516,0.1384786636136191,0.4636555072918797,0.0012948540044648528,-213837.84914385664,-0.9931583175740313,0.16330250568896934,34
0.7444803369586996,0.15015434786644177,0.2780800267203146,0.014461406860603994,-632392.815869687,-0.9543048117209842,0.15009526777513463,35
0.7188876494708696,0.10316351733822793,0.7467136430793982,0.30121640710829056,-322432.33848715323,-0.7699312503171986,0.14576351517183103,35
0.2690974936231182,0.16215304952970547,0.6705363594219576,0.0607316686382349,-309545.64119927166,-0.9400766325421176,0.1474686989849897,35
0.1663679873434678,0.15015434786644177,0.4729130022384551,0.005360393131698726,-221089.97596510276,-0.9893878921076364,0.14423740640519267,35
0.6973884012210998,0.10352911181414097,0.46600109688235725,0.026721275900081387,-270975.551367398,-0.9577943260880227,0.1396836006618035,35
0.19971965571633005,0.1606238600618814,0.6700667369635916,0.014452482134476249,-530941.6749030247,-0.9690489159317801,0.15649162876249847,35
0.11207506853980762,0.16214690309801846,0.9177035843541824,0.01646310044132618,-289693.84962063184,-0.9754133283591436,0.1515343846764071,35
0.36925248419698553,0.16215304952970547,0.6705363594219576,0.0607316686382349,-340561.7360447959,-0.933439516753975,0.14724872660565475,35
0.0544620773352244,0.13737412969983134,0.7244553248606352,0.008870509893362605,-246467.54231167064,-0.9839860717190462,0.14685772146838058,35
0.9110387942200284,0.12408593523157692,0.49376056937517177,0.01599186773410044,-373812.3110901588,-0.976806108518435,0.15600035641953228,35
0.7437732427388861,0.1502161118293548,0.2597557975655722,0.004423775487395316,-366368.6750928387,-0.9864840769025344,0.1723295191706554,35
0.261040530767494,0.1394589004386606,0.4636555072918797,0.0012948540044648528,-272058.15586637094,-0.9933250882170371,0.15167465741246788,35
0.18856300346486415,0.1606238600618814,0.2674835485764079,0.004304440495722966,-446495.1825290546,-0.984974147333307,0.1722647230950882,35
0.06185443919926155,0.14833231561345692,0.5603495254175471,0.005360393131698726,-496593.691787732,-0.9793367655103963,0.16434336165697216,35
0.7444803369586996,0.15015434786644177,0.28956272919810844,0.014461406860603994,-440475.8424061533,-0.98029965311722,0.16360420164124131,35
0.2825794949538224,0.1502161118293548,0.2847857976736019,0.004423775487395316,-214458.92541502617,-0.9939044137770101,0.16002238442911265,35
0.7348759418254533,0.1384786636136191,0.4159612936724446,0.0012948540044648528,-71334.3926184361,-0.9903849134534929,0.151038430034575,35
0.049835676552552,0.12385924418073829,0.5122446656042654,0.005558507231294303,-193743.97073683585,-0.9805213580756197,0.14348479210388876,35
0.796098845751912,0.15262924226777386,0.2788970522648231,0.005360393131698726,-368879.7398792749,-0.9918905375137982,0.1737899757308993,35
0.053940005517556275,0.13229217700195545,0.46636674013103974,0.0014221844959425196,-314487.8745203788,-0.9906418148863841,0.16077313034559204,35
0.06185443919926155,0.14833231561345692,0.5603495254175471,0.056922486966371345,-394292.154621619,-0.9143085025050798,0.1463801113645577,35
0.22870160829029812,0.14833231561345692,0.5296938670237153,0.0052811115621599,-342488.5710679491,-0.9892235634552765,0.15189329477469452,35
0.7108833406729247,0.13785209325945835,0.4159612936724446,0.0012948540044648528,-269873.6863290607,-0.9942209421142046,0.161723918396762,35
0.36925248419698553,0.1667628480266498,0.6553418960442855,0.05188822276805517,-481830.4985355446,-0.9563076828253378,0.15697530409147012,35
0.18856300346486415,0.1606238600618814,0.49547861785473635,0.014452482134476249,-72904.68722591556,-0.9681541555871177,0.14525415818882662,35
0.27368221684236516,0.1384786636136191,0.4636555072918797,0.0012948540044648528,-213837.84914385664,-0.9931583175740313,0.16330250568896934,35
0.11438796309320398,0.16683533008286394,0.658468329302128,0.014072369440576875,-161684.80873056382,-0.9622996852507355,0.1451237257383375,35
0.9543708324542193,0.16214690309801846,0.5702514420899982,0.0012970338540505,-334630.5083543206,-0.986183325608777,0.17227763548862965,35
0.7188876494708696,0.100458436589178,0.7467136430793982,0.30121640710829056,-370862.24177178746,-0.7743077198106297,0.15016593822234905,35
0.15112745234808023,0.0944770804718705,0.4776749402850482,0.17172800702416247,-416170.771002175,-0.8363620927479097,0.15546289645653266,35
0.11438796309320398,0.16222553158591962,0.6012224515197978,0.014072369440576875,-445493.69040501147,-0.9718928825309482,0.17029922325450775,35
0.08300161243437126,0.09127818653728884,0.9098716596102089,0.0596658868124722,-250464.84348828808,-0.8739715316283502,0.14741081478236848,35
0.36882027214597635,0.13893828737550293,0.6705363594219576,0.08088615105215521,-458226.263977834,-0.902998987923526,0.15580588754377575,35
0.17529039997107776,0.08333273927853768,0.8653549534331375,0.015522279389229773,-91568.27521045315,-0.9829414495253461,0.14858363197962152,35
0.06185443919926155,0.14833231561345692,0.5701931209837806,0.005360393131698726,-384274.5938190603,-0.9786847933438927,0.16560310732963648,35
0.14432294116342537,0.15006983477042612,0.6791879902457402,0.005637250086420416,-215114.6654316026,-0.9843284888803333,0.1588079391409508,35
0.770180517796219,0.15114437859618898,0.6732361064597085,0.0596658868124722,-244385.6275666398,-0.9227341259131127,0.1496470227410241,35
0.09953547564650468,0.040824746391991504,0.46763810816574125,0.02457566466470539,-279600.42046038184,-0.952248491254949,0.15201252983344005,35
0.18984217327073002,0.149067343536264,0.5641414667626924,0.004304440495722966,-152573.42589267867,-0.9880792444107939,0.1533463646815643,35
0.23445439192882384,0.10316351733822793,0.7364265439951192,0.2932862692116337,-383731.7187167979,-0.8518201395130046,0.15377420184661725,35
0.7188876494708696,0.10142978262853222,0.7467136430793982,0.30121640710829056,-374107.17536325095,-0.8826058340676916,0.1524895068198829,35
0.6922363345543388,0.14806378318002597,0.8251088601980047,0.015949974127897996,-199262.07510772385,-0.9672838982928673,0.14662018543149313,35
0.08378317193915491,0.1512184061368433,0.6732361064597085,0.05964813470486878,-310080.21735788643,-0.9226143043242825,0.15136043422190446,35
0.14432294116342537,0.15015434786644177,0.2780800267203146,0.014461406860603994,-343353.6923786173,-0.9709171025117085,0.16493176488525194,35
0.167350526223088,0.15015434786644177,0.4729130022384551,0.015949974127897996,-166258.7846861095,-0.980093005320653,0.14583897587465003,35
0.796098845751912,0.15272750999135226,0.4729130022384551,0.005360393131698726,-323780.3409995719,-0.9837762338083337,0.17120650142672936,35
0.06185443919926155,0.14833231561345692,0.5604426870579998,0.005360393131698726,-284608.4796499024,-0.9820409496461905,0.1547310294598827,35
0.17529039997107776,0.07305621611019576,0.8390859787370335,0.0028683015489742213,-157136.28921789062,-0.9891327845979333,0.157942378860625,35
0.2825794949538224,0.13496175356041112,0.4788017476500241,0.004278353197471559,-299447.68962175277,-0.9837975940407623,0.15607079289849388,35
0.08918841081521227,0.15827948556534133,0.6700667369635916,0.01977715910300071,-336079.31182494276,-0.9783594450729419,0.1538522294559498,35
0.7444803369586996,0.15015434786644177,0.2780800267203146,0.014461406860603994,-632392.815869687,-0.9543048117209842,0.15009526777513463,36
0.7188876494708696,0.10316351733822793,0.7467136430793982,0.30121640710829056,-322432.33848715323,-0.7699312503171986,0.14576351517183103,36
0.2690974936231182,0.16215304952970547,0.6705363594219576,0.0607316686382349,-309545.64119927166,-0.9400766325421176,0.1474686989849897,36
0.1663679873434678,0.15015434786644177,0.4729130022384551,0.005360393131698726,-221089.97596510276,-0.9893878921076364,0.14423740640519267,36
0.6973884012210998,0.10352911181414097,0.46600109688235725,0.026721275900081387,-270975.551367398,-0.9577943260880227,0.1396836006618035,36
0.19971965571633005,0.1606238600618814,0.6700667369635916,0.014452482134476249,-530941.6749030247,-0.9690489159317801,0.15649162876249847,36
0.11207506853980762,0.16214690309801846,0.9177035843541824,0.01646310044132618,-289693.84962063184,-0.9754133283591436,0.1515343846764071,36
0.36925248419698553,0.16215304952970547,0.6705363594219576,0.0607316686382349,-340561.7360447959,-0.933439516753975,0.14724872660565475,36
0.0544620773352244,0.13737412969983134,0.7244553248606352,0.008870509893362605,-246467.54231167064,-0.9839860717190462,0.14685772146838058,36
0.9110387942200284,0.12408593523157692,0.49376056937517177,0.01599186773410044,-373812.3110901588,-0.976806108518435,0.15600035641953228,36
0.7437732427388861,0.1502161118293548,0.2597557975655722,0.004423775487395316,-366368.6750928387,-0.9864840769025344,0.1723295191706554,36
0.261040530767494,0.1394589004386606,0.4636555072918797,0.0012948540044648528,-272058.15586637094,-0.9933250882170371,0.15167465741246788,36
0.18856300346486415,0.1606238600618814,0.2674835485764079,0.004304440495722966,-446495.1825290546,-0.984974147333307,0.1722647230950882,36
0.06185443919926155,0.14833231561345692,0.5603495254175471,0.005360393131698726,-496593.691787732,-0.9793367655103963,0.16434336165697216,36
0.7444803369586996,0.15015434786644177,0.28956272919810844,0.014461406860603994,-440475.8424061533,-0.98029965311722,0.16360420164124131,36
0.2825794949538224,0.1502161118293548,0.2847857976736019,0.004423775487395316,-214458.92541502617,-0.9939044137770101,0.16002238442911265,36
0.7348759418254533,0.1384786636136191,0.4159612936724446,0.0012948540044648528,-71334.3926184361,-0.9903849134534929,0.151038430034575,36
0.049835676552552,0.12385924418073829,0.5122446656042654,0.005558507231294303,-193743.97073683585,-0.9805213580756197,0.14348479210388876,36
0.796098845751912,0.15262924226777386,0.2788970522648231,0.005360393131698726,-368879.7398792749,-0.9918905375137982,0.1737899757308993,36
0.053940005517556275,0.13229217700195545,0.46636674013103974,0.0014221844959425196,-314487.8745203788,-0.9906418148863841,0.16077313034559204,36
0.06185443919926155,0.14833231561345692,0.5603495254175471,0.056922486966371345,-394292.154621619,-0.9143085025050798,0.1463801113645577,36
0.22870160829029812,0.14833231561345692,0.5296938670237153,0.0052811115621599,-342488.5710679491,-0.9892235634552765,0.15189329477469452,36
0.7108833406729247,0.13785209325945835,0.4159612936724446,0.0012948540044648528,-269873.6863290607,-0.9942209421142046,0.161723918396762,36
0.3689060939450376,0.13893828737550293,0.4225557641322915,0.0009784898468434347,-342642.58206146647,-0.9867211146809377,0.1609865957538054,36
0.17028075002099508,0.15131094099721812,0.5641414667626924,0.004304440495722966,-486046.92295336863,-0.9777164315115069,0.1614939919333883,36
0.27368221684236516,0.1384786636136191,0.4636555072918797,0.0012948540044648528,-213837.84914385664,-0.9931583175740313,0.16330250568896934,36
0.18856300346486415,0.1606238600618814,0.49547861785473635,0.014452482134476249,-72904.68722591556,-0.9681541555871177,0.14525415818882662,36
0.36925248419698553,0.1667628480266498,0.6553418960442855,0.05188822276805517,-481830.4985355446,-0.9563076828253378,0.15697530409147012,36
0.7188876494708696,0.100458436589178,0.7467136430793982,0.30121640710829056,-370862.24177178746,-0.7743077198106297,0.15016593822234905,36
0.11438796309320398,0.16683533008286394,0.658468329302128,0.014072369440576875,-161684.80873056382,-0.9622996852507355,0.1451237257383375,36
0.9543708324542193,0.16214690309801846,0.5702514420899982,0.0012970338540505,-334630.5083543206,-0.986183325608777,0.17227763548862965,36
0.15112745234808023,0.0944770804718705,0.4776749402850482,0.17172800702416247,-416170.771002175,-0.8363620927479097,0.15546289645653266,36
0.11438796309320398,0.16222553158591962,0.6012224515197978,0.014072369440576875,-445493.69040501147,-0.9718928825309482,0.17029922325450775,36
0.08300161243437126,0.09127818653728884,0.9098716596102089,0.0596658868124722,-250464.84348828808,-0.8739715316283502,0.14741081478236848,36
0.36882027214597635,0.13893828737550293,0.6705363594219576,0.08088615105215521,-458226.263977834,-0.902998987923526,0.15580588754377575,36
0.17529039997107776,0.08333273927853768,0.8653549534331375,0.015522279389229773,-91568.27521045315,-0.9829414495253461,0.14858363197962152,36
0.06185443919926155,0.14833231561345692,0.5701931209837806,0.005360393131698726,-384274.5938190603,-0.9786847933438927,0.16560310732963648,36
0.14432294116342537,0.15006983477042612,0.6791879902457402,0.005637250086420416,-215114.6654316026,-0.9843284888803333,0.1588079391409508,36
0.770180517796219,0.15114437859618898,0.6732361064597085,0.0596658868124722,-244385.6275666398,-0.9227341259131127,0.1496470227410241,36
0.09953547564650468,0.040824746391991504,0.46763810816574125,0.02457566466470539,-279600.42046038184,-0.952248491254949,0.15201252983344005,36
0.18984217327073002,0.149067343536264,0.5641414667626924,0.004304440495722966,-152573.42589267867,-0.9880792444107939,0.1533463646815643,36
0.08378317193915491,0.1512184061368433,0.6732361064597085,0.05964813470486878,-310080.21735788643,-0.9226143043242825,0.15136043422190446,36
0.23445439192882384,0.10316351733822793,0.7364265439951192,0.2932862692116337,-383731.7187167979,-0.8518201395130046,0.15377420184661725,36
0.7188876494708696,0.10142978262853222,0.7467136430793982,0.30121640710829056,-374107.17536325095,-0.8826058340676916,0.1524895068198829,36
0.6922363345543388,0.14806378318002597,0.8251088601980047,0.015949974127897996,-199262.07510772385,-0.9672838982928673,0.14662018543149313,36
0.14432294116342537,0.15015434786644177,0.2780800267203146,0.014461406860603994,-343353.6923786173,-0.9709171025117085,0.16493176488525194,36
0.167350526223088,0.15015434786644177,0.4729130022384551,0.015949974127897996,-166258.7846861095,-0.980093005320653,0.14583897587465003,36
0.796098845751912,0.15272750999135226,0.4729130022384551,0.005360393131698726,-323780.3409995719,-0.9837762338083337,0.17120650142672936,36
0.06185443919926155,0.14833231561345692,0.5604426870579998,0.005360393131698726,-284608.4796499024,-0.9820409496461905,0.1547310294598827,36
0.17529039997107776,0.07305621611019576,0.8390859787370335,0.0028683015489742213,-157136.28921789062,-0.9891327845979333,0.157942378860625,36
0.7444803369586996,0.15015434786644177,0.2780800267203146,0.014461406860603994,-632392.815869687,-0.9543048117209842,0.15009526777513463,37
0.7188876494708696,0.10316351733822793,0.7467136430793982,0.30121640710829056,-322432.33848715323,-0.7699312503171986,0.14576351517183103,37
0.2690974936231182,0.16215304952970547,0.6705363594219576,0.0607316686382349,-309545.64119927166,-0.9400766325421176,0.1474686989849897,37
0.1663679873434678,0.15015434786644177,0.4729130022384551,0.005360393131698726,-221089.97596510276,-0.9893878921076364,0.14423740640519267,37
0.6973884012210998,0.10352911181414097,0.46600109688235725,0.026721275900081387,-270975.551367398,-0.9577943260880227,0.1396836006618035,37
0.19971965571633005,0.1606238600618814,0.6700667369635916,0.014452482134476249,-530941.6749030247,-0.9690489159317801,0.15649162876249847,37
0.11207506853980762,0.16214690309801846,0.9177035843541824,0.01646310044132618,-289693.84962063184,-0.9754133283591436,0.1515343846764071,37
0.36925248419698553,0.16215304952970547,0.6705363594219576,0.0607316686382349,-340561.7360447959,-0.933439516753975,0.14724872660565475,37
0.0544620773352244,0.13737412969983134,0.7244553248606352,0.008870509893362605,-246467.54231167064,-0.9839860717190462,0.14685772146838058,37
0.9110387942200284,0.12408593523157692,0.49376056937517177,0.01599186773410044,-373812.3110901588,-0.976806108518435,0.15600035641953228,37
0.7437732427388861,0.1502161118293548,0.2597557975655722,0.004423775487395316,-366368.6750928387,-0.9864840769025344,0.1723295191706554,37
0.261040530767494,0.1394589004386606,0.4636555072918797,0.0012948540044648528,-272058.15586637094,-0.9933250882170371,0.15167465741246788,37
0.18856300346486415,0.1606238600618814,0.2674835485764079,0.004304440495722966,-446495.1825290546,-0.984974147333307,0.1722647230950882,37
0.06185443919926155,0.14833231561345692,0.5603495254175471,0.005360393131698726,-496593.691787732,-0.9793367655103963,0.16434336165697216,37
0.7444803369586996,0.15015434786644177,0.28956272919810844,0.014461406860603994,-440475.8424061533,-0.98029965311722,0.16360420164124131,37
0.2825794949538224,0.1502161118293548,0.2847857976736019,0.004423775487395316,-214458.92541502617,-0.9939044137770101,0.16002238442911265,37
0.7348759418254533,0.1384786636136191,0.4159612936724446,0.0012948540044648528,-71334.3926184361,-0.9903849134534929,0.151038430034575,37
0.049835676552552,0.12385924418073829,0.5122446656042654,0.005558507231294303,-193743.97073683585,-0.9805213580756197,0.14348479210388876,37
0.796098845751912,0.15262924226777386,0.2788970522648231,0.005360393131698726,-368879.7398792749,-0.9918905375137982,0.1737899757308993,37
0.053940005517556275,0.13229217700195545,0.46636674013103974,0.0014221844959425196,-314487.8745203788,-0.9906418148863841,0.16077313034559204,37
0.06185443919926155,0.14833231561345692,0.5603495254175471,0.056922486966371345,-394292.154621619,-0.9143085025050798,0.1463801113645577,37
0.22870160829029812,0.14833231561345692,0.5296938670237153,0.0052811115621599,-342488.5710679491,-0.9892235634552765,0.15189329477469452,37
0.7108833406729247,0.13785209325945835,0.4159612936724446,0.0012948540044648528,-269873.6863290607,-0.9942209421142046,0.161723918396762,37
0.3689060939450376,0.13893828737550293,0.4225557641322915,0.0009784898468434347,-342642.58206146647,-0.9867211146809377,0.1609865957538054,37
0.17028075002099508,0.15131094099721812,0.5641414667626924,0.004304440495722966,-486046.92295336863,-0.9777164315115069,0.1614939919333883,37
0.796098845751912,0.13967326034051922,0.5149155358275339,0.005360393131698726,-414407.3611377867,-0.9860235612323653,0.1573205859043349,37
0.9543708324542193,0.16214690309801846,0.5702514420899982,0.0012970338540505,-334630.5083543206,-0.986183325608777,0.17227763548862965,37
0.27368221684236516,0.1384786636136191,0.4636555072918797,0.0012948540044648528,-213837.84914385664,-0.9931583175740313,0.16330250568896934,37
0.36925248419698553,0.1667628480266498,0.6553418960442855,0.05188822276805517,-481830.4985355446,-0.9563076828253378,0.15697530409147012,37
0.7188876494708696,0.100458436589178,0.7467136430793982,0.30121640710829056,-370862.24177178746,-0.7743077198106297,0.15016593822234905,37
0.11438796309320398,0.16683533008286394,0.658468329302128,0.014072369440576875,-161684.80873056382,-0.9622996852507355,0.1451237257383375,37
0.18856300346486415,0.1606238600618814,0.49547861785473635,0.014452482134476249,-72904.68722591556,-0.9681541555871177,0.14525415818882662,37
0.15112745234808023,0.0944770804718705,0.4776749402850482,0.17172800702416247,-416170.771002175,-0.8363620927479097,0.15546289645653266,37
0.11438796309320398,0.16222553158591962,0.6012224515197978,0.014072369440576875,-445493.69040501147,-0.9718928825309482,0.17029922325450775,37
0.36882027214597635,0.13893828737550293,0.6705363594219576,0.08088615105215521,-458226.263977834,-0.902998987923526,0.15580588754377575,37
0.06185443919926155,0.14833231561345692,0.5701931209837806,0.005360393131698726,-384274.5938190603,-0.9786847933438927,0.16560310732963648,37
0.08300161243437126,0.09127818653728884,0.9098716596102089,0.0596658868124722,-250464.84348828808,-0.8739715316283502,0.14741081478236848,37
0.17529039997107776,0.08333273927853768,0.8653549534331375,0.015522279389229773,-91568.27521045315,-0.9829414495253461,0.14858363197962152,37
0.770180517796219,0.15114437859618898,0.6732361064597085,0.0596658868124722,-244385.6275666398,-0.9227341259131127,0.1496470227410241,37
0.09953547564650468,0.040824746391991504,0.46763810816574125,0.02457566466470539,-279600.42046038184,-0.952248491254949,0.15201252983344005,37
0.167350526223088,0.15015434786644177,0.4729130022384551,0.023394499213153945,-413831.3250372822,-0.96623624992719,0.16180018897987922,37
0.08378317193915491,0.1512184061368433,0.6732361064597085,0.05964813470486878,-310080.21735788643,-0.9226143043242825,0.15136043422190446,37
0.23445439192882384,0.10316351733822793,0.7364265439951192,0.2932862692116337,-383731.7187167979,-0.8518201395130046,0.15377420184661725,37
0.14432294116342537,0.15006983477042612,0.6791879902457402,0.005637250086420416,-215114.6654316026,-0.9843284888803333,0.1588079391409508,37
0.18984217327073002,0.149067343536264,0.5641414667626924,0.004304440495722966,-152573.42589267867,-0.9880792444107939,0.1533463646815643,37
0.7188876494708696,0.10142978262853222,0.7467136430793982,0.30121640710829056,-374107.17536325095,-0.8826058340676916,0.1524895068198829,37
0.14432294116342537,0.15015434786644177,0.2780800267203146,0.014461406860603994,-343353.6923786173,-0.9709171025117085,0.16493176488525194,37
0.6922363345543388,0.14806378318002597,0.8251088601980047,0.015949974127897996,-199262.07510772385,-0.9672838982928673,0.14662018543149313,37
0.167350526223088,0.15015434786644177,0.4729130022384551,0.015949974127897996,-166258.7846861095,-0.980093005320653,0.14583897587465003,37
0.06185443919926155,0.14833231561345692,0.5604426870579998,0.005360393131698726,-284608.4796499024,-0.9820409496461905,0.1547310294598827,37
0.7444803369586996,0.15015434786644177,0.2780800267203146,0.014461406860603994,-632392.815869687,-0.9543048117209842,0.15009526777513463,38
0.7188876494708696,0.10316351733822793,0.7467136430793982,0.30121640710829056,-322432.33848715323,-0.7699312503171986,0.14576351517183103,38
0.2690974936231182,0.16215304952970547,0.6705363594219576,0.0607316686382349,-309545.64119927166,-0.9400766325421176,0.1474686989849897,38
0.1663679873434678,0.15015434786644177,0.4729130022384551,0.005360393131698726,-221089.97596510276,-0.9893878921076364,0.14423740640519267,38
0.6973884012210998,0.10352911181414097,0.46600109688235725,0.026721275900081387,-270975.551367398,-0.9577943260880227,0.1396836006618035,38
0.19971965571633005,0.1606238600618814,0.6700667369635916,0.014452482134476249,-530941.6749030247,-0.9690489159317801,0.15649162876249847,38
0.36925248419698553,0.16215304952970547,0.6705363594219576,0.0607316686382349,-340561.7360447959,-0.933439516753975,0.14724872660565475,38
0.0544620773352244,0.13737412969983134,0.7244553248606352,0.008870509893362605,-246467.54231167064,-0.9839860717190462,0.14685772146838058,38
0.9110387942200284,0.12408593523157692,0.49376056937517177,0.01599186773410044,-373812.3110901588,-0.976806108518435,0.15600035641953228,38
0.7437732427388861,0.1502161118293548,0.2597557975655722,0.004423775487395316,-366368.6750928387,-0.9864840769025344,0.1723295191706554,38
0.261040530767494,0.1394589004386606,0.4636555072918797,0.0012948540044648528,-272058.15586637094,-0.9933250882170371,0.15167465741246788,38
0.18856300346486415,0.1606238600618814,0.2674835485764079,0.004304440495722966,-446495.1825290546,-0.984974147333307,0.1722647230950882,38
0.06185443919926155,0.14833231561345692,0.5603495254175471,0.005360393131698726,-496593.691787732,-0.9793367655103963,0.16434336165697216,38
0.7444803369586996,0.15015434786644177,0.28956272919810844,0.014461406860603994,-440475.8424061533,-0.98029965311722,0.16360420164124131,38
0.2825794949538224,0.1502161118293548,0.2847857976736019,0.004423775487395316,-214458.92541502617,-0.9939044137770101,0.16002238442911265,38
0.7348759418254533,0.1384786636136191,0.4159612936724446,0.0012948540044648528,-71334.3926184361,-0.9903849134534929,0.151038430034575,38
0.049835676552552,0.12385924418073829,0.5122446656042654,0.005558507231294303,-193743.97073683585,-0.9805213580756197,0.14348479210388876,38
0.796098845751912,0.15262924226777386,0.2788970522648231,0.005360393131698726,-368879.7398792749,-0.9918905375137982,0.1737899757308993,38
0.053940005517556275,0.13229217700195545,0.46636674013103974,0.0014221844959425196,-314487.8745203788,-0.9906418148863841,0.16077313034559204,38
0.06185443919926155,0.14833231561345692,0.5603495254175471,0.056922486966371345,-394292.154621619,-0.9143085025050798,0.1463801113645577,38
0.22870160829029812,0.14833231561345692,0.5296938670237153,0.0052811115621599,-342488.5710679491,-0.9892235634552765,0.15189329477469452,38
0.7108833406729247,0.13785209325945835,0.4159612936724446,0.0012948540044648528,-269873.6863290607,-0.9942209421142046,0.161723918396762,38
0.3689060939450376,0.13893828737550293,0.4225557641322915,0.0009784898468434347,-342642.58206146647,-0.9867211146809377,0.1609865957538054,38
0.17028075002099508,0.15131094099721812,0.5641414667626924,0.004304440495722966,-486046.92295336863,-0.9777164315115069,0.1614939919333883,38
0.796098845751912,0.13967326034051922,0.5149155358275339,0.005360393131698726,-414407.3611377867,-0.9860235612323653,0.1573205859043349,38
0.06185443919926155,0.14853442189766886,0.5701931209837806,0.01184650746538458,-329895.6999638852,-0.9809949632272902,0.1484722513581107,38
0.36925248419698553,0.1667628480266498,0.6553418960442855,0.05188822276805517,-481830.4985355446,-0.9563076828253378,0.15697530409147012,38
0.18856300346486415,0.1606238600618814,0.49547861785473635,0.014452482134476249,-72904.68722591556,-0.9681541555871177,0.14525415818882662,38
0.7188876494708696,0.100458436589178,0.7467136430793982,0.30121640710829056,-370862.24177178746,-0.7743077198106297,0.15016593822234905,38
0.11438796309320398,0.16683533008286394,0.658468329302128,0.014072369440576875,-161684.80873056382,-0.9622996852507355,0.1451237257383375,38
0.27368221684236516,0.1384786636136191,0.4636555072918797,0.0012948540044648528,-213837.84914385664,-0.9931583175740313,0.16330250568896934,38
0.9543708324542193,0.16214690309801846,0.5702514420899982,0.0012970338540505,-334630.5083543206,-0.986183325608777,0.17227763548862965,38
0.15112745234808023,0.0944770804718705,0.4776749402850482,0.17172800702416247,-416170.771002175,-0.8363620927479097,0.15546289645653266,38
0.36882027214597635,0.13893828737550293,0.6705363594219576,0.08088615105215521,-458226.263977834,-0.902998987923526,0.15580588754377575,38
0.15816052207966924,0.10040393747665169,0.2780800267203146,0.013977166812427194,-462116.7114595632,-0.9768073419991826,0.1695206782770395,38
0.08300161243437126,0.09127818653728884,0.9098716596102089,0.0596658868124722,-250464.84348828808,-0.8739715316283502,0.14741081478236848,38
0.770180517796219,0.15114437859618898,0.6732361064597085,0.0596658868124722,-244385.6275666398,-0.9227341259131127,0.1496470227410241,38
0.17529039997107776,0.08333273927853768,0.8653549534331375,0.015522279389229773,-91568.27521045315,-0.9829414495253461,0.14858363197962152,38
0.14432294116342537,0.15006983477042612,0.6791879902457402,0.005637250086420416,-215114.6654316026,-0.9843284888803333,0.1588079391409508,38
0.06185443919926155,0.14833231561345692,0.5701931209837806,0.005360393131698726,-384274.5938190603,-0.9786847933438927,0.16560310732963648,38
0.08378317193915491,0.1512184061368433,0.6732361064597085,0.05964813470486878,-310080.21735788643,-0.9226143043242825,0.15136043422190446,38
0.18984217327073002,0.149067343536264,0.5641414667626924,0.004304440495722966,-152573.42589267867,-0.9880792444107939,0.1533463646815643,38
0.23445439192882384,0.10316351733822793,0.7364265439951192,0.2932862692116337,-383731.7187167979,-0.8518201395130046,0.15377420184661725,38
0.7188876494708696,0.10142978262853222,0.7467136430793982,0.30121640710829056,-374107.17536325095,-0.8826058340676916,0.1524895068198829,38
0.167350526223088,0.15015434786644177,0.4729130022384551,0.023394499213153945,-413831.3250372822,-0.96623624992719,0.16180018897987922,38
0.14432294116342537,0.15015434786644177,0.2780800267203146,0.014461406860603994,-343353.6923786173,-0.9709171025117085,0.16493176488525194,38
0.06185443919926155,0.14833231561345692,0.5604426870579998,0.005360393131698726,-284608.4796499024,-0.9820409496461905,0.1547310294598827,38
0.6922363345543388,0.14806378318002597,0.8251088601980047,0.015949974127897996,-199262.07510772385,-0.9672838982928673,0.14662018543149313,38
0.035469264965469205,0.1740941306884065,0.7029873026251128,0.014133591185800147,-172816.18627906495,-0.9866843405348164,0.1622554832216309,38
0.11207506853980762,0.16214690309801846,0.9177035843541824,0.01646310044132618,-289693.84962063184,-0.9754133283591436,0.1515343846764071,38
0.7444803369586996,0.15015434786644177,0.2780800267203146,0.014461406860603994,-632392.815869687,-0.9543048117209842,0.15009526777513463,39
0.7188876494708696,0.10316351733822793,0.7467136430793982,0.30121640710829056,-322432.33848715323,-0.7699312503171986,0.14576351517183103,39
0.2690974936231182,0.16215304952970547,0.6705363594219576,0.0607316686382349,-309545.64119927166,-0.9400766325421176,0.1474686989849897,39
0.1663679873434678,0.15015434786644177,0.4729130022384551,0.005360393131698726,-221089.97596510276,-0.9893878921076364,0.14423740640519267,39
0.6973884012210998,0.10352911181414097,0.46600109688235725,0.026721275900081387,-270975.551367398,-0.9577943260880227,0.1396836006618035,39
0.19971965571633005,0.1606238600618814,0.6700667369635916,0.014452482134476249,-530941.6749030247,-0.9690489159317801,0.15649162876249847,39
0.36925248419698553,0.16215304952970547,0.6705363594219576,0.0607316686382349,-340561.7360447959,-0.933439516753975,0.14724872660565475,39
0.0544620773352244,0.13737412969983134,0.7244553248606352,0.008870509893362605,-246467.54231167064,-0.9839860717190462,0.14685772146838058,39
0.9110387942200284,0.12408593523157692,0.49376056937517177,0.01599186773410044,-373812.3110901588,-0.976806108518435,0.15600035641953228,39
0.7437732427388861,0.1502161118293548,0.2597557975655722,0.004423775487395316,-366368.6750928387,-0.9864840769025344,0.1723295191706554,39
0.261040530767494,0.1394589004386606,0.4636555072918797,0.0012948540044648528,-272058.15586637094,-0.9933250882170371,0.15167465741246788,39
0.18856300346486415,0.1606238600618814,0.2674835485764079,0.004304440495722966,-446495.1825290546,-0.984974147333307,0.1722647230950882,39
0.06185443919926155,0.14833231561345692,0.5603495254175471,0.005360393131698726,-496593.691787732,-0.9793367655103963,0.16434336165697216,39
0.7444803369586996,0.15015434786644177,0.28956272919810844,0.014461406860603994,-440475.8424061533,-0.98029965311722,0.16360420164124131,39
0.2825794949538224,0.1502161118293548,0.2847857976736019,0.004423775487395316,-214458.92541502617,-0.9939044137770101,0.16002238442911265,39
0.7348759418254533,0.1384786636136191,0.4159612936724446,0.0012948540044648528,-71334.3926184361,-0.9903849134534929,0.151038430034575,39
0.049835676552552,0.12385924418073829,0.5122446656042654,0.005558507231294303,-193743.97073683585,-0.9805213580756197,0.14348479210388876,39
0.796098845751912,0.15262924226777386,0.2788970522648231,0.005360393131698726,-368879.7398792749,-0.9918905375137982,0.1737899757308993,39
0.053940005517556275,0.13229217700195545,0.46636674013103974,0.0014221844959425196,-314487.8745203788,-0.9906418148863841,0.16077313034559204,39
0.06185443919926155,0.14833231561345692,0.5603495254175471,0.056922486966371345,-394292.154621619,-0.9143085025050798,0.1463801113645577,39
0.22870160829029812,0.14833231561345692,0.5296938670237153,0.0052811115621599,-342488.5710679491,-0.9892235634552765,0.15189329477469452,39
0.7108833406729247,0.13785209325945835,0.4159612936724446,0.0012948540044648528,-269873.6863290607,-0.9942209421142046,0.161723918396762,39
0.3689060939450376,0.13893828737550293,0.4225557641322915,0.0009784898468434347,-342642.58206146647,-0.9867211146809377,0.1609865957538054,39
0.17028075002099508,0.15131094099721812,0.5641414667626924,0.004304440495722966,-486046.92295336863,-0.9777164315115069,0.1614939919333883,39
0.796098845751912,0.13967326034051922,0.5149155358275339,0.005360393131698726,-414407.3611377867,-0.9860235612323653,0.1573205859043349,39
0.06185443919926155,0.14853442189766886,0.5701931209837806,0.01184650746538458,-329895.6999638852,-0.9809949632272902,0.1484722513581107,39
0.9543708324542193,0.16214690309801846,0.5702514420899982,0.0012970338540505,-334630.5083543206,-0.986183325608777,0.17227763548862965,39
0.27368221684236516,0.1384786636136191,0.4636555072918797,0.0012948540044648528,-213837.84914385664,-0.9931583175740313,0.16330250568896934,39
0.7188876494708696,0.100458436589178,0.7467136430793982,0.30121640710829056,-370862.24177178746,-0.7743077198106297,0.15016593822234905,39
0.18856300346486415,0.1606238600618814,0.49547861785473635,0.014452482134476249,-72904.68722591556,-0.9681541555871177,0.14525415818882662,39
0.36925248419698553,0.1667628480266498,0.6553418960442855,0.05188822276805517,-481830.4985355446,-0.9563076828253378,0.15697530409147012,39
0.11438796309320398,0.16683533008286394,0.658468329302128,0.014072369440576875,-161684.80873056382,-0.9622996852507355,0.1451237257383375,39
0.15112745234808023,0.0944770804718705,0.4776749402850482,0.17172800702416247,-416170.771002175,-0.8363620927479097,0.15546289645653266,39
0.36882027214597635,0.13893828737550293,0.6705363594219576,0.08088615105215521,-458226.263977834,-0.902998987923526,0.15580588754377575,39
0.15816052207966924,0.10040393747665169,0.2780800267203146,0.013977166812427194,-462116.7114595632,-0.9768073419991826,0.1695206782770395,39
0.770180517796219,0.15114437859618898,0.6732361064597085,0.0596658868124722,-244385.6275666398,-0.9227341259131127,0.1496470227410241,39
0.23445439192882384,0.10316351733822793,0.7364265439951192,0.2932862692116337,-383731.7187167979,-0.8518201395130046,0.15377420184661725,39
0.06185443919926155,0.14833231561345692,0.5701931209837806,0.005360393131698726,-384274.5938190603,-0.9786847933438927,0.16560310732963648,39
0.07348715240459412,0.14795567332240558,0.5585672674803434,0.0012948540044648528,-127504.24949284755,-0.9854379458907272,0.14778032629945553,39
0.08378317193915491,0.1512184061368433,0.6732361064597085,0.05964813470486878,-310080.21735788643,-0.9226143043242825,0.15136043422190446,39
0.7188876494708696,0.10142978262853222,0.7467136430793982,0.30121640710829056,-374107.17536325095,-0.8826058340676916,0.1524895068198829,39
0.167350526223088,0.15015434786644177,0.4729130022384551,0.023394499213153945,-413831.3250372822,-0.96623624992719,0.16180018897987922,39
0.08300161243437126,0.09127818653728884,0.9098716596102089,0.0596658868124722,-250464.84348828808,-0.8739715316283502,0.14741081478236848,39
0.14432294116342537,0.15015434786644177,0.2780800267203146,0.014461406860603994,-343353.6923786173,-0.9709171025117085,0.16493176488525194,39
0.14432294116342537,0.15006983477042612,0.6791879902457402,0.005637250086420416,-215114.6654316026,-0.9843284888803333,0.1588079391409508,39
0.9531469314725479,0.16214690309801846,0.4660764661612205,0.0019235353380646011,-176838.05714460104,-0.9884556809149608,0.15871337995830045,39
0.06185443919926155,0.14833231561345692,0.5604426870579998,0.005360393131698726,-284608.4796499024,-0.9820409496461905,0.1547310294598827,39
0.9677031511411203,0.16214690309801846,0.5702514420899982,0.0012970338540505,-260035.07433306103,-0.9921548690655694,0.16240338588665057,39
0.04272553947184765,0.12693584309782568,0.5614961601015003,0.005360393131698726,-196469.43458579286,-0.9881722324945761,0.1483707627783645,39
0.11207506853980762,0.16214690309801846,0.9177035843541824,0.01646310044132618,-289693.84962063184,-0.9754133283591436,0.1515343846764071,39
0.7444803369586996,0.15015434786644177,0.2780800267203146,0.014461406860603994,-632392.815869687,-0.9543048117209842,0.15009526777513463,40
0.7188876494708696,0.10316351733822793,0.7467136430793982,0.30121640710829056,-322432.33848715323,-0.7699312503171986,0.14576351517183103,40
0.2690974936231182,0.16215304952970547,0.6705363594219576,0.0607316686382349,-309545.64119927166,-0.9400766325421176,0.1474686989849897,40
0.1663679873434678,0.15015434786644177,0.4729130022384551,0.005360393131698726,-221089.97596510276,-0.9893878921076364,0.14423740640519267,40
0.6973884012210998,0.10352911181414097,0.46600109688235725,0.026721275900081387,-270975.551367398,-0.9577943260880227,0.1396836006618035,40
0.19971965571633005,0.1606238600618814,0.6700667369635916,0.014452482134476249,-530941.6749030247,-0.9690489159317801,0.15649162876249847,40
0.36925248419698553,0.16215304952970547,0.6705363594219576,0.0607316686382349,-340561.7360447959,-0.933439516753975,0.14724872660565475,40
0.0544620773352244,0.13737412969983134,0.7244553248606352,0.008870509893362605,-246467.54231167064,-0.9839860717190462,0.14685772146838058,40
0.9110387942200284,0.12408593523157692,0.49376056937517177,0.01599186773410044,-373812.3110901588,-0.976806108518435,0.15600035641953228,40
0.7437732427388861,0.1502161118293548,0.2597557975655722,0.004423775487395316,-366368.6750928387,-0.9864840769025344,0.1723295191706554,40
0.261040530767494,0.1394589004386606,0.4636555072918797,0.0012948540044648528,-272058.15586637094,-0.9933250882170371,0.15167465741246788,40
0.18856300346486415,0.1606238600618814,0.2674835485764079,0.004304440495722966,-446495.1825290546,-0.984974147333307,0.1722647230950882,40
0.06185443919926155,0.14833231561345692,0.5603495254175471,0.005360393131698726,-496593.691787732,-0.9793367655103963,0.16434336165697216,40
0.7444803369586996,0.15015434786644177,0.28956272919810844,0.014461406860603994,-440475.8424061533,-0.98029965311722,0.16360420164124131,40
0.7348759418254533,0.1384786636136191,0.4159612936724446,0.0012948540044648528,-71334.3926184361,-0.9903849134534929,0.151038430034575,40
0.049835676552552,0.12385924418073829,0.5122446656042654,0.005558507231294303,-193743.97073683585,-0.9805213580756197,0.14348479210388876,40
0.796098845751912,0.15262924226777386,0.2788970522648231,0.005360393131698726,-368879.7398792749,-0.9918905375137982,0.1737899757308993,40
0.053940005517556275,0.13229217700195545,0.46636674013103974,0.0014221844959425196,-314487.8745203788,-0.9906418148863841,0.16077313034559204,40
0.06185443919926155,0.14833231561345692,0.5603495254175471,0.056922486966371345,-394292.154621619,-0.9143085025050798,0.1463801113645577,40
0.22870160829029812,0.14833231561345692,0.5296938670237153,0.0052811115621599,-342488.5710679491,-0.9892235634552765,0.15189329477469452,40
0.7108833406729247,0.13785209325945835,0.4159612936724446,0.0012948540044648528,-269873.6863290607,-0.9942209421142046,0.161723918396762,40
0.3689060939450376,0.13893828737550293,0.4225557641322915,0.0009784898468434347,-342642.58206146647,-0.9867211146809377,0.1609865957538054,40
0.17028075002099508,0.15131094099721812,0.5641414667626924,0.004304440495722966,-486046.92295336863,-0.9777164315115069,0.1614939919333883,40
0.796098845751912,0.13967326034051922,0.5149155358275339,0.005360393131698726,-414407.3611377867,-0.9860235612323653,0.1573205859043349,40
0.06185443919926155,0.14853442189766886,0.5701931209837806,0.01184650746538458,-329895.6999638852,-0.9809949632272902,0.1484722513581107,40
0.04272553947184765,0.15297065634022983,0.26920870847227596,0.002239722014611998,-266612.39437068667,-0.9942699869247155,0.1562319559071024,40
0.9543708324542193,0.16214690309801846,0.5702514420899982,0.0012970338540505,-334630.5083543206,-0.986183325608777,0.17227763548862965,40
0.11438796309320398,0.16683533008286394,0.658468329302128,0.014072369440576875,-161684.80873056382,-0.9622996852507355,0.1451237257383375,40
0.7188876494708696,0.100458436589178,0.7467136430793982,0.30121640710829056,-370862.24177178746,-0.7743077198106297,0.15016593822234905,40
0.18856300346486415,0.1606238600618814,0.49547861785473635,0.014452482134476249,-72904.68722591556,-0.9681541555871177,0.14525415818882662,40
0.36925248419698553,0.1667628480266498,0.6553418960442855,0.05188822276805517,-481830.4985355446,-0.9563076828253378,0.15697530409147012,40
0.2825794949538224,0.1502161118293548,0.2847857976736019,0.004423775487395316,-214458.92541502617,-0.9939044137770101,0.16002238442911265,40
0.15112745234808023,0.0944770804718705,0.4776749402850482,0.17172800702416247,-416170.771002175,-0.8363620927479097,0.15546289645653266,40
0.36882027214597635,0.13893828737550293,0.6705363594219576,0.08088615105215521,-458226.263977834,-0.902998987923526,0.15580588754377575,40
0.15816052207966924,0.10040393747665169,0.2780800267203146,0.013977166812427194,-462116.7114595632,-0.9768073419991826,0.1695206782770395,40
0.770180517796219,0.15114437859618898,0.6732361064597085,0.0596658868124722,-244385.6275666398,-0.9227341259131127,0.1496470227410241,40
0.23445439192882384,0.10316351733822793,0.7364265439951192,0.2932862692116337,-383731.7187167979,-0.8518201395130046,0.15377420184661725,40
0.06185443919926155,0.14833231561345692,0.5701931209837806,0.005360393131698726,-384274.5938190603,-0.9786847933438927,0.16560310732963648,40
0.07348715240459412,0.14795567332240558,0.5585672674803434,0.0012948540044648528,-127504.24949284755,-0.9854379458907272,0.14778032629945553,40
0.7188876494708696,0.10142978262853222,0.7467136430793982,0.30121640710829056,-374107.17536325095,-0.8826058340676916,0.1524895068198829,40
0.14432294116342537,0.15015434786644177,0.2780800267203146,0.014461406860603994,-343353.6923786173,-0.9709171025117085,0.16493176488525194,40
0.08300161243437126,0.09127818653728884,0.9098716596102089,0.0596658868124722,-250464.84348828808,-0.8739715316283502,0.14741081478236848,40
0.9677031511411203,0.16214690309801846,0.5702514420899982,0.0012970338540505,-260035.07433306103,-0.9921548690655694,0.16240338588665057,40
0.08378317193915491,0.1512184061368433,0.6732361064597085,0.05964813470486878,-310080.21735788643,-0.9226143043242825,0.15136043422190446,40
0.167350526223088,0.15015434786644177,0.4729130022384551,0.023394499213153945,-413831.3250372822,-0.96623624992719,0.16180018897987922,40
0.06185443919926155,0.14833231561345692,0.5604426870579998,0.005360393131698726,-284608.4796499024,-0.9820409496461905,0.1547310294598827,40
0.04272553947184765,0.12693584309782568,0.5614961601015003,0.005360393131698726,-196469.43458579286,-0.9881722324945761,0.1483707627783645,40
0.14432294116342537,0.15006983477042612,0.6791879902457402,0.005637250086420416,-215114.6654316026,-0.9843284888803333,0.1588079391409508,40
0.0864234353373603,0.1502161118293548,0.9166434294111993,0.01768001002798198,-187715.51936198794,-0.9669582740424442,0.14644232343357466,40
0.15112745234808023,0.12836547326589617,0.4776749402850482,0.02354589403246754,-307222.1660791712,-0.9754235141401143,0.15834473984476127,40
0.7444803369586996,0.15015434786644177,0.2780800267203146,0.014461406860603994,-632392.815869687,-0.9543048117209842,0.15009526777513463,41
0.7188876494708696,0.10316351733822793,0.7467136430793982,0.30121640710829056,-322432.33848715323,-0.7699312503171986,0.14576351517183103,41
0.2690974936231182,0.16215304952970547,0.6705363594219576,0.0607316686382349,-309545.64119927166,-0.9400766325421176,0.1474686989849897,41
0.1663679873434678,0.15015434786644177,0.4729130022384551,0.005360393131698726,-221089.97596510276,-0.9893878921076364,0.14423740640519267,41
0.6973884012210998,0.10352911181414097,0.46600109688235725,0.026721275900081387,-270975.551367398,-0.9577943260880227,0.1396836006618035,41
0.19971965571633005,0.1606238600618814,0.6700667369635916,0.014452482134476249,-530941.6749030247,-0.9690489159317801,0.15649162876249847,41
0.36925248419698553,0.16215304952970547,0.6705363594219576,0.0607316686382349,-340561.7360447959,-0.933439516753975,0.14724872660565475,41
0.9110387942200284,0.12408593523157692,0.49376056937517177,0.01599186773410044,-373812.3110901588,-0.976806108518435,0.15600035641953228,41
0.7437732427388861,0.1502161118293548,0.2597557975655722,0.004423775487395316,-366368.6750928387,-0.9864840769025344,0.1723295191706554,41
0.261040530767494,0.1394589004386606,0.4636555072918797,0.0012948540044648528,-272058.15586637094,-0.9933250882170371,0.15167465741246788,41
0.18856300346486415,0.1606238600618814,0.2674835485764079,0.004304440495722966,-446495.1825290546,-0.984974147333307,0.1722647230950882,41
0.06185443919926155,0.14833231561345692,0.5603495254175471,0.005360393131698726,-496593.691787732,-0.9793367655103963,0.16434336165697216,41
0.7444803369586996,0.15015434786644177,0.28956272919810844,0.014461406860603994,-440475.8424061533,-0.98029965311722,0.16360420164124131,41
0.7348759418254533,0.1384786636136191,0.4159612936724446,0.0012948540044648528,-71334.3926184361,-0.9903849134534929,0.151038430034575,41
0.049835676552552,0.12385924418073829,0.5122446656042654,0.005558507231294303,-193743.97073683585,-0.9805213580756197,0.14348479210388876,41
0.796098845751912,0.15262924226777386,0.2788970522648231,0.005360393131698726,-368879.7398792749,-0.9918905375137982,0.1737899757308993,41
0.053940005517556275,0.13229217700195545,0.46636674013103974,0.0014221844959425196,-314487.8745203788,-0.9906418148863841,0.16077313034559204,41
0.06185443919926155,0.14833231561345692,0.5603495254175471,0.056922486966371345,-394292.154621619,-0.9143085025050798,0.1463801113645577,41
0.22870160829029812,0.14833231561345692,0.5296938670237153,0.0052811115621599,-342488.5710679491,-0.9892235634552765,0.15189329477469452,41
0.7108833406729247,0.13785209325945835,0.4159612936724446,0.0012948540044648528,-269873.6863290607,-0.9942209421142046,0.161723918396762,41
0.3689060939450376,0.13893828737550293,0.4225557641322915,0.0009784898468434347,-342642.58206146647,-0.9867211146809377,0.1609865957538054,41
0.17028075002099508,0.15131094099721812,0.5641414667626924,0.004304440495722966,-486046.92295336863,-0.9777164315115069,0.1614939919333883,41
0.796098845751912,0.13967326034051922,0.5149155358275339,0.005360393131698726,-414407.3611377867,-0.9860235612323653,0.1573205859043349,41
0.06185443919926155,0.14853442189766886,0.5701931209837806,0.01184650746538458,-329895.6999638852,-0.9809949632272902,0.1484722513581107,41
0.04272553947184765,0.15297065634022983,0.26920870847227596,0.002239722014611998,-266612.39437068667,-0.9942699869247155,0.1562319559071024,41
0.7188876494708696,0.100458436589178,0.7467136430793982,0.003817941316246659,-267411.5863740111,-0.989986137540893,0.1467762180009628,41
0.18856300346486415,0.1606238600618814,0.49547861785473635,0.014452482134476249,-72904.68722591556,-0.9681541555871177,0.14525415818882662,41
0.11438796309320398,0.16683533008286394,0.658468329302128,0.014072369440576875,-161684.80873056382,-0.9622996852507355,0.1451237257383375,41
0.9543708324542193,0.16214690309801846,0.5702514420899982,0.0012970338540505,-334630.5083543206,-0.986183325608777,0.17227763548862965,41
0.11438796309320398,0.16683533008286394,0.658468329302128,0.32146083439300227,-514983.27903439756,-0.6826457811150481,0.16586252483412742,41
0.2825794949538224,0.1502161118293548,0.2847857976736019,0.004423775487395316,-214458.92541502617,-0.9939044137770101,0.16002238442911265,41
0.7188876494708696,0.100458436589178,0.7467136430793982,0.30121640710829056,-370862.24177178746,-0.7743077198106297,0.15016593822234905,41
0.15112745234808023,0.0944770804718705,0.4776749402850482,0.17172800702416247,-416170.771002175,-0.8363620927479097,0.15546289645653266,41
0.36925248419698553,0.1667628480266498,0.6553418960442855,0.05188822276805517,-481830.4985355446,-0.9563076828253378,0.15697530409147012,41
0.08378317193915491,0.1512184061368433,0.6732361064597085,0.05964813470486878,-310080.21735788643,-0.9226143043242825,0.15136043422190446,41
0.15816052207966924,0.10040393747665169,0.2780800267203146,0.013977166812427194,-462116.7114595632,-0.9768073419991826,0.1695206782770395,41
0.36882027214597635,0.13893828737550293,0.6705363594219576,0.08088615105215521,-458226.263977834,-0.902998987923526,0.15580588754377575,41
0.07348715240459412,0.14795567332240558,0.5585672674803434,0.0012948540044648528,-127504.24949284755,-0.9854379458907272,0.14778032629945553,41
0.23445439192882384,0.10316351733822793,0.7364265439951192,0.2932862692116337,-383731.7187167979,-0.8518201395130046,0.15377420184661725,41
0.14432294116342537,0.15015434786644177,0.2780800267203146,0.014461406860603994,-343353.6923786173,-0.9709171025117085,0.16493176488525194,41
0.7188876494708696,0.10142978262853222,0.7467136430793982,0.30121640710829056,-374107.17536325095,-0.8826058340676916,0.1524895068198829,41
0.167350526223088,0.15015434786644177,0.4729130022384551,0.023394499213153945,-413831.3250372822,-0.96623624992719,0.16180018897987922,41
0.06185443919926155,0.14833231561345692,0.5604426870579998,0.005360393131698726,-284608.4796499024,-0.9820409496461905,0.1547310294598827,41
0.9677031511411203,0.16214690309801846,0.5702514420899982,0.0012970338540505,-260035.07433306103,-0.9921548690655694,0.16240338588665057,41
0.04272553947184765,0.12693584309782568,0.5614961601015003,0.005360393131698726,-196469.43458579286,-0.9881722324945761,0.1483707627783645,41
0.08300161243437126,0.09127818653728884,0.9098716596102089,0.0596658868124722,-250464.84348828808,-0.8739715316283502,0.14741081478236848,41
0.15112745234808023,0.12836547326589617,0.4776749402850482,0.02354589403246754,-307222.1660791712,-0.9754235141401143,0.15834473984476127,41
0.0864234353373603,0.1502161118293548,0.9166434294111993,0.01768001002798198,-187715.51936198794,-0.9669582740424442,0.14644232343357466,41
0.14432294116342537,0.15006983477042612,0.6791879902457402,0.005637250086420416,-215114.6654316026,-0.9843284888803333,0.1588079391409508,41
0.0544620773352244,0.13737412969983134,0.7244553248606352,0.008870509893362605,-246467.54231167064,-0.9839860717190462,0.14685772146838058,41
0.7444803369586996,0.15015434786644177,0.2780800267203146,0.014461406860603994,-632392.815869687,-0.9543048117209842,0.15009526777513463,42
0.7188876494708696,0.10316351733822793,0.7467136430793982,0.30121640710829056,-322432.33848715323,-0.7699312503171986,0.14576351517183103,42
0.2690974936231182,0.16215304952970547,0.6705363594219576,0.0607316686382349,-309545.64119927166,-0.9400766325421176,0.1474686989849897,42
0.1663679873434678,0.15015434786644177,0.4729130022384551,0.005360393131698726,-221089.97596510276,-0.9893878921076364,0.14423740640519267,42
0.6973884012210998,0.10352911181414097,0.46600109688235725,0.026721275900081387,-270975.551367398,-0.9577943260880227,0.1396836006618035,42
0.19971965571633005,0.1606238600618814,0.6700667369635916,0.014452482134476249,-530941.6749030247,-0.9690489159317801,0.15649162876249847,42
0.36925248419698553,0.16215304952970547,0.6705363594219576,0.0607316686382349,-340561.7360447959,-0.933439516753975,0.14724872660565475,42
0.9110387942200284,0.12408593523157692,0.49376056937517177,0.01599186773410044,-373812.3110901588,-0.976806108518435,0.15600035641953228,42
0.7437732427388861,0.1502161118293548,0.2597557975655722,0.004423775487395316,-366368.6750928387,-0.9864840769025344,0.1723295191706554,42
0.261040530767494,0.1394589004386606,0.4636555072918797,0.0012948540044648528,-272058.15586637094,-0.9933250882170371,0.15167465741246788,42
0.18856300346486415,0.1606238600618814,0.2674835485764079,0.004304440495722966,-446495.1825290546,-0.984974147333307,0.1722647230950882,42
0.06185443919926155,0.14833231561345692,0.5603495254175471,0.005360393131698726,-496593.691787732,-0.9793367655103963,0.16434336165697216,42
0.7444803369586996,0.15015434786644177,0.28956272919810844,0.014461406860603994,-440475.8424061533,-0.98029965311722,0.16360420164124131,42
0.7348759418254533,0.1384786636136191,0.4159612936724446,0.0012948540044648528,-71334.3926184361,-0.9903849134534929,0.151038430034575,42
0.049835676552552,0.12385924418073829,0.5122446656042654,0.005558507231294303,-193743.97073683585,-0.9805213580756197,0.14348479210388876,42
0.796098845751912,0.15262924226777386,0.2788970522648231,0.005360393131698726,-368879.7398792749,-0.9918905375137982,0.1737899757308993,42
0.053940005517556275,0.13229217700195545,0.46636674013103974,0.0014221844959425196,-314487.8745203788,-0.9906418148863841,0.16077313034559204,42
0.06185443919926155,0.14833231561345692,0.5603495254175471,0.056922486966371345,-394292.154621619,-0.9143085025050798,0.1463801113645577,42
0.22870160829029812,0.14833231561345692,0.5296938670237153,0.0052811115621599,-342488.5710679491,-0.9892235634552765,0.15189329477469452,42
0.7108833406729247,0.13785209325945835,0.4159612936724446,0.0012948540044648528,-269873.6863290607,-0.9942209421142046,0.161723918396762,42
0.3689060939450376,0.13893828737550293,0.4225557641322915,0.0009784898468434347,-342642.58206146647,-0.9867211146809377,0.1609865957538054,42
0.17028075002099508,0.15131094099721812,0.5641414667626924,0.004304440495722966,-486046.92295336863,-0.9777164315115069,0.1614939919333883,42
0.796098845751912,0.13967326034051922,0.5149155358275339,0.005360393131698726,-414407.3611377867,-0.9860235612323653,0.1573205859043349,42
0.06185443919926155,0.14853442189766886,0.5701931209837806,0.01184650746538458,-329895.6999638852,-0.9809949632272902,0.1484722513581107,42
0.04272553947184765,0.15297065634022983,0.26920870847227596,0.002239722014611998,-266612.39437068667,-0.9942699869247155,0.1562319559071024,42
0.7188876494708696,0.100458436589178,0.7467136430793982,0.003817941316246659,-267411.5863740111,-0.989986137540893,0.1467762180009628,42
0.15112745234808023,0.0944770804718705,0.4776749402850482,0.17172800702416247,-416170.771002175,-0.8363620927479097,0.15546289645653266,42
0.36882027214597635,0.13893828737550293,0.6705363594219576,0.08088615105215521,-458226.263977834,-0.902998987923526,0.15580588754377575,42
0.11438796309320398,0.16683533008286394,0.658468329302128,0.32146083439300227,-514983.27903439756,-0.6826457811150481,0.16586252483412742,42
0.36925248419698553,0.1667628480266498,0.6553418960442855,0.05188822276805517,-481830.4985355446,-0.9563076828253378,0.15697530409147012,42
0.18856300346486415,0.1606238600618814,0.49547861785473635,0.014452482134476249,-72904.68722591556,-0.9681541555871177,0.14525415818882662,42
0.11438796309320398,0.16683533008286394,0.658468329302128,0.014072369440576875,-161684.80873056382,-0.9622996852507355,0.1451237257383375,42
0.0864234353373603,0.1502161118293548,0.9166434294111993,0.01768001002798198,-187715.51936198794,-0.9669582740424442,0.14644232343357466,42
0.7188876494708696,0.100458436589178,0.7467136430793982,0.30121640710829056,-370862.24177178746,-0.7743077198106297,0.15016593822234905,42
0.23445439192882384,0.10316351733822793,0.7364265439951192,0.2932862692116337,-383731.7187167979,-0.8518201395130046,0.15377420184661725,42
0.7188876494708696,0.10142978262853222,0.7467136430793982,0.30121640710829056,-374107.17536325095,-0.8826058340676916,0.1524895068198829,42
0.06185443919926155,0.14833231561345692,0.5604426870579998,0.005360393131698726,-284608.4796499024,-0.9820409496461905,0.1547310294598827,42
0.9543708324542193,0.16214690309801846,0.5702514420899982,0.0012970338540505,-334630.5083543206,-0.986183325608777,0.17227763548862965,42
0.15816052207966924,0.10040393747665169,0.2780800267203146,0.013977166812427194,-462116.7114595632,-0.9768073419991826,0.1695206782770395,42
0.14432294116342537,0.15015434786644177,0.2780800267203146,0.014461406860603994,-343353.6923786173,-0.9709171025117085,0.16493176488525194,42
0.167350526223088,0.15015434786644177,0.4729130022384551,0.023394499213153945,-413831.3250372822,-0.96623624992719,0.16180018897987922,42
0.08378317193915491,0.1512184061368433,0.6732361064597085,0.05964813470486878,-310080.21735788643,-0.9226143043242825,0.15136043422190446,42
0.15112745234808023,0.12836547326589617,0.4776749402850482,0.02354589403246754,-307222.1660791712,-0.9754235141401143,0.15834473984476127,42
0.2825794949538224,0.1502161118293548,0.2847857976736019,0.004423775487395316,-214458.92541502617,-0.9939044137770101,0.16002238442911265,42
0.9677031511411203,0.16214690309801846,0.5702514420899982,0.0012970338540505,-260035.07433306103,-0.9921548690655694,0.16240338588665057,42
0.07348715240459412,0.14795567332240558,0.5585672674803434,0.0012948540044648528,-127504.24949284755,-0.9854379458907272,0.14778032629945553,42
0.04272553947184765,0.12693584309782568,0.5614961601015003,0.005360393131698726,-196469.43458579286,-0.9881722324945761,0.1483707627783645,42
0.08300161243437126,0.09127818653728884,0.9098716596102089,0.0596658868124722,-250464.84348828808,-0.8739715316283502,0.14741081478236848,42
0.14432294116342537,0.15006983477042612,0.6791879902457402,0.005637250086420416,-215114.6654316026,-0.9843284888803333,0.1588079391409508,42
0.0544620773352244,0.13737412969983134,0.7244553248606352,0.008870509893362605,-246467.54231167064,-0.9839860717190462,0.14685772146838058,42
0.7444803369586996,0.15015434786644177,0.2780800267203146,0.014461406860603994,-632392.815869687,-0.9543048117209842,0.15009526777513463,43
0.7188876494708696,0.10316351733822793,0.7467136430793982,0.30121640710829056,-322432.33848715323,-0.7699312503171986,0.14576351517183103,43
0.2690974936231182,0.16215304952970547,0.6705363594219576,0.0607316686382349,-309545.64119927166,-0.9400766325421176,0.1474686989849897,43
0.1663679873434678,0.15015434786644177,0.4729130022384551,0.005360393131698726,-221089.97596510276,-0.9893878921076364,0.14423740640519267,43
0.6973884012210998,0.10352911181414097,0.46600109688235725,0.026721275900081387,-270975.551367398,-0.9577943260880227,0.1396836006618035,43
0.19971965571633005,0.1606238600618814,0.6700667369635916,0.014452482134476249,-530941.6749030247,-0.9690489159317801,0.15649162876249847,43
0.36925248419698553,0.16215304952970547,0.6705363594219576,0.0607316686382349,-340561.7360447959,-0.933439516753975,0.14724872660565475,43
0.9110387942200284,0.12408593523157692,0.49376056937517177,0.01599186773410044,-373812.3110901588,-0.976806108518435,0.15600035641953228,43
0.7437732427388861,0.1502161118293548,0.2597557975655722,0.004423775487395316,-366368.6750928387,-0.9864840769025344,0.1723295191706554,43
0.261040530767494,0.1394589004386606,0.4636555072918797,0.0012948540044648528,-272058.15586637094,-0.9933250882170371,0.15167465741246788,43
0.18856300346486415,0.1606238600618814,0.2674835485764079,0.004304440495722966,-446495.1825290546,-0.984974147333307,0.1722647230950882,43
0.06185443919926155,0.14833231561345692,0.5603495254175471,0.005360393131698726,-496593.691787732,-0.9793367655103963,0.16434336165697216,43
0.7444803369586996,0.15015434786644177,0.28956272919810844,0.014461406860603994,-440475.8424061533,-0.98029965311722,0.16360420164124131,43
0.7348759418254533,0.1384786636136191,0.4159612936724446,0.0012948540044648528,-71334.3926184361,-0.9903849134534929,0.151038430034575,43
0.049835676552552,0.12385924418073829,0.5122446656042654,0.005558507231294303,-193743.97073683585,-0.9805213580756197,0.14348479210388876,43
0.796098845751912,0.15262924226777386,0.2788970522648231,0.005360393131698726,-368879.7398792749,-0.9918905375137982,0.1737899757308993,43
0.053940005517556275,0.13229217700195545,0.46636674013103974,0.0014221844959425196,-314487.8745203788,-0.9906418148863841,0.16077313034559204,43
0.06185443919926155,0.14833231561345692,0.5603495254175471,0.056922486966371345,-394292.154621619,-0.9143085025050798,0.1463801113645577,43
0.22870160829029812,0.14833231561345692,0.5296938670237153,0.0052811115621599,-342488.5710679491,-0.9892235634552765,0.15189329477469452,43
0.7108833406729247,0.13785209325945835,0.4159612936724446,0.0012948540044648528,-269873.6863290607,-0.9942209421142046,0.161723918396762,43
0.3689060939450376,0.13893828737550293,0.4225557641322915,0.0009784898468434347,-342642.58206146647,-0.9867211146809377,0.1609865957538054,43
0.17028075002099508,0.15131094099721812,0.5641414667626924,0.004304440495722966,-486046.92295336863,-0.9777164315115069,0.1614939919333883,43
0.796098845751912,0.13967326034051922,0.5149155358275339,0.005360393131698726,-414407.3611377867,-0.9860235612323653,0.1573205859043349,43
0.06185443919926155,0.14853442189766886,0.5701931209837806,0.01184650746538458,-329895.6999638852,-0.9809949632272902,0.1484722513581107,43
0.04272553947184765,0.15297065634022983,0.26920870847227596,0.002239722014611998,-266612.39437068667,-0.9942699869247155,0.1562319559071024,43
0.7188876494708696,0.100458436589178,0.7467136430793982,0.003817941316246659,-267411.5863740111,-0.989986137540893,0.1467762180009628,43
0.2825794949538224,0.1502161118293548,0.2847857976736019,0.004423775487395316,-214458.92541502617,-0.9939044137770101,0.16002238442911265,43
0.11438796309320398,0.16683533008286394,0.658468329302128,0.32146083439300227,-514983.27903439756,-0.6826457811150481,0.16586252483412742,43
0.18856300346486415,0.1606238600618814,0.49547861785473635,0.014452482134476249,-72904.68722591556,-0.9681541555871177,0.14525415818882662,43
0.11438796309320398,0.16683533008286394,0.658468329302128,0.014072369440576875,-161684.80873056382,-0.9622996852507355,0.1451237257383375,43
0.9543708324542193,0.16214690309801846,0.5702514420899982,0.0012970338540505,-334630.5083543206,-0.986183325608777,0.17227763548862965,43
0.7188876494708696,0.100458436589178,0.7467136430793982,0.30121640710829056,-370862.24177178746,-0.7743077198106297,0.15016593822234905,43
0.15112745234808023,0.0944770804718705,0.4776749402850482,0.17172800702416247,-416170.771002175,-0.8363620927479097,0.15546289645653266,43
0.15816052207966924,0.10040393747665169,0.2780800267203146,0.013977166812427194,-462116.7114595632,-0.9768073419991826,0.1695206782770395,43
0.36882027214597635,0.13893828737550293,0.6705363594219576,0.08088615105215521,-458226.263977834,-0.902998987923526,0.15580588754377575,43
0.08378317193915491,0.1512184061368433,0.6732361064597085,0.05964813470486878,-310080.21735788643,-0.9226143043242825,0.15136043422190446,43
0.36925248419698553,0.1667628480266498,0.6553418960442855,0.05188822276805517,-481830.4985355446,-0.9563076828253378,0.15697530409147012,43
0.23445439192882384,0.10316351733822793,0.7364265439951192,0.2932862692116337,-383731.7187167979,-0.8518201395130046,0.15377420184661725,43
0.07348715240459412,0.14795567332240558,0.5585672674803434,0.0012948540044648528,-127504.24949284755,-0.9854379458907272,0.14778032629945553,43
0.14432294116342537,0.15015434786644177,0.2780800267203146,0.014461406860603994,-343353.6923786173,-0.9709171025117085,0.16493176488525194,43
0.9036966668248841,0.10338598390999608,0.4640664727700201,0.02370399025870279,-265986.37739615055,-0.945084803599627,0.15302937135446523,43
0.7188876494708696,0.10142978262853222,0.7467136430793982,0.30121640710829056,-374107.17536325095,-0.8826058340676916,0.1524895068198829,43
0.06185443919926155,0.14833231561345692,0.5604426870579998,0.005360393131698726,-284608.4796499024,-0.9820409496461905,0.1547310294598827,43
0.167350526223088,0.15015434786644177,0.4729130022384551,0.023394499213153945,-413831.3250372822,-0.96623624992719,0.16180018897987922,43
0.9677031511411203,0.16214690309801846,0.5702514420899982,0.0012970338540505,-260035.07433306103,-0.9921548690655694,0.16240338588665057,43
0.08300161243437126,0.09127818653728884,0.9098716596102089,0.0596658868124722,-250464.84348828808,-0.8739715316283502,0.14741081478236848,43
0.04272553947184765,0.12693584309782568,0.5614961601015003,0.005360393131698726,-196469.43458579286,-0.9881722324945761,0.1483707627783645,43
0.15112745234808023,0.12836547326589617,0.4776749402850482,0.02354589403246754,-307222.1660791712,-0.9754235141401143,0.15834473984476127,43
0.0864234353373603,0.1502161118293548,0.9166434294111993,0.01768001002798198,-187715.51936198794,-0.9669582740424442,0.14644232343357466,43
0.14432294116342537,0.15006983477042612,0.6791879902457402,0.005637250086420416,-215114.6654316026,-0.9843284888803333,0.1588079391409508,43
0.7444803369586996,0.15015434786644177,0.2780800267203146,0.014461406860603994,-632392.815869687,-0.9543048117209842,0.15009526777513463,44
0.7188876494708696,0.10316351733822793,0.7467136430793982,0.30121640710829056,-322432.33848715323,-0.7699312503171986,0.14576351517183103,44
0.2690974936231182,0.16215304952970547,0.6705363594219576,0.0607316686382349,-309545.64119927166,-0.9400766325421176,0.1474686989849897,44
0.1663679873434678,0.15015434786644177,0.4729130022384551,0.005360393131698726,-221089.97596510276,-0.9893878921076364,0.14423740640519267,44
0.6973884012210998,0.10352911181414097,0.46600109688235725,0.026721275900081387,-270975.551367398,-0.9577943260880227,0.1396836006618035,44
0.19971965571633005,0.1606238600618814,0.6700667369635916,0.014452482134476249,-530941.6749030247,-0.9690489159317801,0.15649162876249847,44
0.36925248419698553,0.16215304952970547,0.6705363594219576,0.0607316686382349,-340561.7360447959,-0.933439516753975,0.14724872660565475,44
0.9110387942200284,0.12408593523157692,0.49376056937517177,0.01599186773410044,-373812.3110901588,-0.976806108518435,0.15600035641953228,44
0.7437732427388861,0.1502161118293548,0.2597557975655722,0.004423775487395316,-366368.6750928387,-0.9864840769025344,0.1723295191706554,44
0.261040530767494,0.1394589004386606,0.4636555072918797,0.0012948540044648528,-272058.15586637094,-0.9933250882170371,0.15167465741246788,44
0.18856300346486415,0.1606238600618814,0.2674835485764079,0.004304440495722966,-446495.1825290546,-0.984974147333307,0.1722647230950882,44
0.06185443919926155,0.14833231561345692,0.5603495254175471,0.005360393131698726,-496593.691787732,-0.9793367655103963,0.16434336165697216,44
0.7444803369586996,0.15015434786644177,0.28956272919810844,0.014461406860603994,-440475.8424061533,-0.98029965311722,0.16360420164124131,44
0.7348759418254533,0.1384786636136191,0.4159612936724446,0.0012948540044648528,-71334.3926184361,-0.9903849134534929,0.151038430034575,44
0.049835676552552,0.12385924418073829,0.5122446656042654,0.005558507231294303,-193743.97073683585,-0.9805213580756197,0.14348479210388876,44
0.796098845751912,0.15262924226777386,0.2788970522648231,0.005360393131698726,-368879.7398792749,-0.9918905375137982,0.1737899757308993,44
0.053940005517556275,0.13229217700195545,0.46636674013103974,0.0014221844959425196,-314487.8745203788,-0.9906418148863841,0.16077313034559204,44
0.06185443919926155,0.14833231561345692,0.5603495254175471,0.056922486966371345,-394292.154621619,-0.9143085025050798,0.1463801113645577,44
0.22870160829029812,0.14833231561345692,0.5296938670237153,0.0052811115621599,-342488.5710679491,-0.9892235634552765,0.15189329477469452,44
0.7108833406729247,0.13785209325945835,0.4159612936724446,0.0012948540044648528,-269873.6863290607,-0.9942209421142046,0.161723918396762,44
0.3689060939450376,0.13893828737550293,0.4225557641322915,0.0009784898468434347,-342642.58206146647,-0.9867211146809377,0.1609865957538054,44
0.17028075002099508,0.15131094099721812,0.5641414667626924,0.004304440495722966,-486046.92295336863,-0.9777164315115069,0.1614939919333883,44
0.796098845751912,0.13967326034051922,0.5149155358275339,0.005360393131698726,-414407.3611377867,-0.9860235612323653,0.1573205859043349,44
0.06185443919926155,0.14853442189766886,0.5701931209837806,0.01184650746538458,-329895.6999638852,-0.9809949632272902,0.1484722513581107,44
0.04272553947184765,0.15297065634022983,0.26920870847227596,0.002239722014611998,-266612.39437068667,-0.9942699869247155,0.1562319559071024,44
0.7188876494708696,0.100458436589178,0.7467136430793982,0.003817941316246659,-267411.5863740111,-0.989986137540893,0.1467762180009628,44
0.7838427447502687,0.13967326034051922,0.5149155358275339,0.005360393131698726,-364489.483885725,-0.9817714966748582,0.1541274476403536,44
0.18856300346486415,0.1606238600618814,0.49547861785473635,0.014452482134476249,-72904.68722591556,-0.9681541555871177,0.14525415818882662,44
0.2825794949538224,0.1502161118293548,0.2847857976736019,0.004423775487395316,-214458.92541502617,-0.9939044137770101,0.16002238442911265,44
0.11438796309320398,0.16683533008286394,0.658468329302128,0.014072369440576875,-161684.80873056382,-0.9622996852507355,0.1451237257383375,44
0.11438796309320398,0.16683533008286394,0.658468329302128,0.32146083439300227,-514983.27903439756,-0.6826457811150481,0.16586252483412742,44
0.9543708324542193,0.16214690309801846,0.5702514420899982,0.0012970338540505,-334630.5083543206,-0.986183325608777,0.17227763548862965,44
0.7188876494708696,0.100458436589178,0.7467136430793982,0.30121640710829056,-370862.24177178746,-0.7743077198106297,0.15016593822234905,44
0.15112745234808023,0.0944770804718705,0.4776749402850482,0.17172800702416247,-416170.771002175,-0.8363620927479097,0.15546289645653266,44
0.36882027214597635,0.13893828737550293,0.6705363594219576,0.08088615105215521,-458226.263977834,-0.902998987923526,0.15580588754377575,44
0.08378317193915491,0.1512184061368433,0.6732361064597085,0.05964813470486878,-310080.21735788643,-0.9226143043242825,0.15136043422190446,44
0.23445439192882384,0.10316351733822793,0.7364265439951192,0.2932862692116337,-383731.7187167979,-0.8518201395130046,0.15377420184661725,44
0.15816052207966924,0.10040393747665169,0.2780800267203146,0.013977166812427194,-462116.7114595632,-0.9768073419991826,0.1695206782770395,44
0.36925248419698553,0.1667628480266498,0.6553418960442855,0.05188822276805517,-481830.4985355446,-0.9563076828253378,0.15697530409147012,44
0.1352109474852038,0.15015434786644177,0.3316193474126852,0.014461406860603994,-513971.64473173046,-0.9470246007366317,0.16710522724688634,44
0.07348715240459412,0.14795567332240558,0.5585672674803434,0.0012948540044648528,-127504.24949284755,-0.9854379458907272,0.14778032629945553,44
0.14432294116342537,0.15015434786644177,0.2780800267203146,0.014461406860603994,-343353.6923786173,-0.9709171025117085,0.16493176488525194,44
0.08300161243437126,0.09127818653728884,0.9098716596102089,0.0596658868124722,-250464.84348828808,-0.8739715316283502,0.14741081478236848,44
0.7188876494708696,0.10142978262853222,0.7467136430793982,0.30121640710829056,-374107.17536325095,-0.8826058340676916,0.1524895068198829,44
0.9036966668248841,0.10338598390999608,0.4640664727700201,0.02370399025870279,-265986.37739615055,-0.945084803599627,0.15302937135446523,44
0.06185443919926155,0.14833231561345692,0.5604426870579998,0.005360393131698726,-284608.4796499024,-0.9820409496461905,0.1547310294598827,44
0.167350526223088,0.15015434786644177,0.4729130022384551,0.023394499213153945,-413831.3250372822,-0.96623624992719,0.16180018897987922,44
0.04272553947184765,0.12693584309782568,0.5614961601015003,0.005360393131698726,-196469.43458579286,-0.9881722324945761,0.1483707627783645,44
0.0864234353373603,0.1502161118293548,0.9166434294111993,0.01768001002798198,-187715.51936198794,-0.9669582740424442,0.14644232343357466,44
0.9677031511411203,0.16214690309801846,0.5702514420899982,0.0012970338540505,-260035.07433306103,-0.9921548690655694,0.16240338588665057,44
0.7444803369586996,0.15015434786644177,0.2780800267203146,0.014461406860603994,-632392.815869687,-0.9543048117209842,0.15009526777513463,45
0.7188876494708696,0.10316351733822793,0.7467136430793982,0.30121640710829056,-322432.33848715323,-0.7699312503171986,0.14576351517183103,45
0.2690974936231182,0.16215304952970547,0.6705363594219576,0.0607316686382349,-309545.64119927166,-0.9400766325421176,0.1474686989849897,45
0.1663679873434678,0.15015434786644177,0.4729130022384551,0.005360393131698726,-221089.97596510276,-0.9893878921076364,0.14423740640519267,45
0.6973884012210998,0.10352911181414097,0.46600109688235725,0.026721275900081387,-270975.551367398,-0.9577943260880227,0.1396836006618035,45
0.19971965571633005,0.1606238600618814,0.6700667369635916,0.014452482134476249,-530941.6749030247,-0.9690489159317801,0.15649162876249847,45
0.36925248419698553,0.16215304952970547,0.6705363594219576,0.0607316686382349,-340561.7360447959,-0.933439516753975,0.14724872660565475,45
0.9110387942200284,0.12408593523157692,0.49376056937517177,0.01599186773410044,-373812.3110901588,-0.976806108518435,0.15600035641953228,45
0.7437732427388861,0.1502161118293548,0.2597557975655722,0.004423775487395316,-366368.6750928387,-0.9864840769025344,0.1723295191706554,45
0.261040530767494,0.1394589004386606,0.4636555072918797,0.0012948540044648528,-272058.15586637094,-0.9933250882170371,0.15167465741246788,45
0.18856300346486415,0.1606238600618814,0.2674835485764079,0.004304440495722966,-446495.1825290546,-0.984974147333307,0.1722647230950882,45
0.06185443919926155,0.14833231561345692,0.5603495254175471,0.005360393131698726,-496593.691787732,-0.9793367655103963,0.16434336165697216,45
0.7444803369586996,0.15015434786644177,0.28956272919810844,0.014461406860603994,-440475.8424061533,-0.98029965311722,0.16360420164124131,45
0.7348759418254533,0.1384786636136191,0.4159612936724446,0.0012948540044648528,-71334.3926184361,-0.9903849134534929,0.151038430034575,45
0.049835676552552,0.12385924418073829,0.5122446656042654,0.005558507231294303,-193743.97073683585,-0.9805213580756197,0.14348479210388876,45
0.796098845751912,0.15262924226777386,0.2788970522648231,0.005360393131698726,-368879.7398792749,-0.9918905375137982,0.1737899757308993,45
0.053940005517556275,0.13229217700195545,0.46636674013103974,0.0014221844959425196,-314487.8745203788,-0.9906418148863841,0.16077313034559204,45
0.06185443919926155,0.14833231561345692,0.5603495254175471,0.056922486966371345,-394292.154621619,-0.9143085025050798,0.1463801113645577,45
0.22870160829029812,0.14833231561345692,0.5296938670237153,0.0052811115621599,-342488.5710679491,-0.9892235634552765,0.15189329477469452,45
0.7108833406729247,0.13785209325945835,0.4159612936724446,0.0012948540044648528,-269873.6863290607,-0.9942209421142046,0.161723918396762,45
0.3689060939450376,0.13893828737550293,0.4225557641322915,0.0009784898468434347,-342642.58206146647,-0.9867211146809377,0.1609865957538054,45
0.17028075002099508,0.15131094099721812,0.5641414667626924,0.004304440495722966,-486046.92295336863,-0.9777164315115069,0.1614939919333883,45
0.796098845751912,0.13967326034051922,0.5149155358275339,0.005360393131698726,-414407.3611377867,-0.9860235612323653,0.1573205859043349,45
0.06185443919926155,0.14853442189766886,0.5701931209837806,0.01184650746538458,-329895.6999638852,-0.9809949632272902,0.1484722513581107,45
0.04272553947184765,0.15297065634022983,0.26920870847227596,0.002239722014611998,-266612.39437068667,-0.9942699869247155,0.1562319559071024,45
0.7188876494708696,0.100458436589178,0.7467136430793982,0.003817941316246659,-267411.5863740111,-0.989986137540893,0.1467762180009628,45
0.7838427447502687,0.13967326034051922,0.5149155358275339,0.005360393131698726,-364489.483885725,-0.9817714966748582,0.1541274476403536,45
0.18856300346486415,0.1606238600618814,0.49547861785473635,0.014452482134476249,-72904.68722591556,-0.9681541555871177,0.14525415818882662,45
0.9543708324542193,0.16214690309801846,0.5702514420899982,0.0012970338540505,-334630.5083543206,-0.986183325608777,0.17227763548862965,45
0.11438796309320398,0.16683533008286394,0.658468329302128,0.32146083439300227,-514983.27903439756,-0.6826457811150481,0.16586252483412742,45
0.11438796309320398,0.16683533008286394,0.658468329302128,0.014072369440576875,-161684.80873056382,-0.9622996852507355,0.1451237257383375,45
0.261040530767494,0.1394589004386606,0.6648896422025358,2.543032734400163e-05,-183279.8706585071,-0.9940817562154539,0.15972776882805642,45
0.7188876494708696,0.100458436589178,0.7467136430793982,0.30121640710829056,-370862.24177178746,-0.7743077198106297,0.15016593822234905,45
0.15112745234808023,0.0944770804718705,0.4776749402850482,0.17172800702416247,-416170.771002175,-0.8363620927479097,0.15546289645653266,45
0.08378317193915491,0.1512184061368433,0.6732361064597085,0.05964813470486878,-310080.21735788643,-0.9226143043242825,0.15136043422190446,45
0.36882027214597635,0.13893828737550293,0.6705363594219576,0.08088615105215521,-458226.263977834,-0.902998987923526,0.15580588754377575,45
0.15816052207966924,0.10040393747665169,0.2780800267203146,0.013977166812427194,-462116.7114595632,-0.9768073419991826,0.1695206782770395,45
0.23445439192882384,0.10316351733822793,0.7364265439951192,0.2932862692116337,-383731.7187167979,-0.8518201395130046,0.15377420184661725,45
0.36925248419698553,0.1667628480266498,0.6553418960442855,0.05188822276805517,-481830.4985355446,-0.9563076828253378,0.15697530409147012,45
0.08300161243437126,0.09127818653728884,0.9098716596102089,0.0596658868124722,-250464.84348828808,-0.8739715316283502,0.14741081478236848,45
0.1352109474852038,0.15015434786644177,0.3316193474126852,0.014461406860603994,-513971.64473173046,-0.9470246007366317,0.16710522724688634,45
0.14432294116342537,0.15015434786644177,0.2780800267203146,0.014461406860603994,-343353.6923786173,-0.9709171025117085,0.16493176488525194,45
0.07348715240459412,0.14795567332240558,0.5585672674803434,0.0012948540044648528,-127504.24949284755,-0.9854379458907272,0.14778032629945553,45
0.2825794949538224,0.1502161118293548,0.2847857976736019,0.004423775487395316,-214458.92541502617,-0.9939044137770101,0.16002238442911265,45
0.06185443919926155,0.14833231561345692,0.5604426870579998,0.005360393131698726,-284608.4796499024,-0.9820409496461905,0.1547310294598827,45
0.7188876494708696,0.10142978262853222,0.7467136430793982,0.30121640710829056,-374107.17536325095,-0.8826058340676916,0.1524895068198829,45
0.9036966668248841,0.10338598390999608,0.4640664727700201,0.02370399025870279,-265986.37739615055,-0.945084803599627,0.15302937135446523,45
0.167350526223088,0.15015434786644177,0.4729130022384551,0.023394499213153945,-413831.3250372822,-0.96623624992719,0.16180018897987922,45
0.9677031511411203,0.16214690309801846,0.5702514420899982,0.0012970338540505,-260035.07433306103,-0.9921548690655694,0.16240338588665057,45
0.04272553947184765,0.12693584309782568,0.5614961601015003,0.005360393131698726,-196469.43458579286,-0.9881722324945761,0.1483707627783645,45
0.7444803369586996,0.15015434786644177,0.2780800267203146,0.014461406860603994,-632392.815869687,-0.9543048117209842,0.15009526777513463,46
0.7188876494708696,0.10316351733822793,0.7467136430793982,0.30121640710829056,-322432.33848715323,-0.7699312503171986,0.14576351517183103,46
0.2690974936231182,0.16215304952970547,0.6705363594219576,0.0607316686382349,-309545.64119927166,-0.9400766325421176,0.1474686989849897,46
0.1663679873434678,0.15015434786644177,0.4729130022384551,0.005360393131698726,-221089.97596510276,-0.9893878921076364,0.14423740640519267,46
0.6973884012210998,0.10352911181414097,0.46600109688235725,0.026721275900081387,-270975.551367398,-0.9577943260880227,0.1396836006618035,46
0.19971965571633005,0.1606238600618814,0.6700667369635916,0.014452482134476249,-530941.6749030247,-0.9690489159317801,0.15649162876249847,46
0.36925248419698553,0.16215304952970547,0.6705363594219576,0.0607316686382349,-340561.7360447959,-0.933439516753975,0.14724872660565475,46
0.9110387942200284,0.12408593523157692,0.49376056937517177,0.01599186773410044,-373812.3110901588,-0.976806108518435,0.15600035641953228,46
0.7437732427388861,0.1502161118293548,0.2597557975655722,0.004423775487395316,-366368.6750928387,-0.9864840769025344,0.1723295191706554,46
0.261040530767494,0.1394589004386606,0.4636555072918797,0.0012948540044648528,-272058.15586637094,-0.9933250882170371,0.15167465741246788,46
0.18856300346486415,0.1606238600618814,0.2674835485764079,0.004304440495722966,-446495.1825290546,-0.984974147333307,0.1722647230950882,46
0.06185443919926155,0.14833231561345692,0.5603495254175471,0.005360393131698726,-496593.691787732,-0.9793367655103963,0.16434336165697216,46
0.7444803369586996,0.15015434786644177,0.28956272919810844,0.014461406860603994,-440475.8424061533,-0.98029965311722,0.16360420164124131,46
0.7348759418254533,0.1384786636136191,0.4159612936724446,0.0012948540044648528,-71334.3926184361,-0.9903849134534929,0.151038430034575,46
0.049835676552552,0.12385924418073829,0.5122446656042654,0.005558507231294303,-193743.97073683585,-0.9805213580756197,0.14348479210388876,46
0.796098845751912,0.15262924226777386,0.2788970522648231,0.005360393131698726,-368879.7398792749,-0.9918905375137982,0.1737899757308993,46
0.053940005517556275,0.13229217700195545,0.46636674013103974,0.0014221844959425196,-314487.8745203788,-0.9906418148863841,0.16077313034559204,46
0.06185443919926155,0.14833231561345692,0.5603495254175471,0.056922486966371345,-394292.154621619,-0.9143085025050798,0.1463801113645577,46
0.22870160829029812,0.14833231561345692,0.5296938670237153,0.0052811115621599,-342488.5710679491,-0.9892235634552765,0.15189329477469452,46
0.7108833406729247,0.13785209325945835,0.4159612936724446,0.0012948540044648528,-269873.6863290607,-0.9942209421142046,0.161723918396762,46
0.3689060939450376,0.13893828737550293,0.4225557641322915,0.0009784898468434347,-342642.58206146647,-0.9867211146809377,0.1609865957538054,46
0.17028075002099508,0.15131094099721812,0.5641414667626924,0.004304440495722966,-486046.92295336863,-0.9777164315115069,0.1614939919333883,46
0.796098845751912,0.13967326034051922,0.5149155358275339,0.005360393131698726,-414407.3611377867,-0.9860235612323653,0.1573205859043349,46
0.06185443919926155,0.14853442189766886,0.5701931209837806,0.01184650746538458,-329895.6999638852,-0.9809949632272902,0.1484722513581107,46
0.04272553947184765,0.15297065634022983,0.26920870847227596,0.002239722014611998,-266612.39437068667,-0.9942699869247155,0.1562319559071024,46
0.7188876494708696,0.100458436589178,0.7467136430793982,0.003817941316246659,-267411.5863740111,-0.989986137540893,0.1467762180009628,46
0.7838427447502687,0.13967326034051922,0.5149155358275339,0.005360393131698726,-364489.483885725,-0.9817714966748582,0.1541274476403536,46
0.36842762730701734,0.1394589004386606,0.6645959564155897,8.361738624208803e-05,-196053.96575674802,-0.9944829891881307,0.16059255112307924,46
0.9543708324542193,0.16214690309801846,0.5702514420899982,0.0012970338540505,-334630.5083543206,-0.986183325608777,0.17227763548862965,46
0.11438796309320398,0.16683533008286394,0.658468329302128,0.014072369440576875,-161684.80873056382,-0.9622996852507355,0.1451237257383375,46
0.261040530767494,0.1394589004386606,0.6648896422025358,2.543032734400163e-05,-183279.8706585071,-0.9940817562154539,0.15972776882805642,46
0.11438796309320398,0.16683533008286394,0.658468329302128,0.32146083439300227,-514983.27903439756,-0.6826457811150481,0.16586252483412742,46
0.18856300346486415,0.1606238600618814,0.49547861785473635,0.014452482134476249,-72904.68722591556,-0.9681541555871177,0.14525415818882662,46
0.7188876494708696,0.100458436589178,0.7467136430793982,0.30121640710829056,-370862.24177178746,-0.7743077198106297,0.15016593822234905,46
0.15112745234808023,0.0944770804718705,0.4776749402850482,0.17172800702416247,-416170.771002175,-0.8363620927479097,0.15546289645653266,46
0.08378317193915491,0.1512184061368433,0.6732361064597085,0.05964813470486878,-310080.21735788643,-0.9226143043242825,0.15136043422190446,46
0.36925248419698553,0.1667628480266498,0.6553418960442855,0.05188822276805517,-481830.4985355446,-0.9563076828253378,0.15697530409147012,46
0.08300161243437126,0.09127818653728884,0.9098716596102089,0.0596658868124722,-250464.84348828808,-0.8739715316283502,0.14741081478236848,46
0.15816052207966924,0.10040393747665169,0.2780800267203146,0.013977166812427194,-462116.7114595632,-0.9768073419991826,0.1695206782770395,46
0.23445439192882384,0.10316351733822793,0.7364265439951192,0.2932862692116337,-383731.7187167979,-0.8518201395130046,0.15377420184661725,46
0.36882027214597635,0.13893828737550293,0.6705363594219576,0.08088615105215521,-458226.263977834,-0.902998987923526,0.15580588754377575,46
0.1352109474852038,0.15015434786644177,0.3316193474126852,0.014461406860603994,-513971.64473173046,-0.9470246007366317,0.16710522724688634,46
0.14432294116342537,0.15015434786644177,0.2780800267203146,0.014461406860603994,-343353.6923786173,-0.9709171025117085,0.16493176488525194,46
0.2825794949538224,0.1502161118293548,0.2847857976736019,0.004423775487395316,-214458.92541502617,-0.9939044137770101,0.16002238442911265,46
0.07348715240459412,0.14795567332240558,0.5585672674803434,0.0012948540044648528,-127504.24949284755,-0.9854379458907272,0.14778032629945553,46
0.06185443919926155,0.14833231561345692,0.5604426870579998,0.005360393131698726,-284608.4796499024,-0.9820409496461905,0.1547310294598827,46
0.7188876494708696,0.10142978262853222,0.7467136430793982,0.30121640710829056,-374107.17536325095,-0.8826058340676916,0.1524895068198829,46
0.9036966668248841,0.10338598390999608,0.4640664727700201,0.02370399025870279,-265986.37739615055,-0.945084803599627,0.15302937135446523,46
0.167350526223088,0.15015434786644177,0.4729130022384551,0.023394499213153945,-413831.3250372822,-0.96623624992719,0.16180018897987922,46
0.8360865374855531,0.17059595716641085,0.26766971660199634,0.004329383745978204,-94294.23223716993,-0.9897082620277938,0.15597210754630256,46
0.7444803369586996,0.15015434786644177,0.2780800267203146,0.014461406860603994,-632392.815869687,-0.9543048117209842,0.15009526777513463,47
0.7188876494708696,0.10316351733822793,0.7467136430793982,0.30121640710829056,-322432.33848715323,-0.7699312503171986,0.14576351517183103,47
0.2690974936231182,0.16215304952970547,0.6705363594219576,0.0607316686382349,-309545.64119927166,-0.9400766325421176,0.1474686989849897,47
0.1663679873434678,0.15015434786644177,0.4729130022384551,0.005360393131698726,-221089.97596510276,-0.9893878921076364,0.14423740640519267,47
0.6973884012210998,0.10352911181414097,0.46600109688235725,0.026721275900081387,-270975.551367398,-0.9577943260880227,0.1396836006618035,47
0.19971965571633005,0.1606238600618814,0.6700667369635916,0.014452482134476249,-530941.6749030247,-0.9690489159317801,0.15649162876249847,47
0.36925248419698553,0.16215304952970547,0.6705363594219576,0.0607316686382349,-340561.7360447959,-0.933439516753975,0.14724872660565475,47
0.9110387942200284,0.12408593523157692,0.49376056937517177,0.01599186773410044,-373812.3110901588,-0.976806108518435,0.15600035641953228,47
0.7437732427388861,0.1502161118293548,0.2597557975655722,0.004423775487395316,-366368.6750928387,-0.9864840769025344,0.1723295191706554,47
0.261040530767494,0.1394589004386606,0.4636555072918797,0.0012948540044648528,-272058.15586637094,-0.9933250882170371,0.15167465741246788,47
0.18856300346486415,0.1606238600618814,0.2674835485764079,0.004304440495722966,-446495.1825290546,-0.984974147333307,0.1722647230950882,47
0.06185443919926155,0.14833231561345692,0.5603495254175471,0.005360393131698726,-496593.691787732,-0.9793367655103963,0.16434336165697216,47
0.7444803369586996,0.15015434786644177,0.28956272919810844,0.014461406860603994,-440475.8424061533,-0.98029965311722,0.16360420164124131,47
0.7348759418254533,0.1384786636136191,0.4159612936724446,0.0012948540044648528,-71334.3926184361,-0.9903849134534929,0.151038430034575,47
0.049835676552552,0.12385924418073829,0.5122446656042654,0.005558507231294303,-193743.97073683585,-0.9805213580756197,0.14348479210388876,47
0.796098845751912,0.15262924226777386,0.2788970522648231,0.005360393131698726,-368879.7398792749,-0.9918905375137982,0.1737899757308993,47
0.053940005517556275,0.13229217700195545,0.46636674013103974,0.0014221844959425196,-314487.8745203788,-0.9906418148863841,0.16077313034559204,47
0.06185443919926155,0.14833231561345692,0.5603495254175471,0.056922486966371345,-394292.154621619,-0.9143085025050798,0.1463801113645577,47
0.22870160829029812,0.14833231561345692,0.5296938670237153,0.0052811115621599,-342488.5710679491,-0.9892235634552765,0.15189329477469452,47
0.7108833406729247,0.13785209325945835,0.4159612936724446,0.0012948540044648528,-269873.6863290607,-0.9942209421142046,0.161723918396762,47
0.3689060939450376,0.13893828737550293,0.4225557641322915,0.0009784898468434347,-342642.58206146647,-0.9867211146809377,0.1609865957538054,47
0.17028075002099508,0.15131094099721812,0.5641414667626924,0.004304440495722966,-486046.92295336863,-0.9777164315115069,0.1614939919333883,47
0.796098845751912,0.13967326034051922,0.5149155358275339,0.005360393131698726,-414407.3611377867,-0.9860235612323653,0.1573205859043349,47
0.06185443919926155,0.14853442189766886,0.5701931209837806,0.01184650746538458,-329895.6999638852,-0.9809949632272902,0.1484722513581107,47
0.04272553947184765,0.15297065634022983,0.26920870847227596,0.002239722014611998,-266612.39437068667,-0.9942699869247155,0.1562319559071024,47
0.7188876494708696,0.100458436589178,0.7467136430793982,0.003817941316246659,-267411.5863740111,-0.989986137540893,0.1467762180009628,47
0.7838427447502687,0.13967326034051922,0.5149155358275339,0.005360393131698726,-364489.483885725,-0.9817714966748582,0.1541274476403536,47
0.36842762730701734,0.1394589004386606,0.6645959564155897,8.361738624208803e-05,-196053.96575674802,-0.9944829891881307,0.16059255112307924,47
0.9543708324542193,0.16214690309801846,0.5702514420899982,0.0012970338540505,-334630.5083543206,-0.986183325608777,0.17227763548862965,47
0.18856300346486415,0.1606238600618814,0.49547861785473635,0.014452482134476249,-72904.68722591556,-0.9681541555871177,0.14525415818882662,47
0.261040530767494,0.1394589004386606,0.6648896422025358,2.543032734400163e-05,-183279.8706585071,-0.9940817562154539,0.15972776882805642,47
0.11438796309320398,0.16683533008286394,0.658468329302128,0.014072369440576875,-161684.80873056382,-0.9622996852507355,0.1451237257383375,47
0.11438796309320398,0.16683533008286394,0.658468329302128,0.32146083439300227,-514983.27903439756,-0.6826457811150481,0.16586252483412742,47
0.7188876494708696,0.100458436589178,0.7467136430793982,0.30121640710829056,-370862.24177178746,-0.7743077198106297,0.15016593822234905,47
0.15112745234808023,0.0944770804718705,0.4776749402850482,0.17172800702416247,-416170.771002175,-0.8363620927479097,0.15546289645653266,47
0.08378317193915491,0.1512184061368433,0.6732361064597085,0.05964813470486878,-310080.21735788643,-0.9226143043242825,0.15136043422190446,47
0.36925248419698553,0.1667628480266498,0.6553418960442855,0.05188822276805517,-481830.4985355446,-0.9563076828253378,0.15697530409147012,47
0.08300161243437126,0.09127818653728884,0.9098716596102089,0.0596658868124722,-250464.84348828808,-0.8739715316283502,0.14741081478236848,47
0.15816052207966924,0.10040393747665169,0.2780800267203146,0.013977166812427194,-462116.7114595632,-0.9768073419991826,0.1695206782770395,47
0.23445439192882384,0.10316351733822793,0.7364265439951192,0.2932862692116337,-383731.7187167979,-0.8518201395130046,0.15377420184661725,47
0.07348715240459412,0.14795567332240558,0.5585672674803434,0.0012948540044648528,-127504.24949284755,-0.9854379458907272,0.14778032629945553,47
0.36882027214597635,0.13893828737550293,0.6705363594219576,0.08088615105215521,-458226.263977834,-0.902998987923526,0.15580588754377575,47
0.1352109474852038,0.15015434786644177,0.3316193474126852,0.014461406860603994,-513971.64473173046,-0.9470246007366317,0.16710522724688634,47
0.167350526223088,0.15015434786644177,0.4729130022384551,0.023394499213153945,-413831.3250372822,-0.96623624992719,0.16180018897987922,47
0.14432294116342537,0.15015434786644177,0.2780800267203146,0.014461406860603994,-343353.6923786173,-0.9709171025117085,0.16493176488525194,47
0.052461619139741344,0.12385924418073829,0.5958567124302019,0.005556261854967426,-221133.95092896282,-0.9843647898099079,0.16318308330005224,47
0.9036966668248841,0.10338598390999608,0.4640664727700201,0.02370399025870279,-265986.37739615055,-0.945084803599627,0.15302937135446523,47
0.06185443919926155,0.14833231561345692,0.5604426870579998,0.005360393131698726,-284608.4796499024,-0.9820409496461905,0.1547310294598827,47
0.8360865374855531,0.17059595716641085,0.26766971660199634,0.004329383745978204,-94294.23223716993,-0.9897082620277938,0.15597210754630256,47
0.2825794949538224,0.1502161118293548,0.2847857976736019,0.004423775487395316,-214458.92541502617,-0.9939044137770101,0.16002238442911265,47
0.7444803369586996,0.15015434786644177,0.2780800267203146,0.014461406860603994,-632392.815869687,-0.9543048117209842,0.15009526777513463,48
0.7188876494708696,0.10316351733822793,0.7467136430793982,0.30121640710829056,-322432.33848715323,-0.7699312503171986,0.14576351517183103,48
0.2690974936231182,0.16215304952970547,0.6705363594219576,0.0607316686382349,-309545.64119927166,-0.9400766325421176,0.1474686989849897,48
0.1663679873434678,0.15015434786644177,0.4729130022384551,0.005360393131698726,-221089.97596510276,-0.9893878921076364,0.14423740640519267,48
0.6973884012210998,0.10352911181414097,0.46600109688235725,0.026721275900081387,-270975.551367398,-0.9577943260880227,0.1396836006618035,48
0.19971965571633005,0.1606238600618814,0.6700667369635916,0.014452482134476249,-530941.6749030247,-0.9690489159317801,0.15649162876249847,48
0.36925248419698553,0.16215304952970547,0.6705363594219576,0.0607316686382349,-340561.7360447959,-0.933439516753975,0.14724872660565475,48
0.9110387942200284,0.12408593523157692,0.49376056937517177,0.01599186773410044,-373812.3110901588,-0.976806108518435,0.15600035641953228,48
0.7437732427388861,0.1502161118293548,0.2597557975655722,0.004423775487395316,-366368.6750928387,-0.9864840769025344,0.1723295191706554,48
0.261040530767494,0.1394589004386606,0.4636555072918797,0.0012948540044648528,-272058.15586637094,-0.9933250882170371,0.15167465741246788,48
0.18856300346486415,0.1606238600618814,0.2674835485764079,0.004304440495722966,-446495.1825290546,-0.984974147333307,0.1722647230950882,48
0.06185443919926155,0.14833231561345692,0.5603495254175471,0.005360393131698726,-496593.691787732,-0.9793367655103963,0.16434336165697216,48
0.7444803369586996,0.15015434786644177,0.28956272919810844,0.014461406860603994,-440475.8424061533,-0.98029965311722,0.16360420164124131,48
0.7348759418254533,0.1384786636136191,0.4159612936724446,0.0012948540044648528,-71334.3926184361,-0.9903849134534929,0.151038430034575,48
0.049835676552552,0.12385924418073829,0.5122446656042654,0.005558507231294303,-193743.97073683585,-0.9805213580756197,0.14348479210388876,48
0.796098845751912,0.15262924226777386,0.2788970522648231,0.005360393131698726,-368879.7398792749,-0.9918905375137982,0.1737899757308993,48
0.053940005517556275,0.13229217700195545,0.46636674013103974,0.0014221844959425196,-314487.8745203788,-0.9906418148863841,0.16077313034559204,48
0.06185443919926155,0.14833231561345692,0.5603495254175471,0.056922486966371345,-394292.154621619,-0.9143085025050798,0.1463801113645577,48
0.22870160829029812,0.14833231561345692,0.5296938670237153,0.0052811115621599,-342488.5710679491,-0.9892235634552765,0.15189329477469452,48
0.7108833406729247,0.13785209325945835,0.4159612936724446,0.0012948540044648528,-269873.6863290607,-0.9942209421142046,0.161723918396762,48
0.3689060939450376,0.13893828737550293,0.4225557641322915,0.0009784898468434347,-342642.58206146647,-0.9867211146809377,0.1609865957538054,48
0.17028075002099508,0.15131094099721812,0.5641414667626924,0.004304440495722966,-486046.92295336863,-0.9777164315115069,0.1614939919333883,48
0.796098845751912,0.13967326034051922,0.5149155358275339,0.005360393131698726,-414407.3611377867,-0.9860235612323653,0.1573205859043349,48
0.06185443919926155,0.14853442189766886,0.5701931209837806,0.01184650746538458,-329895.6999638852,-0.9809949632272902,0.1484722513581107,48
0.04272553947184765,0.15297065634022983,0.26920870847227596,0.002239722014611998,-266612.39437068667,-0.9942699869247155,0.1562319559071024,48
0.7188876494708696,0.100458436589178,0.7467136430793982,0.003817941316246659,-267411.5863740111,-0.989986137540893,0.1467762180009628,48
0.7838427447502687,0.13967326034051922,0.5149155358275339,0.005360393131698726,-364489.483885725,-0.9817714966748582,0.1541274476403536,48
0.36842762730701734,0.1394589004386606,0.6645959564155897,8.361738624208803e-05,-196053.96575674802,-0.9944829891881307,0.16059255112307924,48
0.261040530767494,0.1394589004386606,0.6648896422025358,2.543032734400163e-05,-183279.8706585071,-0.9940817562154539,0.15972776882805642,48
0.11438796309320398,0.16683533008286394,0.658468329302128,0.32146083439300227,-514983.27903439756,-0.6826457811150481,0.16586252483412742,48
0.9543708324542193,0.16214690309801846,0.5702514420899982,0.0012970338540505,-334630.5083543206,-0.986183325608777,0.17227763548862965,48
0.11438796309320398,0.16683533008286394,0.658468329302128,0.014072369440576875,-161684.80873056382,-0.9622996852507355,0.1451237257383375,48
0.18856300346486415,0.1606238600618814,0.49547861785473635,0.014452482134476249,-72904.68722591556,-0.9681541555871177,0.14525415818882662,48
0.7188876494708696,0.100458436589178,0.7467136430793982,0.30121640710829056,-370862.24177178746,-0.7743077198106297,0.15016593822234905,48
0.15112745234808023,0.0944770804718705,0.4776749402850482,0.17172800702416247,-416170.771002175,-0.8363620927479097,0.15546289645653266,48
0.08378317193915491,0.1512184061368433,0.6732361064597085,0.05964813470486878,-310080.21735788643,-0.9226143043242825,0.15136043422190446,48
0.08300161243437126,0.09127818653728884,0.9098716596102089,0.0596658868124722,-250464.84348828808,-0.8739715316283502,0.14741081478236848,48
0.23445439192882384,0.10316351733822793,0.7364265439951192,0.2932862692116337,-383731.7187167979,-0.8518201395130046,0.15377420184661725,48
0.15816052207966924,0.10040393747665169,0.2780800267203146,0.013977166812427194,-462116.7114595632,-0.9768073419991826,0.1695206782770395,48
0.36882027214597635,0.13893828737550293,0.6705363594219576,0.08088615105215521,-458226.263977834,-0.902998987923526,0.15580588754377575,48
0.167350526223088,0.15015434786644177,0.4729130022384551,0.023394499213153945,-413831.3250372822,-0.96623624992719,0.16180018897987922,48
0.07348715240459412,0.14795567332240558,0.5585672674803434,0.0012948540044648528,-127504.24949284755,-0.9854379458907272,0.14778032629945553,48
0.1352109474852038,0.15015434786644177,0.3316193474126852,0.014461406860603994,-513971.64473173046,-0.9470246007366317,0.16710522724688634,48
0.9036966668248841,0.10338598390999608,0.4640664727700201,0.02370399025870279,-265986.37739615055,-0.945084803599627,0.15302937135446523,48
0.36925248419698553,0.1667628480266498,0.6553418960442855,0.05188822276805517,-481830.4985355446,-0.9563076828253378,0.15697530409147012,48
0.2825794949538224,0.1502161118293548,0.2847857976736019,0.004423775487395316,-214458.92541502617,-0.9939044137770101,0.16002238442911265,48
0.14432294116342537,0.15015434786644177,0.2780800267203146,0.014461406860603994,-343353.6923786173,-0.9709171025117085,0.16493176488525194,48
0.8733686658370793,0.13967326034051922,0.6175286071932865,0.005388818749391325,-242313.60519692115,-0.9915597945197137,0.15793456053611396,48
0.06185443919926155,0.14833231561345692,0.5604426870579998,0.005360393131698726,-284608.4796499024,-0.9820409496461905,0.1547310294598827,48
0.6848061665722749,0.100458436589178,0.5649608468924845,0.003916156313336944,-343578.79136890965,-0.9846844752605759,0.17227084368036716,48
0.7444803369586996,0.15015434786644177,0.2780800267203146,0.014461406860603994,-632392.815869687,-0.9543048117209842,0.15009526777513463,49
0.7188876494708696,0.10316351733822793,0.7467136430793982,0.30121640710829056,-322432.33848715323,-0.7699312503171986,0.14576351517183103,49
0.2690974936231182,0.16215304952970547,0.6705363594219576,0.0607316686382349,-309545.64119927166,-0.9400766325421176,0.1474686989849897,49
0.1663679873434678,0.15015434786644177,0.4729130022384551,0.005360393131698726,-221089.97596510276,-0.9893878921076364,0.14423740640519267,49
0.6973884012210998,0.10352911181414097,0.46600109688235725,0.026721275900081387,-270975.551367398,-0.9577943260880227,0.1396836006618035,49
0.19971965571633005,0.1606238600618814,0.6700667369635916,0.014452482134476249,-530941.6749030247,-0.9690489159317801,0.15649162876249847,49
0.36925248419698553,0.16215304952970547,0.6705363594219576,0.0607316686382349,-340561.7360447959,-0.933439516753975,0.14724872660565475,49
0.9110387942200284,0.12408593523157692,0.49376056937517177,0.01599186773410044,-373812.3110901588,-0.976806108518435,0.15600035641953228,49
0.7437732427388861,0.1502161118293548,0.2597557975655722,0.004423775487395316,-366368.6750928387,-0.9864840769025344,0.1723295191706554,49
0.261040530767494,0.1394589004386606,0.4636555072918797,0.0012948540044648528,-272058.15586637094,-0.9933250882170371,0.15167465741246788,49
0.18856300346486415,0.1606238600618814,0.2674835485764079,0.004304440495722966,-446495.1825290546,-0.984974147333307,0.1722647230950882,49
0.06185443919926155,0.14833231561345692,0.5603495254175471,0.005360393131698726,-496593.691787732,-0.9793367655103963,0.16434336165697216,49
0.7444803369586996,0.15015434786644177,0.28956272919810844,0.014461406860603994,-440475.8424061533,-0.98029965311722,0.16360420164124131,49
0.7348759418254533,0.1384786636136191,0.4159612936724446,0.0012948540044648528,-71334.3926184361,-0.9903849134534929,0.151038430034575,49
0.049835676552552,0.12385924418073829,0.5122446656042654,0.005558507231294303,-193743.97073683585,-0.9805213580756197,0.14348479210388876,49
0.796098845751912,0.15262924226777386,0.2788970522648231,0.005360393131698726,-368879.7398792749,-0.9918905375137982,0.1737899757308993,49
0.053940005517556275,0.13229217700195545,0.46636674013103974,0.0014221844959425196,-314487.8745203788,-0.9906418148863841,0.16077313034559204,49
0.06185443919926155,0.14833231561345692,0.5603495254175471,0.056922486966371345,-394292.154621619,-0.9143085025050798,0.1463801113645577,49
0.22870160829029812,0.14833231561345692,0.5296938670237153,0.0052811115621599,-342488.5710679491,-0.9892235634552765,0.15189329477469452,49
0.7108833406729247,0.13785209325945835,0.4159612936724446,0.0012948540044648528,-269873.6863290607,-0.9942209421142046,0.161723918396762,49
0.3689060939450376,0.13893828737550293,0.4225557641322915,0.0009784898468434347,-342642.58206146647,-0.9867211146809377,0.1609865957538054,49
0.17028075002099508,0.15131094099721812,0.5641414667626924,0.004304440495722966,-486046.92295336863,-0.9777164315115069,0.1614939919333883,49
0.796098845751912,0.13967326034051922,0.5149155358275339,0.005360393131698726,-414407.3611377867,-0.9860235612323653,0.1573205859043349,49
0.06185443919926155,0.14853442189766886,0.5701931209837806,0.01184650746538458,-329895.6999638852,-0.9809949632272902,0.1484722513581107,49
0.04272553947184765,0.15297065634022983,0.26920870847227596,0.002239722014611998,-266612.39437068667,-0.9942699869247155,0.1562319559071024,49
0.7188876494708696,0.100458436589178,0.7467136430793982,0.003817941316246659,-267411.5863740111,-0.989986137540893,0.1467762180009628,49
0.7838427447502687,0.13967326034051922,0.5149155358275339,0.005360393131698726,-364489.483885725,-0.9817714966748582,0.1541274476403536,49
0.36842762730701734,0.1394589004386606,0.6645959564155897,8.361738624208803e-05,-196053.96575674802,-0.9944829891881307,0.16059255112307924,49
0.11438796309320398,0.16683533008286394,0.658468329302128,0.32146083439300227,-514983.27903439756,-0.6826457811150481,0.16586252483412742,49
0.11438796309320398,0.16683533008286394,0.658468329302128,0.014072369440576875,-161684.80873056382,-0.9622996852507355,0.1451237257383375,49
0.9543708324542193,0.16214690309801846,0.5702514420899982,0.0012970338540505,-334630.5083543206,-0.986183325608777,0.17227763548862965,49
0.35359049587152247,0.12482776533089912,0.6645959564155897,8.361738624208803e-05,-49808.01662339453,-0.9942018117446207,0.1683241805302218,49
0.7188876494708696,0.100458436589178,0.7467136430793982,0.30121640710829056,-370862.24177178746,-0.7743077198106297,0.15016593822234905,49
0.15112745234808023,0.0944770804718705,0.4776749402850482,0.17172800702416247,-416170.771002175,-0.8363620927479097,0.15546289645653266,49
0.08378317193915491,0.1512184061368433,0.6732361064597085,0.05964813470486878,-310080.21735788643,-0.9226143043242825,0.15136043422190446,49
0.36882027214597635,0.13893828737550293,0.6705363594219576,0.08088615105215521,-458226.263977834,-0.902998987923526,0.15580588754377575,49
0.08300161243437126,0.09127818653728884,0.9098716596102089,0.0596658868124722,-250464.84348828808,-0.8739715316283502,0.14741081478236848,49
0.07348715240459412,0.14795567332240558,0.5585672674803434,0.0012948540044648528,-127504.24949284755,-0.9854379458907272,0.14778032629945553,49
0.167350526223088,0.15015434786644177,0.4729130022384551,0.023394499213153945,-413831.3250372822,-0.96623624992719,0.16180018897987922,49
0.18856300346486415,0.1606238600618814,0.49547861785473635,0.014452482134476249,-72904.68722591556,-0.9681541555871177,0.14525415818882662,49
0.23445439192882384,0.10316351733822793,0.7364265439951192,0.2932862692116337,-383731.7187167979,-0.8518201395130046,0.15377420184661725,49
0.15816052207966924,0.10040393747665169,0.2780800267203146,0.013977166812427194,-462116.7114595632,-0.9768073419991826,0.1695206782770395,49
0.36925248419698553,0.1667628480266498,0.6553418960442855,0.05188822276805517,-481830.4985355446,-0.9563076828253378,0.15697530409147012,49
0.9036966668248841,0.10338598390999608,0.4640664727700201,0.02370399025870279,-265986.37739615055,-0.945084803599627,0.15302937135446523,49
0.14432294116342537,0.15015434786644177,0.2780800267203146,0.014461406860603994,-343353.6923786173,-0.9709171025117085,0.16493176488525194,49
0.1352109474852038,0.15015434786644177,0.3316193474126852,0.014461406860603994,-513971.64473173046,-0.9470246007366317,0.16710522724688634,49
0.06185443919926155,0.14833231561345692,0.5604426870579998,0.005360393131698726,-284608.4796499024,-0.9820409496461905,0.1547310294598827,49
0.8733686658370793,0.13967326034051922,0.6175286071932865,0.005388818749391325,-242313.60519692115,-0.9915597945197137,0.15793456053611396,49
0.22995276143387822,0.1577569632163784,0.5348489114804866,0.004396256449160172,-187990.96373714283,-0.9930896511252746,0.15872160147859452,49
0.2825794949538224,0.1502161118293548,0.2847857976736019,0.004423775487395316,-214458.92541502617,-0.9939044137770101,0.16002238442911265,49
0.7444803369586996,0.15015434786644177,0.2780800267203146,0.014461406860603994,-632392.815869687,-0.9543048117209842,0.15009526777513463,50
0.1663679873434678,0.15015434786644177,0.4729130022384551,0.005360393131698726,-221089.97596510276,-0.9893878921076364,0.14423740640519267,50
0.6973884012210998,0.10352911181414097,0.46600109688235725,0.026721275900081387,-270975.551367398,-0.9577943260880227,0.1396836006618035,50
0.19971965571633005,0.1606238600618814,0.6700667369635916,0.014452482134476249,-530941.6749030247,-0.9690489159317801,0.15649162876249847,50
0.261040530767494,0.1394589004386606,0.4636555072918797,0.0012948540044648528,-272058.15586637094,-0.9933250882170371,0.15167465741246788,50
0.18856300346486415,0.1606238600618814,0.2674835485764079,0.004304440495722966,-446495.1825290546,-0.984974147333307,0.1722647230950882,50
0.06185443919926155,0.14833231561345692,0.5603495254175471,0.005360393131698726,-496593.691787732,-0.9793367655103963,0.16434336165697216,50
0.7444803369586996,0.15015434786644177,0.28956272919810844,0.014461406860603994,-440475.8424061533,-0.98029965311722,0.16360420164124131,50
0.7348759418254533,0.1384786636136191,0.4159612936724446,0.0012948540044648528,-71334.3926184361,-0.9903849134534929,0.151038430034575,50
0.049835676552552,0.12385924418073829,0.5122446656042654,0.005558507231294303,-193743.97073683585,-0.9805213580756197,0.14348479210388876,50
0.796098845751912,0.15262924226777386,0.2788970522648231,0.005360393131698726,-368879.7398792749,-0.9918905375137982,0.1737899757308993,50
0.053940005517556275,0.13229217700195545,0.46636674013103974,0.0014221844959425196,-314487.8745203788,-0.9906418148863841,0.16077313034559204,50
0.22870160829029812,0.14833231561345692,0.5296938670237153,0.0052811115621599,-342488.5710679491,-0.9892235634552765,0.15189329477469452,50
0.7108833406729247,0.13785209325945835,0.4159612936724446,0.0012948540044648528,-269873.6863290607,-0.9942209421142046,0.161723918396762,50
0.17028075002099508,0.15131094099721812,0.5641414667626924,0.004304440495722966,-486046.92295336863,-0.9777164315115069,0.1614939919333883,50
0.796098845751912,0.13967326034051922,0.5149155358275339,0.005360393131698726,-414407.3611377867,-0.9860235612323653,0.1573205859043349,50
0.04272553947184765,0.15297065634022983,0.26920870847227596,0.002239722014611998,-266612.39437068667,-0.9942699869247155,0.1562319559071024,50
0.7188876494708696,0.100458436589178,0.7467136430793982,0.003817941316246659,-267411.5863740111,-0.989986137540893,0.1467762180009628,50
0.36842762730701734,0.1394589004386606,0.6645959564155897,8.361738624208803e-05,-196053.96575674802,-0.9944829891881307,0.16059255112307924,50
0.049835676552552,0.12385924418073829,0.5117608716171766,0.005558507231294303,-410196.83462108066,-0.9884227461117051,0.1448266066743453,50
0.9036966668248841,0.10338598390999608,0.46455026675710887,0.02370399025870279,-458745.9030196971,-0.9562229316879353,0.1454961497208599,50
0.11438796309320398,0.16683533008286394,0.658468329302128,0.32146083439300227,-514983.27903439756,-0.6826457811150481,0.16586252483412742,50
0.36925248419698553,0.1667628480266498,0.6553418960442855,0.05188822276805517,-481830.4985355446,-0.9563076828253378,0.15697530409147012,50
0.1352109474852038,0.15015434786644177,0.3316193474126852,0.014461406860603994,-513971.64473173046,-0.9470246007366317,0.16710522724688634,50
0.15816052207966924,0.10040393747665169,0.2780800267203146,0.013977166812427194,-462116.7114595632,-0.9768073419991826,0.1695206782770395,50
0.167350526223088,0.15015434786644177,0.4729130022384551,0.023394499213153945,-413831.3250372822,-0.96623624992719,0.16180018897987922,50
0.8733686658370793,0.13967326034051922,0.6175286071932865,0.005388818749391325,-242313.60519692115,-0.9915597945197137,0.15793456053611396,50
0.22995276143387822,0.1577569632163784,0.5348489114804866,0.004396256449160172,-187990.96373714283,-0.9930896511252746,0.15872160147859452,50
0.2825794949538224,0.1502161118293548,0.2847857976736019,0.004423775487395316,-214458.92541502617,-0.9939044137770101,0.16002238442911265,50
0.35359049587152247,0.12482776533089912,0.6645959564155897,8.361738624208803e-05,-49808.01662339453,-0.9942018117446207,0.1683241805302218,50
0.9110387942200284,0.12408593523157692,0.49376056937517177,0.01599186773410044,-373812.3110901588,-0.976806108518435,0.15600035641953228,50
0.7437732427388861,0.1502161118293548,0.2597557975655722,0.004423775487395316,-366368.6750928387,-0.9864840769025344,0.1723295191706554,50
0.3689060939450376,0.13893828737550293,0.4225557641322915,0.0009784898468434347,-342642.58206146647,-0.9867211146809377,0.1609865957538054,50
0.06185443919926155,0.14853442189766886,0.5701931209837806,0.01184650746538458,-329895.6999638852,-0.9809949632272902,0.1484722513581107,50
0.7838427447502687,0.13967326034051922,0.5149155358275339,0.005360393131698726,-364489.483885725,-0.9817714966748582,0.1541274476403536,50
0.11438796309320398,0.16683533008286394,0.658468329302128,0.014072369440576875,-161684.80873056382,-0.9622996852507355,0.1451237257383375,50
0.07348715240459412,0.14795567332240558,0.5585672674803434,0.0012948540044648528,-127504.24949284755,-0.9854379458907272,0.14778032629945553,50
0.18856300346486415,0.1606238600618814,0.49547861785473635,0.014452482134476249,-72904.68722591556,-0.9681541555871177,0.14525415818882662,50
0.06185443919926155,0.14833231561345692,0.5604426870579998,0.005360393131698726,-284608.4796499024,-0.9820409496461905,0.1547310294598827,50
0.18856300346486415,0.1606238600618814,0.6477418158392663,0.004304440495722966,-205164.23608979865,-0.9859078553670738,0.15461047123179467,50
0.7188876494708696,0.10316351733822793,0.7467136430793982,0.30121640710829056,-322432.33848715323,-0.7699312503171986,0.14576351517183103,50
0.2690974936231182,0.16215304952970547,0.6705363594219576,0.0607316686382349,-309545.64119927166,-0.9400766325421176,0.1474686989849897,50
0.36925248419698553,0.16215304952970547,0.6705363594219576,0.0607316686382349,-340561.7360447959,-0.933439516753975,0.14724872660565475,50
0.06185443919926155,0.14833231561345692,0.5603495254175471,0.056922486966371345,-394292.154621619,-0.9143085025050798,0.1463801113645577,50
0.15112745234808023,0.0944770804718705,0.4776749402850482,0.17172800702416247,-416170.771002175,-0.8363620927479097,0.15546289645653266,50
0.36882027214597635,0.13893828737550293,0.6705363594219576,0.08088615105215521,-458226.263977834,-0.902998987923526,0.15580588754377575,50
0.08300161243437126,0.09127818653728884,0.9098716596102089,0.0596658868124722,-250464.84348828808,-0.8739715316283502,0.14741081478236848,50
0.7188876494708696,0.100458436589178,0.7467136430793982,0.30121640710829056,-370862.24177178746,-0.7743077198106297,0.15016593822234905,50
0.8982955430080084,0.11064576125199657,0.5358294125362184,0.029648427776342523,-186290.01530362948,-0.9615421045833746,0.15865128153601657,50
0.22870160829029812,0.15595763993864814,0.5296938670237153,0.0052811115621599,-205930.655737307,-0.9881929092545029,0.1620346684192618,50
